time,ecg
0.0,-0.023094795372838515
0.002777777777777778,-0.015644648459746245
0.005555555555555556,0.019711544005924998
0.008333333333333333,-0.06587219566437932
0.011111111111111112,-0.03948383158860016
0.01388888888888889,-0.0173079173659956
0.016666666666666666,0.06387390353599741
0.019444444444444445,0.008312757967795618
0.022222222222222223,0.04035940562881728
0.025,0.04636048263456956
0.02777777777777778,0.010811205848099205
0.030555555555555558,-0.013649202698384617
0.03333333333333333,0.018152597861077688
0.036111111111111115,-0.003166572452698815
0.03888888888888889,0.05979021378070242
0.04166666666666667,0.009833457838469676
0.044444444444444446,0.06606969791531146
0.04722222222222222,0.04500301038967145
0.05,-0.029085738063805593
0.05277777777777778,0.01837930594102339
0.05555555555555556,-0.019077189811704073
0.058333333333333334,0.041294382390029076
0.061111111111111116,0.011020490846072827
0.0638888888888889,-0.015070609385172852
0.06666666666666667,-0.011674526534164117
0.06944444444444445,0.02701259825388444
0.07222222222222223,0.040736242770766824
0.075,-0.03552594580670163
0.07777777777777778,0.001013261685237062
0.08055555555555556,-0.06963737812891373
0.08333333333333334,0.06282327245696531
0.08611111111111111,-0.0006171567564731712
0.08888888888888889,0.010211708700089889
0.09166666666666667,0.00937075864157803
0.09444444444444444,0.020013198797430798
0.09722222222222222,-0.013989325751198985
0.1,0.039079208165576924
0.10277777777777779,0.03846999950494739
0.10555555555555556,0.10250179326981299
0.10833333333333334,0.09758836502666673
0.11111111111111112,0.09543132845902758
0.11388888888888889,0.10644831490577537
0.11666666666666667,0.08880982306952291
0.11944444444444445,0.10149702659376389
0.12222222222222223,0.15141460236308787
0.125,0.17797979334017527
0.1277777777777778,0.18295608914124117
0.13055555555555556,0.17486828073801441
0.13333333333333333,0.21677238127884624
0.13611111111111113,0.14799818681168253
0.1388888888888889,0.27586255979749763
0.14166666666666666,0.28053586844885026
0.14444444444444446,0.2136391564936737
0.14722222222222223,0.2197441393107757
0.15,0.25107619050615665
0.1527777777777778,0.2695703081029097
0.15555555555555556,0.2866531382853241
0.15833333333333333,0.37537368030386675
0.16111111111111112,0.31396013424362573
0.1638888888888889,0.36116032116162383
0.16666666666666669,0.3686235934382758
0.16944444444444445,0.32696570605684255
0.17222222222222222,0.31809759322064013
0.17500000000000002,0.3366388225633645
0.17777777777777778,0.33555778765622984
0.18055555555555555,0.31507488733067823
0.18333333333333335,0.3714648147124339
0.18611111111111112,0.33195769715218376
0.18888888888888888,0.30100360196275583
0.19166666666666668,0.3524273406029393
0.19444444444444445,0.30947628904060115
0.19722222222222224,0.32536228544917317
0.2,0.30197099802254673
0.20277777777777778,0.2586319845273881
0.20555555555555557,0.26645930950894764
0.20833333333333334,0.2616313400724014
0.2111111111111111,0.2830017462761394
0.2138888888888889,0.23422927567455573
0.21666666666666667,0.19421351810813436
0.21944444444444444,0.22797058677510498
0.22222222222222224,0.179186572641517
0.225,0.1746534055255472
0.22777777777777777,0.22448709133852893
0.23055555555555557,0.1572381350025775
0.23333333333333334,0.18157051944041686
0.23611111111111113,0.14789472942091644
0.2388888888888889,0.14404983177943614
0.24166666666666667,0.13554510044022078
0.24444444444444446,0.05732688368678712
0.24722222222222223,0.04541493916093275
0.25,0.047047866230278776
0.25277777777777777,0.057390778929976426
0.2555555555555556,-0.0032506772861497606
0.25833333333333336,0.06004642622303111
0.2611111111111111,-0.005521745733182495
0.2638888888888889,0.03160046161089393
0.26666666666666666,0.04966918017728719
0.26944444444444443,-0.012014981016447594
0.27222222222222225,0.06737402016492394
0.275,-0.0030334910436946236
0.2777777777777778,0.04906436960500267
0.28055555555555556,0.030887501007358195
0.2833333333333333,0.06753830333227562
0.28611111111111115,0.04643673871302599
0.2888888888888889,0.005354539205933172
0.2916666666666667,0.053140402220474184
0.29444444444444445,-0.012416588471936357
0.2972222222222222,0.0911088846206507
0.3,0.032117029452700674
0.3027777777777778,0.030321001255707802
0.3055555555555556,0.06640096760683582
0.30833333333333335,0.09442649593790028
0.3111111111111111,0.056676526807375546
0.3138888888888889,0.020275383937740765
0.31666666666666665,0.0760961101892586
0.3194444444444445,-0.023309985848224742
0.32222222222222224,0.06189188842425374
0.325,0.0686270092990498
0.3277777777777778,0.00010333777245381467
0.33055555555555555,0.0434267813427694
0.33333333333333337,0.035799970061829785
0.33611111111111114,0.02195464121541928
0.3388888888888889,0.09324338002238278
0.3416666666666667,0.07704667037684193
0.34444444444444444,0.0348695219758636
0.3472222222222222,-0.006155866160027296
0.35000000000000003,0.0610620919861729
0.3527777777777778,-0.0078048240701828475
0.35555555555555557,0.013830169417397821
0.35833333333333334,0.10720161697336189
0.3611111111111111,0.03604922254014357
0.36388888888888893,0.03762528976439805
0.3666666666666667,0.08655837271339671
0.36944444444444446,0.06736179017548541
0.37222222222222223,0.04671291259928577
0.375,0.0553893432063791
0.37777777777777777,0.015208906241855141
0.3805555555555556,0.022438224552893817
0.38333333333333336,-0.009067684754190813
0.3861111111111111,0.019287032805069694
0.3888888888888889,-0.004088912515804614
0.39166666666666666,0.07692682882454083
0.3944444444444445,0.0010531190082697997
0.39722222222222225,0.04636804106005622
0.4,0.07101527393200771
0.4027777777777778,0.08078366396756756
0.40555555555555556,0.011754302432691075
0.4083333333333333,0.04176679301811268
0.41111111111111115,0.07831919845658258
0.4138888888888889,0.05149686652501188
0.4166666666666667,0.05066314357140857
0.41944444444444445,0.04575647513639641
0.4222222222222222,0.011768207875197865
0.425,0.03547046102857719
0.4277777777777778,0.0036493158000844433
0.4305555555555556,0.10583863687074224
0.43333333333333335,0.03931148928862535
0.4361111111111111,0.047612039512230614
0.4388888888888889,0.05264016289524526
0.4416666666666667,0.05614729067769103
0.4444444444444445,0.05771695051498714
0.44722222222222224,0.04665855810672164
0.45,0.025051940551382244
0.4527777777777778,0.029793476417372892
0.45555555555555555,0.08844082991267951
0.45833333333333337,0.01749839478256606
0.46111111111111114,0.021270669025588856
0.4638888888888889,0.0686113755477052
0.4666666666666667,0.0774170256503938
0.46944444444444444,0.04967823438973877
0.47222222222222227,0.03345030177819888
0.47500000000000003,0.03461018552187206
0.4777777777777778,0.00227254566036994
0.48055555555555557,0.04061307338303149
0.48333333333333334,0.042873310576138024
0.4861111111111111,0.06374482248461072
0.48888888888888893,0.008578160134559573
0.4916666666666667,0.034487997355678535
0.49444444444444446,0.060441670226826796
0.49722222222222223,0.022787145999307534
0.5,0.009914759811722094
0.5027777777777778,0.01934220316863768
0.5055555555555555,0.030368135320063338
0.5083333333333333,0.06024306452783944
0.5111111111111112,0.02556096626093146
0.513888888888889,0.07532906233778361
0.5166666666666667,0.02818895902026334
0.5194444444444445,0.023791114903627723
0.5222222222222223,0.05968667064538016
0.525,0.03903829969997427
0.5277777777777778,0.0278702779838794
0.5305555555555556,0.016612922132983803
0.5333333333333333,0.10583234280236126
0.5361111111111111,-0.022152085234200307
0.5388888888888889,0.08910416194340584
0.5416666666666667,-0.008327338351557897
0.5444444444444445,0.06637814798246813
0.5472222222222223,0.013446704419037038
0.55,0.011439223763119712
0.5527777777777778,0.04767735539768457
0.5555555555555556,0.05465946868106221
0.5583333333333333,0.059581099381102315
0.5611111111111111,0.05106637685570383
0.5638888888888889,0.06986249804600222
0.5666666666666667,0.11538673926349932
0.5694444444444444,0.09168642821869627
0.5722222222222223,0.018444187212573453
0.5750000000000001,0.05493539580752754
0.5777777777777778,0.05762705581365678
0.5805555555555556,0.008062852278144114
0.5833333333333334,0.017020369314185147
0.5861111111111111,-0.0005692802786689821
0.5888888888888889,0.049482913080832205
0.5916666666666667,0.05718492805225357
0.5944444444444444,0.09622509605765997
0.5972222222222222,0.09534023370008347
0.6,0.000440351355837032
0.6027777777777777,0.024372265884012142
0.6055555555555556,0.055180132152391766
0.6083333333333334,0.045738768968878775
0.6111111111111112,0.045538943104899345
0.6138888888888889,0.11100055569413136
0.6166666666666667,0.012392974672949739
0.6194444444444445,0.06306954648587729
0.6222222222222222,0.08354301709975828
0.625,0.0776125844885451
0.6277777777777778,-0.030168964929050558
0.6305555555555555,0.06948586304865981
0.6333333333333333,0.0035407365158536264
0.6361111111111112,0.033144916993924696
0.638888888888889,0.05412832951940756
0.6416666666666667,0.06880238901681739
0.6444444444444445,0.04680208443504478
0.6472222222222223,0.028690298653967175
0.65,0.03873185785214835
0.6527777777777778,0.020327031452970556
0.6555555555555556,-0.013544839960798347
0.6583333333333333,0.012705983970842785
0.6611111111111111,0.0499913085819806
0.6638888888888889,0.09822188164565374
0.6666666666666667,0.0844920419331924
0.6694444444444445,0.05004047154665396
0.6722222222222223,0.035503978981097785
0.675,0.105837408628411
0.6777777777777778,0.1390382297870333
0.6805555555555556,0.11704526529500094
0.6833333333333333,0.13900669890444103
0.6861111111111111,0.09016595974149869
0.6888888888888889,0.12465162323605906
0.6916666666666667,0.1555625009352448
0.6944444444444444,0.18706446907763402
0.6972222222222223,0.1720504163735948
0.7000000000000001,0.17366377665169866
0.7027777777777778,0.1918949758619805
0.7055555555555556,0.22093137792918371
0.7083333333333334,0.18969876602983096
0.7111111111111111,0.19492883045630474
0.7138888888888889,0.18966927910999365
0.7166666666666667,0.18027750480314797
0.7194444444444444,0.20551402676095243
0.7222222222222222,0.12609711272413698
0.725,0.16592789373618694
0.7277777777777779,0.14731344950772068
0.7305555555555556,0.12805728486597825
0.7333333333333334,0.12147881464829942
0.7361111111111112,0.05524795451020854
0.7388888888888889,0.11743806322120529
0.7416666666666667,0.09148407313948723
0.7444444444444445,0.04028489974116657
0.7472222222222222,0.061308422991082065
0.75,0.08404606566794748
0.7527777777777778,0.07603305403393339
0.7555555555555555,0.038326375305356944
0.7583333333333334,0.03645719876576327
0.7611111111111112,0.09815483178038797
0.763888888888889,0.052579049182526795
0.7666666666666667,0.019193372150876502
0.7694444444444445,0.02436058019316455
0.7722222222222223,0.1127582334621409
0.775,0.07610583934523096
0.7777777777777778,0.025380749168081303
0.7805555555555556,0.0748466050277755
0.7833333333333333,0.09129109383801484
0.7861111111111111,0.022391891265900413
0.788888888888889,-0.04381299642294566
0.7916666666666667,-0.06234148437521868
0.7944444444444445,-0.13158289931286282
0.7972222222222223,-0.1719147375575587
0.8,-0.12184260708551327
0.8027777777777778,-0.1409897850754907
0.8055555555555556,-0.03907850928275488
0.8083333333333333,-0.022886188830916983
0.8111111111111111,0.052039220501180226
0.8138888888888889,0.5172220225055654
0.8166666666666667,1.0075137600965378
0.8194444444444445,1.3511641849350724
0.8222222222222223,1.4947522723805255
0.8250000000000001,1.5593777732242313
0.8277777777777778,1.3469942358481348
0.8305555555555556,0.9899083133263624
0.8333333333333334,0.570099480543603
0.8361111111111111,0.03295920826059637
0.8388888888888889,-0.01627317509944444
0.8416666666666667,-0.15130454072606536
0.8444444444444444,-0.2200076442427286
0.8472222222222222,-0.22291637496584177
0.85,-0.2654930855008035
0.8527777777777779,-0.27026253655446764
0.8555555555555556,-0.20719841193658137
0.8583333333333334,-0.08728429847569408
0.8611111111111112,-0.055132933902972976
0.8638888888888889,0.04803810265705272
0.8666666666666667,0.02385868873910607
0.8694444444444445,0.0010726235085447566
0.8722222222222222,0.07107107506571167
0.875,0.053668421061519984
0.8777777777777778,0.07227893644900624
0.8805555555555555,0.032194460711004874
0.8833333333333334,-0.0015452076953413468
0.8861111111111112,-0.0070038106622653945
0.888888888888889,0.13347654230541017
0.8916666666666667,0.022348075656451808
0.8944444444444445,0.02826074910913033
0.8972222222222223,0.019226207883509813
0.9,0.018966070727795884
0.9027777777777778,0.08734989189587336
0.9055555555555556,0.09005042242319167
0.9083333333333333,0.09204624490136021
0.9111111111111111,0.15194748755114523
0.913888888888889,0.14637635483502315
0.9166666666666667,0.08607196950610776
0.9194444444444445,0.10477773431075058
0.9222222222222223,0.15873201811175275
0.925,0.1752905771716269
0.9277777777777778,0.1885116611806548
0.9305555555555556,0.22841893019594484
0.9333333333333333,0.19109491743630308
0.9361111111111111,0.21702239700566361
0.9388888888888889,0.23103863199867922
0.9416666666666667,0.25644208320502915
0.9444444444444445,0.28023490043657817
0.9472222222222223,0.28922397608691286
0.9500000000000001,0.33923952662134305
0.9527777777777778,0.34359674857240063
0.9555555555555556,0.25702247203706596
0.9583333333333334,0.32000740803449185
0.9611111111111111,0.33712865925343166
0.9638888888888889,0.3023617889935775
0.9666666666666667,0.32066380531469985
0.9694444444444444,0.3557742298848301
0.9722222222222222,0.32320663825843793
0.9750000000000001,0.31235342765132135
0.9777777777777779,0.34024755272230983
0.9805555555555556,0.3668183837317046
0.9833333333333334,0.36435904526724416
0.9861111111111112,0.40769834904487495
0.9888888888888889,0.33790281819453977
0.9916666666666667,0.3268490671282891
0.9944444444444445,0.33036888952537924
0.9972222222222222,0.35063710776031354
1.0,0.35779046014841503
1.0027777777777778,0.3260180984373126
1.0055555555555555,0.3280444905119141
1.0083333333333333,0.33899577096040695
1.011111111111111,0.32002587409102057
1.0138888888888888,0.2936636022943773
1.0166666666666666,0.28741453004932876
1.0194444444444444,0.31654376433425563
1.0222222222222224,0.25965505377979703
1.0250000000000001,0.23749888591083063
1.027777777777778,0.18792517271453582
1.0305555555555557,0.22568998910634339
1.0333333333333334,0.21865419161552593
1.0361111111111112,0.17433238935618192
1.038888888888889,0.20463527388787192
1.0416666666666667,0.16043764993515885
1.0444444444444445,0.11446918314794566
1.0472222222222223,0.1721730122257702
1.05,0.16572083299465867
1.0527777777777778,0.08092579479425216
1.0555555555555556,0.055507368559145905
1.0583333333333333,0.05025260889025581
1.0611111111111111,0.07022557582740947
1.0638888888888889,0.06102678128909614
1.0666666666666667,0.024652720226173437
1.0694444444444444,0.01139713335936119
1.0722222222222222,0.0779822091934823
1.075,0.04067149577138404
1.0777777777777777,0.07183118085915412
1.0805555555555555,0.018696282326637337
1.0833333333333335,0.051108924027054844
1.0861111111111112,0.05295225741425352
1.088888888888889,0.06392075494371989
1.0916666666666668,0.02930497257618444
1.0944444444444446,0.0883236187815465
1.0972222222222223,0.02796795350473906
1.1,-0.006752169250181184
1.1027777777777779,0.07401212193820308
1.1055555555555556,0.011627394436013419
1.1083333333333334,0.011841855130090458
1.1111111111111112,0.026639031545815102
1.113888888888889,0.02356908913580981
1.1166666666666667,0.10307911865193647
1.1194444444444445,0.10871408926058854
1.1222222222222222,0.06729461274247278
1.125,0.049080188028284864
1.1277777777777778,0.07423414177913781
1.1305555555555555,0.03908312412163207
1.1333333333333333,0.06942458551549051
1.136111111111111,0.017847722436002758
1.1388888888888888,0.056500826197959306
1.1416666666666666,-0.005456521789893948
1.1444444444444446,0.08004174263061012
1.1472222222222224,0.04473210372550539
1.1500000000000001,0.022920747308544865
1.152777777777778,0.0990970502770866
1.1555555555555557,0.034958033183285546
1.1583333333333334,0.053751751162461586
1.1611111111111112,0.02572489200053822
1.163888888888889,0.07480016946798002
1.1666666666666667,0.06780593151780002
1.1694444444444445,0.030008559198179775
1.1722222222222223,-0.0004408636597363416
1.175,0.07683840872032703
1.1777777777777778,0.06860322196196741
1.1805555555555556,0.055139970352049
1.1833333333333333,0.06758720420535326
1.1861111111111111,0.024351113489312154
1.1888888888888889,0.07921987955950735
1.1916666666666667,0.03836377897260463
1.1944444444444444,-0.0058648304498811615
1.1972222222222222,0.034326788046043125
1.2,0.07088264149958848
1.2027777777777777,0.09162138974769393
1.2055555555555555,0.061156890337004235
1.2083333333333335,0.05610447476194543
1.2111111111111112,0.054218197232484486
1.213888888888889,0.0059089213355461925
1.2166666666666668,0.011663067895167863
1.2194444444444446,0.0070910921633133735
1.2222222222222223,0.06795467947601741
1.225,-0.05944979084226173
1.2277777777777779,0.06554361964600984
1.2305555555555556,0.037761545531264123
1.2333333333333334,0.02775692520104151
1.2361111111111112,0.009958091410406208
1.238888888888889,0.01101986975504566
1.2416666666666667,0.028444923887525102
1.2444444444444445,0.04964462530260228
1.2472222222222222,0.07188762227968956
1.25,0.04432075235745438
1.2527777777777778,0.051914421266903835
1.2555555555555555,0.04030825149970857
1.2583333333333333,0.021045995723009157
1.261111111111111,0.041089282795175305
1.2638888888888888,0.05287162446384483
1.2666666666666666,0.03122899676877375
1.2694444444444446,0.06840146649829087
1.2722222222222224,0.04977584119001495
1.2750000000000001,0.045735089201893654
1.277777777777778,0.056387382286246845
1.2805555555555557,0.0037112188995551895
1.2833333333333334,0.016343094316284397
1.2861111111111112,0.05906225986166236
1.288888888888889,0.023959558361948935
1.2916666666666667,-0.023430020276593702
1.2944444444444445,0.016758686598301514
1.2972222222222223,0.0006452721255441884
1.3,0.023643972422734125
1.3027777777777778,0.06488926063388456
1.3055555555555556,0.02636393041840454
1.3083333333333333,0.020553952754655793
1.3111111111111111,0.010069400278114538
1.3138888888888889,0.03483180911022032
1.3166666666666667,-0.002876058801089751
1.3194444444444444,-0.015790186856663446
1.3222222222222222,0.04315550348741045
1.325,0.05381341212386831
1.3277777777777777,-0.014080573586394047
1.3305555555555557,-0.0001995911882245044
1.3333333333333335,0.01167310149556585
1.3361111111111112,0.04345465458376535
1.338888888888889,0.0025775026809414896
1.3416666666666668,0.05115846798249289
1.3444444444444446,0.03772633308939623
1.3472222222222223,0.022368305694397194
1.35,0.048633504075862664
1.3527777777777779,0.0646655973396557
1.3555555555555556,0.02891921228245658
1.3583333333333334,0.05392613782015558
1.3611111111111112,0.019082709404076872
1.363888888888889,0.012858467452632392
1.3666666666666667,0.04443602744919686
1.3694444444444445,0.04355214080312696
1.3722222222222222,0.06468134525022844
1.375,0.05224102321389684
1.3777777777777778,0.04383740307361823
1.3805555555555555,0.051297169189525205
1.3833333333333333,0.03796230882103066
1.386111111111111,0.038482220336276116
1.3888888888888888,0.033032001164497365
1.3916666666666668,0.02749994900307005
1.3944444444444446,0.014786349252637549
1.3972222222222224,0.00958863195287456
1.4000000000000001,0.004618857288722054
1.402777777777778,-0.0423333813426259
1.4055555555555557,0.05103022917513987
1.4083333333333334,-0.04606989575110436
1.4111111111111112,-0.01988141443888552
1.413888888888889,0.03421497757807781
1.4166666666666667,0.02744817972303841
1.4194444444444445,0.00038007717339283084
1.4222222222222223,0.015422175028050981
1.425,-0.01733796585954136
1.4277777777777778,0.022394624945757995
1.4305555555555556,0.032996478671458454
1.4333333333333333,0.0035375779786843593
1.4361111111111111,0.011296228567674904
1.4388888888888889,-0.015261215439011943
1.4416666666666667,-0.013665380713646126
1.4444444444444444,0.03516786574596606
1.4472222222222222,0.015616623798952376
1.45,0.016199913886796233
1.4527777777777777,0.00839498858648488
1.4555555555555557,-0.005040006288988257
1.4583333333333335,0.05513369555710901
1.4611111111111112,-0.012921799011934736
1.463888888888889,0.0013911085671531667
1.4666666666666668,-0.01851587535875814
1.4694444444444446,0.031994869686454666
1.4722222222222223,0.013631145231689129
1.475,0.008999706698050473
1.4777777777777779,0.07062325276794086
1.4805555555555556,-0.009742286028516994
1.4833333333333334,-0.006435313703880504
1.4861111111111112,0.024278931079655668
1.488888888888889,0.07088878123564532
1.4916666666666667,0.016451305321618
1.4944444444444445,-0.007462556607616171
1.4972222222222222,0.054545738439927036
1.5,0.07703902821497147
1.5027777777777778,0.013251620352002984
1.5055555555555555,0.016387597898161008
1.5083333333333333,0.04681866157249411
1.511111111111111,0.037552015386151535
1.5138888888888888,0.013360650031499829
1.5166666666666668,0.05571615533701381
1.5194444444444446,0.02491480116986734
1.5222222222222224,0.06481789126633743
1.5250000000000001,0.07718902691972004
1.527777777777778,0.04817471075618582
1.5305555555555557,0.12016464011956442
1.5333333333333334,0.06539008887698133
1.5361111111111112,0.19006086422394802
1.538888888888889,0.06461667181314006
1.5416666666666667,0.11921652238264684
1.5444444444444445,0.1606406130566627
1.5472222222222223,0.1563198124394882
1.55,0.14381092854833283
1.5527777777777778,0.16681932197573068
1.5555555555555556,0.15253877331491902
1.5583333333333333,0.19108352750942903
1.5611111111111111,0.1616887710038212
1.5638888888888889,0.16860270864327628
1.5666666666666667,0.14250500176501596
1.5694444444444444,0.20045034540843804
1.5722222222222222,0.12917707430434658
1.575,0.03737872683263457
1.577777777777778,0.12085632542441514
1.5805555555555557,0.059133915887469066
1.5833333333333335,0.0799643264296763
1.5861111111111112,0.058429868114941816
1.588888888888889,0.062133644970902804
1.5916666666666668,0.0650168426612284
1.5944444444444446,-0.02356918513242024
1.5972222222222223,0.021092790479984004
1.6,0.016659288635968
1.6027777777777779,-0.031841134476129504
1.6055555555555556,0.0015586285586432057
1.6083333333333334,-0.021459386590511248
1.6111111111111112,-0.00023396946360173133
1.613888888888889,0.04821755529887932
1.6166666666666667,0.006148528843320216
1.6194444444444445,-0.013011694701533134
1.6222222222222222,0.0011753496694133399
1.625,-0.0011420718048804354
1.6277777777777778,-0.014617285205519644
1.6305555555555555,-0.014510704139667142
1.6333333333333333,0.033152182461251095
1.636111111111111,-0.059501719756597245
1.638888888888889,-0.1403723765257203
1.6416666666666668,-0.16916391800899028
1.6444444444444446,-0.2199768749870363
1.6472222222222224,-0.17562288526441705
1.6500000000000001,-0.22088367576151774
1.652777777777778,-0.09799522249626301
1.6555555555555557,-0.0047007476216468225
1.6583333333333334,-0.001247809934756134
1.6611111111111112,0.5146973045152916
1.663888888888889,0.998333444620478
1.6666666666666667,1.2678437416786332
1.6694444444444445,1.4511487139714336
1.6722222222222223,1.4899916071295611
1.675,1.3135557463989906
1.6777777777777778,0.9329832535168893
1.6805555555555556,0.49659519740559394
1.6833333333333333,0.007081375797444458
1.6861111111111111,-0.13116051265655135
1.6888888888888889,-0.16592804608327505
1.6916666666666667,-0.24777528520868355
1.6944444444444444,-0.31830456178020844
1.6972222222222222,-0.3309865531606985
1.7,-0.27472550817092684
1.702777777777778,-0.26400264489358477
1.7055555555555557,-0.21132761614560233
1.7083333333333335,-0.1260279777774485
1.7111111111111112,-0.05641970219261435
1.713888888888889,-0.000643924784641032
1.7166666666666668,-0.04444235174154006
1.7194444444444446,0.01612623171463711
1.7222222222222223,0.02778439066466449
1.725,-0.03827486584031948
1.7277777777777779,-0.023410941242333613
1.7305555555555556,-0.038427198444514546
1.7333333333333334,0.062151278405412416
1.7361111111111112,0.041115170289250304
1.738888888888889,-0.04036700089548658
1.7416666666666667,0.0041224519924389115
1.7444444444444445,-0.03337523503499858
1.7472222222222222,-0.03694904646303605
1.75,-0.0435093063763612
1.7527777777777778,-0.025296038113500542
1.7555555555555555,0.05940218634240575
1.7583333333333333,0.0333704348407418
1.761111111111111,0.050179465935952565
1.763888888888889,0.072165490448036
1.7666666666666668,0.05639676711556745
1.7694444444444446,0.09646919050073124
1.7722222222222224,0.1450332723051599
1.7750000000000001,0.1006559610648346
1.777777777777778,0.10161720915297488
1.7805555555555557,0.16259837150136167
1.7833333333333334,0.21005597604716914
1.7861111111111112,0.21933178289642405
1.788888888888889,0.22162465577043539
1.7916666666666667,0.22331587868989677
1.7944444444444445,0.22621076395670195
1.7972222222222223,0.2524712044340667
1.8,0.20579324980095878
1.8027777777777778,0.23085176184706924
1.8055555555555556,0.261509447758109
1.8083333333333333,0.2775793769693484
1.8111111111111111,0.2816623805945997
1.8138888888888889,0.2827018098437854
1.8166666666666667,0.25834273398262375
1.8194444444444444,0.2715700855484068
1.8222222222222222,0.3373904145771859
1.8250000000000002,0.3087083407330884
1.827777777777778,0.24571969869446164
1.8305555555555557,0.25215787244685545
1.8333333333333335,0.2519211801153165
1.8361111111111112,0.30769255618227664
1.838888888888889,0.2890979881681639
1.8416666666666668,0.2705933233848131
1.8444444444444446,0.22117540278294506
1.8472222222222223,0.2784364622466443
1.85,0.21556943081226307
1.8527777777777779,0.24543870731428158
1.8555555555555556,0.2492011799677496
1.8583333333333334,0.24105256333405928
1.8611111111111112,0.20777697633784425
1.863888888888889,0.2499559100468951
1.8666666666666667,0.14129442844164924
1.8694444444444445,0.1984494502916035
1.8722222222222222,0.24372167108264778
1.875,0.09812658555373682
1.8777777777777778,0.13094556993634845
1.8805555555555555,0.16032044287554076
1.8833333333333333,0.15258089568284158
1.8861111111111113,0.11180294281575066
1.888888888888889,0.10006165504608601
1.8916666666666668,0.0637257345859966
1.8944444444444446,0.07610633443333022
1.8972222222222224,0.012079697966475268
1.9000000000000001,0.05655716559686973
1.902777777777778,-0.0072996384393582
1.9055555555555557,0.0025032409496536356
1.9083333333333334,0.037641727510436464
1.9111111111111112,-0.0759155527658579
1.913888888888889,-0.03685789249172808
1.9166666666666667,-0.007747677742945361
1.9194444444444445,-0.045074717609920587
1.9222222222222223,0.003425751875029786
1.925,0.0214525035282935
1.9277777777777778,-0.02116554892955955
1.9305555555555556,0.0005145051788653064
1.9333333333333333,-0.021303704127372668
1.9361111111111111,-0.03184399618156764
1.9388888888888889,-0.007935993547633153
1.9416666666666667,-0.040504935090949504
1.9444444444444444,-0.08336987105127461
1.9472222222222222,-0.04519128463257871
1.9500000000000002,-0.06475382562658566
1.952777777777778,-0.038249286367605856
1.9555555555555557,-0.06626466964936464
1.9583333333333335,-0.04266044452795256
1.9611111111111112,-0.02090813898875508
1.963888888888889,0.004356090714435636
1.9666666666666668,-0.011122346949918122
1.9694444444444446,-0.04832975963759181
1.9722222222222223,-0.008073366565726402
1.975,-0.00629485966434621
1.9777777777777779,-0.06286333721395791
1.9805555555555556,-0.07093385150084396
1.9833333333333334,-0.035906127292557745
1.9861111111111112,0.010020348533339087
1.988888888888889,0.0009801248420741905
1.9916666666666667,-0.03639148749243758
1.9944444444444445,-0.014170529319294065
1.9972222222222222,-0.058941206023520654
2.0,-0.040378737184968136
2.0027777777777778,-0.05295004825732581
2.0055555555555555,-0.05070337938667452
2.0083333333333333,-0.07930182307302158
2.011111111111111,-0.013383968186588758
2.013888888888889,0.007914543448003263
2.0166666666666666,-0.06180663664245527
2.0194444444444444,-0.04226660872800447
2.022222222222222,-0.025002592548625753
2.025,-0.032315514240371726
2.0277777777777777,-0.013637169667095089
2.0305555555555554,-0.02581261779280172
2.033333333333333,-0.004171877097373343
2.036111111111111,-0.06736847653365338
2.0388888888888888,-0.02354880965041077
2.041666666666667,-0.0361625852783283
2.0444444444444447,-0.05843405033299157
2.0472222222222225,-0.020960357895333175
2.0500000000000003,-0.05636813150413049
2.052777777777778,-0.021825642499424584
2.055555555555556,-0.007372343418960075
2.0583333333333336,0.00829148423321937
2.0611111111111113,-0.025457872979469685
2.063888888888889,-0.050648936776134704
2.066666666666667,-0.029529141488171432
2.0694444444444446,-0.0438569117591818
2.0722222222222224,-0.009260527966390413
2.075,0.00033303899387179814
2.077777777777778,-0.06534061808363965
2.0805555555555557,-0.08068622043880508
2.0833333333333335,-0.09620461342259698
2.0861111111111112,-0.07422025127066549
2.088888888888889,-0.11681494085152216
2.091666666666667,-0.021885553578008983
2.0944444444444446,0.035684551118568546
2.0972222222222223,-0.06188353925137957
2.1,-0.027601180303315452
2.102777777777778,-0.019023336358179894
2.1055555555555556,-0.05952175919679721
2.1083333333333334,-0.0023554206257579632
2.111111111111111,-0.07097941201631978
2.113888888888889,-0.06534562984761194
2.1166666666666667,-0.028039080897325167
2.1194444444444445,-0.06213533533881394
2.1222222222222222,0.008820421256145662
2.125,-0.05602847528282527
2.1277777777777778,-0.04376579637219757
2.1305555555555555,-0.07944507907762452
2.1333333333333333,0.02591695890846102
2.136111111111111,-0.01587769441303632
2.138888888888889,-0.017338812981733183
2.1416666666666666,-0.005026081025076193
2.1444444444444444,-0.06976782434199764
2.147222222222222,-0.0776343150733754
2.15,-0.004701388991539365
2.1527777777777777,-0.019851057335551526
2.1555555555555554,-0.03077560104838878
2.158333333333333,-0.009310880201745333
2.161111111111111,-0.05232695607581547
2.1638888888888888,-0.07503492185552627
2.166666666666667,-0.06967618461120567
2.1694444444444447,-0.058678278625413666
2.1722222222222225,-0.03165204632645196
2.1750000000000003,-0.05558858595329067
2.177777777777778,-0.055279346112871414
2.180555555555556,-0.05998616929524473
2.1833333333333336,-0.0774172147748112
2.1861111111111113,-0.0887275332126728
2.188888888888889,-0.07060684307856863
2.191666666666667,-0.015007072124105496
2.1944444444444446,-0.08099891266353337
2.1972222222222224,-0.04573851850384589
2.2,-0.022969476759562006
2.202777777777778,-0.07423718579553357
2.2055555555555557,-0.11848622407491265
2.2083333333333335,0.0338744207649418
2.2111111111111112,-0.029247959994616712
2.213888888888889,-0.07013491247337415
2.216666666666667,-0.05529381558899382
2.2194444444444446,-0.03830052187796723
2.2222222222222223,-0.11130089663389972
2.225,-0.040891037460319114
2.227777777777778,-0.04602744529420004
2.2305555555555556,-0.01923450297162421
2.2333333333333334,-0.03681621899533508
2.236111111111111,-0.04314874931503149
2.238888888888889,-0.02436048013451944
2.2416666666666667,-0.08861004359757846
2.2444444444444445,0.014534838154306937
2.2472222222222222,-0.05333453633715573
2.25,-0.06314846795050263
2.2527777777777778,-0.047423819081435926
2.2555555555555555,-0.04690392600742584
2.2583333333333333,-0.05353262656425925
2.261111111111111,-0.010829711337763864
2.263888888888889,-0.08624183087334569
2.2666666666666666,-0.047156206523139586
2.2694444444444444,-0.050818568236176025
2.272222222222222,-0.033674824873322906
2.275,0.00020362237581839776
2.2777777777777777,-0.04424763935228073
2.2805555555555554,-0.09142265568347856
2.283333333333333,-0.04035552382377094
2.286111111111111,-0.05711084780178535
2.288888888888889,-0.11189043092271453
2.291666666666667,-0.06479493168254077
2.2944444444444447,-0.03255821967027805
2.2972222222222225,0.028386534309824595
2.3000000000000003,-0.008053577822080271
2.302777777777778,-0.05395199985987553
2.305555555555556,-0.045029167158322135
2.3083333333333336,-0.08748242106639735
2.3111111111111113,-0.060469326138883256
2.313888888888889,-0.06091186112039598
2.316666666666667,-0.08723299029382764
2.3194444444444446,-0.044800234438259263
2.3222222222222224,-0.06211995638801222
2.325,-0.032462569044796746
2.327777777777778,-0.034353436647584626
2.3305555555555557,-0.06909821505894008
2.3333333333333335,0.012171952823158548
2.3361111111111112,-0.006094840273796979
2.338888888888889,-0.0391117058315151
2.341666666666667,0.04693772547326175
2.3444444444444446,0.004618179090201699
2.3472222222222223,0.03162791947351903
2.35,0.06783791009315579
2.352777777777778,0.021123949613818208
2.3555555555555556,0.08719852104131459
2.3583333333333334,0.0782778094187566
2.361111111111111,0.14105450487946194
2.363888888888889,0.07451510226416871
2.3666666666666667,0.13220804181734916
2.3694444444444445,0.10429090649021162
2.3722222222222222,0.05419531292100188
2.375,0.13606696240932536
2.3777777777777778,0.10736915409881742
2.3805555555555555,0.08442935356768617
2.3833333333333333,0.1087370390755924
2.386111111111111,0.033529342506746634
2.388888888888889,0.07782429725611381
2.3916666666666666,0.0836901971848639
2.3944444444444444,0.02997055980678293
2.397222222222222,0.044340653406151856
2.4,0.04043872606928235
2.4027777777777777,0.006433195366985437
2.4055555555555554,0.04256368736889945
2.408333333333333,-0.04710040667333245
2.411111111111111,-0.05890337714983134
2.413888888888889,-0.0586221069511877
2.416666666666667,-0.05630539346934443
2.4194444444444447,-0.05334084272505862
2.4222222222222225,-0.08685648856502276
2.4250000000000003,-0.04385718070179203
2.427777777777778,-0.08031158394250754
2.430555555555556,-0.05246237880322306
2.4333333333333336,-0.04167087366825778
2.4361111111111113,-0.026581487374622213
2.438888888888889,-0.07168334905360829
2.441666666666667,-0.039921875499141585
2.4444444444444446,-0.06354183362605546
2.4472222222222224,-0.08133084704678836
2.45,-0.03121278612211411
2.452777777777778,-0.0796724752223002
2.4555555555555557,-0.0851299344484161
2.4583333333333335,-0.21019906669354896
2.4611111111111112,-0.19814581825320557
2.463888888888889,-0.269527494931513
2.466666666666667,-0.2567664120205703
2.4694444444444446,-0.2041480500893866
2.4722222222222223,-0.16977964251397437
2.475,-0.07345057678724883
2.477777777777778,-0.04176416824054523
2.4805555555555556,0.4686107273961934
2.4833333333333334,0.9086220637663627
2.486111111111111,1.226594211870296
2.488888888888889,1.384666263041244
2.4916666666666667,1.453158280270081
2.4944444444444445,1.2413754232978982
2.4972222222222222,0.8922393636012491
2.5,0.42922212052297287
2.5027777777777778,-0.047776711713262664
2.5055555555555555,-0.1545167721562999
2.5083333333333333,-0.2460586170797472
2.511111111111111,-0.3632428806680662
2.513888888888889,-0.300691687771499
2.5166666666666666,-0.2899235554291777
2.5194444444444444,-0.32520088331848934
2.522222222222222,-0.2515611134040799
2.525,-0.20688156009769507
2.5277777777777777,-0.1538333471751694
2.5305555555555554,-0.022239719288327228
2.533333333333333,-0.08329621406778769
2.5361111111111114,-0.04185824232506203
2.538888888888889,-0.12112850698278674
2.541666666666667,-0.014162435215512012
2.5444444444444447,-0.07410835863644155
2.5472222222222225,-0.0590160750274868
2.5500000000000003,-0.052294622246957856
2.552777777777778,-0.06599631031219017
2.555555555555556,0.0007009611761035414
2.5583333333333336,-0.06417409979291672
2.5611111111111113,-0.04491860609713155
2.563888888888889,-0.01446088210673694
2.566666666666667,-0.05647287822870886
2.5694444444444446,0.044891301884196703
2.5722222222222224,-0.023095328358435377
2.575,-0.046158643328436916
2.577777777777778,0.024942999204477803
2.5805555555555557,0.008403963204202721
2.5833333333333335,0.04056586475658848
2.5861111111111112,0.05680012582977854
2.588888888888889,0.0818716604526863
2.591666666666667,0.07653815309000545
2.5944444444444446,0.10561016045500249
2.5972222222222223,0.11429896485493418
2.6,0.12330162174516726
2.602777777777778,0.12589899475882063
2.6055555555555556,0.14769413457820993
2.6083333333333334,0.16574595655098437
2.611111111111111,0.1536318466633036
2.613888888888889,0.2089297239937114
2.6166666666666667,0.143315411856803
2.6194444444444445,0.20782743726768807
2.6222222222222222,0.24816359581188174
2.625,0.20745357057270045
2.6277777777777778,0.23946257145407307
2.6305555555555555,0.2863328269345971
2.6333333333333333,0.2042834335099318
2.636111111111111,0.2643723398543742
2.638888888888889,0.2316688156861566
2.6416666666666666,0.25325925414025374
2.6444444444444444,0.2839633300995407
2.647222222222222,0.26327052221936026
2.65,0.24871233319225192
2.6527777777777777,0.22777967465492924
2.6555555555555554,0.2596939179177234
2.658333333333333,0.2642317348467372
2.6611111111111114,0.22060330521579674
2.663888888888889,0.2249339938820825
2.666666666666667,0.22977660170549852
2.6694444444444447,0.22141110086567017
2.6722222222222225,0.17922042932126453
2.6750000000000003,0.2237787096703471
2.677777777777778,0.19508585724231098
2.680555555555556,0.2571402576139919
2.6833333333333336,0.26308200709598273
2.6861111111111113,0.1363514725653476
2.688888888888889,0.18670693957899787
2.691666666666667,0.14255688350262447
2.6944444444444446,0.1479545121375966
2.6972222222222224,0.12654729921683186
2.7,0.11722693687994352
2.702777777777778,0.11373768410131237
2.7055555555555557,0.10206011189340738
2.7083333333333335,0.10671858544130322
2.7111111111111112,0.054764331459009094
2.713888888888889,0.07443788569824722
2.716666666666667,0.04664995621736247
2.7194444444444446,-0.03381565056675297
2.7222222222222223,0.007128981311953556
2.725,0.0018295259581918386
2.727777777777778,-0.06240447896704651
2.7305555555555556,-0.060559064941948265
2.7333333333333334,-0.041306534196048565
2.736111111111111,-0.03219197215380766
2.738888888888889,-0.03009677875720407
2.7416666666666667,-0.04043979307952251
2.7444444444444445,-0.08310120702755291
2.7472222222222222,-0.0020013674488110478
2.75,0.008809753997550823
2.7527777777777778,0.0027223775461682406
2.7555555555555555,-0.061789240728883844
2.7583333333333333,-0.09403419286912332
2.761111111111111,-0.024685263749175963
2.763888888888889,-0.054239586040822976
2.7666666666666666,-0.07423207533976892
2.7694444444444444,-0.06016503664823834
2.772222222222222,-0.08577865333382131
2.775,-0.014615763523571062
2.7777777777777777,-0.05191070878490618
2.7805555555555554,-0.013954151951491817
2.7833333333333337,-0.05295588565425328
2.7861111111111114,0.00837111926990948
2.788888888888889,-0.1182257512217241
2.791666666666667,-0.03424400609730052
2.7944444444444447,0.012122282991342402
2.7972222222222225,-0.05127790316940507
2.8000000000000003,-0.10807063580833082
2.802777777777778,-0.06168667942295464
2.805555555555556,-0.08941182180814408
2.8083333333333336,-0.05578287670376413
2.8111111111111113,-0.04729752839285285
2.813888888888889,-0.019926510992785848
2.816666666666667,-0.03658409928335273
2.8194444444444446,-0.04804031724438505
2.8222222222222224,0.021110594396113153
2.825,-0.0024341829642203633
2.827777777777778,-0.015703847945412814
2.8305555555555557,-0.08154788399813916
2.8333333333333335,-0.07806274763805435
2.8361111111111112,-0.0474117101083792
2.838888888888889,-0.04013507286439023
2.841666666666667,-0.03871371759458842
2.8444444444444446,-0.04810223650903521
2.8472222222222223,-0.0314464503630356
2.85,-0.07850084732529172
2.852777777777778,-0.10331117164352158
2.8555555555555556,-0.05486909349979898
2.8583333333333334,-0.04138800764988121
2.861111111111111,-0.054386682827834425
2.863888888888889,-0.06656479807637765
2.8666666666666667,-0.026710456245456725
2.8694444444444445,-0.017725951117732817
2.8722222222222222,-0.03788599411878558
2.875,-0.06898936677782788
2.8777777777777778,-0.0013946280002548397
2.8805555555555555,0.0025408943804779774
2.8833333333333333,-0.054438544342538794
2.886111111111111,-0.05776714720506437
2.888888888888889,-0.0466875415036567
2.8916666666666666,-0.06958146872164264
2.8944444444444444,-0.0036669261268979514
2.897222222222222,-0.02436484587172801
2.9,-0.0650424285084374
2.9027777777777777,-0.04509623786244747
2.9055555555555554,-0.012866072173990297
2.9083333333333337,-0.08287446902630463
2.9111111111111114,-0.021759781058384338
2.913888888888889,-0.051021255289262615
2.916666666666667,-0.06125564031384083
2.9194444444444447,-0.002367582288712221
2.9222222222222225,-0.02349987902374681
2.9250000000000003,-0.06176685790154933
2.927777777777778,-0.021808094796652813
2.930555555555556,-0.03551167584265267
2.9333333333333336,-0.013225372105380918
2.9361111111111113,-0.07311934519318576
2.938888888888889,-0.07011147690453651
2.941666666666667,-0.032976416396337714
2.9444444444444446,-0.016171079217712683
2.9472222222222224,0.03895720268953442
2.95,-0.02668809446746057
2.952777777777778,-0.010677948199857196
2.9555555555555557,-0.05021994881459884
2.9583333333333335,-0.055677004326860124
2.9611111111111112,0.016650415322377335
2.963888888888889,-0.004526405088502248
2.966666666666667,-0.054320172095427874
2.9694444444444446,-0.04268293491731173
2.9722222222222223,-0.040723700179061684
2.975,-0.03748852294846457
2.977777777777778,-0.030260304763086603
2.9805555555555556,-0.0701956793471373
2.9833333333333334,-0.04859734722055485
2.986111111111111,-0.10060464520331938
2.988888888888889,-0.04315733246045439
2.9916666666666667,-0.005588218591288604
2.9944444444444445,-0.03035165761331119
2.9972222222222222,-0.010215747932416742
3.0,-0.0338640415862404
3.0027777777777778,-0.038344072304254136
3.0055555555555555,-0.01168098941516213
3.0083333333333333,-0.01088769917559074
3.011111111111111,-0.059008164780625615
3.013888888888889,0.011722795625843711
3.0166666666666666,-0.00343864751968238
3.0194444444444444,-0.007975035908010498
3.022222222222222,-0.029635424572104583
3.025,-0.0010294933694448317
3.0277777777777777,-0.02526583764542193
3.030555555555556,-0.05597679995570609
3.0333333333333337,-0.020352915610190238
3.0361111111111114,-0.03957262159931204
3.038888888888889,-0.043933671174501254
3.041666666666667,-0.061761213999053065
3.0444444444444447,-0.0031204994819233264
3.0472222222222225,-0.05235729200900456
3.0500000000000003,-0.06394081881574465
3.052777777777778,-0.01674893730134678
3.055555555555556,-0.009091506768152402
3.0583333333333336,-0.036372025589958834
3.0611111111111113,0.056314796169478515
3.063888888888889,-0.006288375416767116
3.066666666666667,-0.030851841513905336
3.0694444444444446,-0.08233649090799447
3.0722222222222224,-0.0050079189287274735
3.075,-0.027578346783645857
3.077777777777778,-0.007053869255605361
3.0805555555555557,0.012441550798077915
3.0833333333333335,-0.008409104572251054
3.0861111111111112,-0.011134762468738676
3.088888888888889,-0.015361173154173617
3.091666666666667,-0.007891668059290995
3.0944444444444446,-0.0392868798030548
3.0972222222222223,-0.03648350584194823
3.1,-0.0003439931800346234
3.102777777777778,0.007323688618213833
3.1055555555555556,0.012618415582387719
3.1083333333333334,-0.06323722675285917
3.111111111111111,-0.046716971895766554
3.113888888888889,-0.01092940929433838
3.1166666666666667,-0.018929181319441834
3.1194444444444445,-0.026912310840961552
3.1222222222222222,-0.027898186427638312
3.125,-0.037626378386856965
3.1277777777777778,-0.04504981851725053
3.1305555555555555,-0.012355002586237018
3.1333333333333333,-0.05199462177241383
3.136111111111111,0.018251202151537044
3.138888888888889,0.004974066290097369
3.1416666666666666,-0.03246893273196555
3.1444444444444444,-0.015534790737156919
3.147222222222222,-0.02047778257664052
3.15,-0.00980424052253743
3.1527777777777777,-0.024159998331395066
3.155555555555556,-0.030525697802239973
3.1583333333333337,-0.021414986183801086
3.1611111111111114,-0.018235063072244807
3.163888888888889,-0.0014271746040313196
3.166666666666667,-0.03444700686987096
3.1694444444444447,0.033010061687459805
3.1722222222222225,0.06358597571596622
3.1750000000000003,-0.0047659818231070294
3.177777777777778,0.017247501653958046
3.180555555555556,0.10954481538605337
3.1833333333333336,0.10048381826635812
3.1861111111111113,0.13059057560288218
3.188888888888889,0.1289375693883164
3.191666666666667,0.0913432990746648
3.1944444444444446,0.1614801226206252
3.1972222222222224,0.14886767972999726
3.2,0.1715507229236821
3.202777777777778,0.15521510826517865
3.2055555555555557,0.14531901724684979
3.2083333333333335,0.13600622140673263
3.2111111111111112,0.09907365437576547
3.213888888888889,0.12976561039945653
3.216666666666667,0.0765148023858997
3.2194444444444446,0.2061480365222542
3.2222222222222223,0.11540921005689755
3.225,0.032123498218210304
3.227777777777778,0.04052496101720406
3.2305555555555556,0.07537785960600223
3.2333333333333334,0.08577921894101201
3.236111111111111,-0.015277777008495697
3.238888888888889,0.009175031220206332
3.2416666666666667,-0.006774190653760448
3.2444444444444445,-0.021056929967188907
3.2472222222222222,-0.04013283274983723
3.25,-0.008663858448111085
3.2527777777777778,0.01788657122672669
3.2555555555555555,-0.020882872263304434
3.2583333333333333,-0.01565081024028315
3.261111111111111,0.06330003982558349
3.263888888888889,-0.02625885935346304
3.2666666666666666,0.017450118345893304
3.2694444444444444,-0.03450829637091506
3.272222222222222,-0.015390711439684264
3.275,-0.008010944233700815
3.277777777777778,-0.06470058189678934
3.280555555555556,-0.011135929083282481
3.2833333333333337,-0.04457338778033601
3.2861111111111114,-0.04860085558835328
3.288888888888889,-0.18767703847211897
3.291666666666667,-0.17088739110448045
3.2944444444444447,-0.18652620403334383
3.2972222222222225,-0.19913512196771962
3.3000000000000003,-0.18497967792895212
3.302777777777778,-0.09765516410792757
3.305555555555556,-0.090518914405091
3.3083333333333336,-0.024614308534983097
3.3111111111111113,0.4641489511058803
3.313888888888889,0.9267186651864905
3.316666666666667,1.2643100879995044
3.3194444444444446,1.4889593678928636
3.3222222222222224,1.5449443064869381
3.325,1.3171371290219502
3.327777777777778,0.9760304339489393
3.3305555555555557,0.5044760537090024
3.3333333333333335,0.021447054713711097
3.3361111111111112,-0.10886576038639464
3.338888888888889,-0.18172189422107815
3.341666666666667,-0.2275406408725672
3.3444444444444446,-0.32271294758743146
3.3472222222222223,-0.30134435199109394
3.35,-0.23515823506814124
3.352777777777778,-0.19653518098664913
3.3555555555555556,-0.14938332260170675
3.3583333333333334,-0.0598566154645859
3.361111111111111,-0.0061570849543111025
3.363888888888889,-0.02414375511096151
3.3666666666666667,0.018970316939881878
3.3694444444444445,-0.014664659772774594
3.3722222222222222,0.056418714578412285
3.375,0.030880383284145333
3.3777777777777778,-0.015776807121406326
3.3805555555555555,0.0022651793911176634
3.3833333333333333,0.015262304346570055
3.386111111111111,0.01496679359328789
3.388888888888889,0.05277724081376904
3.3916666666666666,0.007855487845856792
3.3944444444444444,0.005500570619773119
3.397222222222222,0.023803538427857613
3.4,0.03820141480485581
3.402777777777778,-0.017231913411418807
3.405555555555556,0.04428802240550264
3.4083333333333337,0.084372395958946
3.4111111111111114,0.11208664372054576
3.413888888888889,0.10285064014289977
3.416666666666667,0.09508768781157706
3.4194444444444447,0.08772581225821736
3.4222222222222225,0.1394116811288966
3.4250000000000003,0.17557139899879431
3.427777777777778,0.2002127366572769
3.430555555555556,0.16874055854344708
3.4333333333333336,0.17486591783190072
3.4361111111111113,0.20892630328932485
3.438888888888889,0.22650616790339584
3.441666666666667,0.20073898960535452
3.4444444444444446,0.23469139719127874
3.4472222222222224,0.2950841552287511
3.45,0.2670358470432903
3.452777777777778,0.3386687056132052
3.4555555555555557,0.3332197067046151
3.4583333333333335,0.2628709042508471
3.4611111111111112,0.26301205220468044
3.463888888888889,0.2958563915122546
3.466666666666667,0.29900643118997833
3.4694444444444446,0.3119647923151271
3.4722222222222223,0.2856439970921139
3.475,0.3083599747383118
3.477777777777778,0.34142884773685533
3.4805555555555556,0.3342333030436391
3.4833333333333334,0.3211878446665767
3.486111111111111,0.2866910827720207
3.488888888888889,0.28609625087670953
3.4916666666666667,0.3269025094250228
3.4944444444444445,0.29975430236987066
3.4972222222222222,0.29860254555669463
3.5,0.27121938377408794
3.5027777777777778,0.28775955555852273
3.5055555555555555,0.31256584791558784
3.5083333333333333,0.29146097979934643
3.511111111111111,0.28018700165654
3.513888888888889,0.26387987724501716
3.5166666666666666,0.23305073304373633
3.5194444444444444,0.2870699658522191
3.522222222222222,0.29040856259997855
3.5250000000000004,0.2245061445267666
3.527777777777778,0.22841422792610355
3.530555555555556,0.1982743094459424
3.5333333333333337,0.19641547657244163
3.5361111111111114,0.15326803481778684
3.538888888888889,0.09870978266089933
3.541666666666667,0.11394192430439734
3.5444444444444447,0.13624665610960537
3.5472222222222225,0.0902351169649796
3.5500000000000003,0.09970535210091648
3.552777777777778,0.09140838081931191
3.555555555555556,0.13740106753645884
3.5583333333333336,0.06434337495559977
3.5611111111111113,0.027214676934371268
3.563888888888889,-0.010276187100296826
3.566666666666667,0.05302591201943556
3.5694444444444446,0.02123511642788216
3.5722222222222224,0.016568144267146444
3.575,0.051051095933795296
3.577777777777778,0.022414488446120456
3.5805555555555557,0.030960914294392232
3.5833333333333335,-0.009908167187361254
3.5861111111111112,0.046532416689443176
3.588888888888889,-0.09963106000184249
3.591666666666667,0.014176487975790466
3.5944444444444446,0.017126789430395188
3.5972222222222223,-0.006072917922203588
3.6,0.0017898192798733586
3.602777777777778,0.01090278301682617
3.6055555555555556,0.009752997109522854
3.6083333333333334,0.08942326569144775
3.611111111111111,0.0014005105853789994
3.613888888888889,0.0006743095358622761
3.6166666666666667,0.03220158335189384
3.6194444444444445,0.030880234698736696
3.6222222222222222,0.018228820245122786
3.625,0.1012711260898015
3.6277777777777778,0.04408281778489588
3.6305555555555555,0.008559119307345806
3.6333333333333333,0.022991090782947424
3.636111111111111,0.039400498556592285
3.638888888888889,0.026018162976456975
3.6416666666666666,0.045732071817035716
3.6444444444444444,0.03659823806198311
3.647222222222222,-0.00532778047080849
3.6500000000000004,-0.005378156554404871
3.652777777777778,0.034759124849690404
3.655555555555556,0.0023661205629318185
3.6583333333333337,0.01998558834566158
3.6611111111111114,0.01472091658174205
3.663888888888889,0.05441638405841606
3.666666666666667,-0.010489747928626465
3.6694444444444447,0.011119529937759363
3.6722222222222225,0.035718597021136736
3.6750000000000003,0.046875826246592436
3.677777777777778,0.040587816380849566
3.680555555555556,0.05130521545624228
3.6833333333333336,0.05524889549816547
3.6861111111111113,-0.022765289624970476
3.688888888888889,0.07967301236701191
3.691666666666667,0.04089717067713398
3.6944444444444446,0.04677088452633557
3.6972222222222224,0.02565436948711816
3.7,0.08204793155121781
3.702777777777778,0.10401965324883457
3.7055555555555557,0.07465492758650968
3.7083333333333335,-0.004361327732533574
3.7111111111111112,-0.011902494516450784
3.713888888888889,0.08454714202018772
3.716666666666667,0.04149063917443563
3.7194444444444446,0.053596132664169155
3.7222222222222223,0.04858834097776345
3.725,0.01771165399017361
3.727777777777778,0.0052073793288751336
3.7305555555555556,0.044242379654445455
3.7333333333333334,0.03411666588529671
3.736111111111111,0.030032461412530777
3.738888888888889,0.0775270488958007
3.7416666666666667,0.05710774601111948
3.7444444444444445,0.0038138317405574766
3.7472222222222222,0.03419156460126519
3.75,0.03158559473388983
3.7527777777777778,0.06132363741642902
3.7555555555555555,0.03042109549142088
3.7583333333333333,0.03701127451336153
3.761111111111111,0.00448561301043901
3.763888888888889,0.05810687077957198
3.7666666666666666,0.03750757210831656
3.7694444444444444,0.04659059975395751
3.7722222222222226,0.014839208280359714
3.7750000000000004,0.0015322995093560166
3.777777777777778,0.04107364942123518
3.780555555555556,0.028587268441946388
3.7833333333333337,0.007769138035477727
3.7861111111111114,0.010914295761852537
3.788888888888889,0.07456229169675493
3.791666666666667,0.02232153943165627
3.7944444444444447,0.02365134323317824
3.7972222222222225,0.012955993965605338
3.8000000000000003,-0.015683412689794535
3.802777777777778,0.024520173336748996
3.805555555555556,0.03083407097685103
3.8083333333333336,0.030499425540619365
3.8111111111111113,0.0744894495988786
3.813888888888889,-0.0028754942862751903
3.816666666666667,0.01913876858225244
3.8194444444444446,-0.011185558289401404
3.8222222222222224,0.060197907566702874
3.825,0.049347471431794826
3.827777777777778,0.019165759218723807
3.8305555555555557,0.06777539186923509
3.8333333333333335,0.008956164941790211
3.8361111111111112,0.01593767832616087
3.838888888888889,0.06491752467141754
3.841666666666667,0.06044174885246219
3.8444444444444446,0.07136100359489653
3.8472222222222223,0.056960666749930194
3.85,0.09308070568641924
3.852777777777778,0.07743266502748519
3.8555555555555556,0.056958173356715845
3.8583333333333334,0.08487902457461893
3.861111111111111,0.03508117584341136
3.863888888888889,0.04049804071530902
3.8666666666666667,0.06557283629203232
3.8694444444444445,-0.004624327317756416
3.8722222222222222,0.07507178500045608
3.875,0.11170173165531719
3.8777777777777778,0.021196554556871222
3.8805555555555555,0.004056831050979363
3.8833333333333333,0.05810544817326006
3.886111111111111,0.06765493849471826
3.888888888888889,0.08065398564564814
3.8916666666666666,0.011627786996488518
3.8944444444444444,0.03819238084923507
3.8972222222222226,0.06543944269004959
3.9000000000000004,0.024966078777116246
3.902777777777778,0.03993591919612294
3.905555555555556,0.020792903130258715
3.9083333333333337,0.032628230860307084
3.9111111111111114,0.05469058510190433
3.913888888888889,0.028201382520383955
3.916666666666667,0.0027015499049630257
3.9194444444444447,0.04575471700346733
3.9222222222222225,0.005126164286478427
3.9250000000000003,0.08900481795289282
3.927777777777778,0.03995878065445621
3.930555555555556,0.042377227744727915
3.9333333333333336,0.07782879380528142
3.9361111111111113,0.06118191511420376
3.938888888888889,0.0867737692866663
3.941666666666667,0.04601597645405376
3.9444444444444446,0.03990305184144096
3.9472222222222224,0.040649996470600434
3.95,0.044148329836734695
3.952777777777778,-0.020280085209811123
3.9555555555555557,0.008136946962785468
3.9583333333333335,0.06115618294653113
3.9611111111111112,0.06852851788342437
3.963888888888889,0.07265508231391314
3.966666666666667,0.03458639786141467
3.9694444444444446,0.029830890989992483
3.9722222222222223,0.05710183134923498
3.975,0.005600872478592728
3.977777777777778,0.025172546234749238
3.9805555555555556,0.024248815445582453
3.9833333333333334,0.06422903116070428
3.986111111111111,0.043843886805511684
3.988888888888889,0.07765153016448118
3.9916666666666667,0.08645386631966312
3.9944444444444445,0.09336464715617081
3.9972222222222222,0.14489048097605026
4.0,0.14629037225136576
4.002777777777778,0.14026756147954617
4.0055555555555555,0.15367787766382204
4.008333333333334,0.16154853032675912
4.011111111111111,0.11934887470164848
4.013888888888889,0.17956046847159288
4.016666666666667,0.17666146489573648
4.019444444444445,0.1986010744049921
4.022222222222222,0.1708803413836367
4.025,0.1962179110287093
4.027777777777778,0.19310772198874487
4.030555555555556,0.17353776621771838
4.033333333333333,0.20293543781065274
4.036111111111111,0.20728544834683024
4.038888888888889,0.21029358804808496
4.041666666666667,0.16666756293830842
4.044444444444444,0.20235644603061528
4.0472222222222225,0.13918023697679074
4.05,0.1142229253303909
4.052777777777778,0.07207174721101145
4.055555555555555,0.07446719097453439
4.058333333333334,0.05407282081219579
4.061111111111111,0.03177080906959309
4.063888888888889,-0.006502565132109235
4.066666666666666,0.03316038289735538
4.069444444444445,0.036068523823784025
4.072222222222222,0.04106381165391994
4.075,0.0770221301182516
4.0777777777777775,0.051119548764661134
4.080555555555556,0.07096663698326547
4.083333333333334,0.04333133681638572
4.086111111111111,0.07385879538473572
4.0888888888888895,0.10903371082696077
4.091666666666667,0.04574800734209805
4.094444444444445,0.02929962163354604
4.097222222222222,0.03776978472578126
4.1000000000000005,0.0669972151871513
4.102777777777778,0.04925450770290409
4.105555555555556,-0.028940115872039172
4.108333333333333,-0.12388401327160692
4.111111111111112,-0.11189545288298056
4.113888888888889,-0.1363201680711546
4.116666666666667,-0.13955031772449872
4.1194444444444445,-0.11340334681405398
4.122222222222223,-0.12746899226519598
4.125,-0.03633957279678682
4.127777777777778,0.05732191564342377
4.1305555555555555,0.5913534708936131
4.133333333333334,0.9617555863289932
4.136111111111111,1.3303289978972026
4.138888888888889,1.4988974168368492
4.141666666666667,1.5198125711007868
4.144444444444445,1.3511502714454757
4.147222222222222,1.0221060230277155
4.15,0.5289642197239809
4.152777777777778,0.09835573615039506
4.155555555555556,-0.09625584951729968
4.158333333333333,-0.14684382912997343
4.161111111111111,-0.15107212117671476
4.163888888888889,-0.27256985343553886
4.166666666666667,-0.28977403349205677
4.169444444444444,-0.2816730727730684
4.1722222222222225,-0.22220241425691606
4.175,-0.14657786562335812
4.177777777777778,-0.019276738106458132
4.180555555555555,0.016078286320578734
4.183333333333334,0.026161222014061243
4.186111111111111,0.04990050949127232
4.188888888888889,0.027230319150329228
4.191666666666666,0.02917750672767478
4.194444444444445,0.03980789582428941
4.197222222222222,0.0036014280704008486
4.2,0.06348658105123431
4.2027777777777775,0.1194167875320577
4.205555555555556,0.07301097739842932
4.208333333333334,0.08223741567310668
4.211111111111111,0.01575852273458906
4.2138888888888895,0.04512200348369088
4.216666666666667,0.062417997887696156
4.219444444444445,0.034530319179985544
4.222222222222222,0.08501567741624642
4.2250000000000005,0.06942116123536092
4.227777777777778,0.04166538596811551
4.230555555555556,0.1295429533233178
4.233333333333333,0.1592461752892539
4.236111111111112,0.14925825762751246
4.238888888888889,0.1249217837432521
4.241666666666667,0.1209109182181077
4.2444444444444445,0.20249106080522977
4.247222222222223,0.2394086623309083
4.25,0.19899053203229017
4.252777777777778,0.22016694384818225
4.2555555555555555,0.262472828462137
4.258333333333334,0.29539348671389093
4.261111111111111,0.27653575509870065
4.263888888888889,0.29983271941358786
4.266666666666667,0.2955424382267358
4.269444444444445,0.33454805287206674
4.272222222222222,0.25560910700718753
4.275,0.2951559219153207
4.277777777777778,0.33845913963839985
4.280555555555556,0.32728465126855044
4.283333333333333,0.359084619383905
4.286111111111111,0.31174122607807103
4.288888888888889,0.3639407010980149
4.291666666666667,0.36948382195747426
4.294444444444444,0.3904079295033034
4.2972222222222225,0.313534738771858
4.3,0.28937070683536065
4.302777777777778,0.37305238416124054
4.305555555555555,0.3206161262267399
4.308333333333334,0.3363210651402776
4.311111111111111,0.376378085530887
4.313888888888889,0.2949561368843151
4.316666666666666,0.3362049840614284
4.319444444444445,0.25926093578664083
4.322222222222222,0.3203046072578953
4.325,0.39550512660395426
4.3277777777777775,0.32504795136920345
4.330555555555556,0.30445143783207906
4.333333333333334,0.25004618363112807
4.336111111111111,0.3132956461919946
4.3388888888888895,0.27169984307461553
4.341666666666667,0.22897572869538793
4.344444444444445,0.2530189882568048
4.347222222222222,0.2556721942962752
4.3500000000000005,0.2340032644194057
4.352777777777778,0.19697258816848734
4.355555555555556,0.1661633087294362
4.358333333333333,0.17931053208066786
4.361111111111112,0.15220149580700398
4.363888888888889,0.13602436952621264
4.366666666666667,0.15325383660321457
4.3694444444444445,0.07436291426415917
4.372222222222223,0.09797007729903691
4.375,0.03853436436699763
4.377777777777778,0.04291500699928963
4.3805555555555555,0.06743888878169682
4.383333333333334,0.03776677616134588
4.386111111111111,0.04757388810770908
4.388888888888889,0.07418579438890066
4.391666666666667,0.04868671916556351
4.394444444444445,0.013926238489744648
4.397222222222222,0.02156755047186519
4.4,0.03003833040122999
4.402777777777778,0.01769829846609647
4.405555555555556,0.05973187526674948
4.408333333333333,0.04063768265189648
4.411111111111111,0.017487865906027095
4.413888888888889,0.0717842034951846
4.416666666666667,0.07455944284656285
4.419444444444444,0.06404176101196608
4.4222222222222225,0.061199384593443026
4.425,0.01314584983661769
4.427777777777778,0.03309940746085067
4.430555555555555,0.060138033420802386
4.433333333333334,0.058040832563049094
4.436111111111111,0.042163552366903306
4.438888888888889,-0.004937888658690201
4.441666666666666,0.03409531639393605
4.444444444444445,-0.0025702502823180054
4.447222222222222,0.06780172662554373
4.45,0.05493973322721382
4.452777777777778,0.09778588278669859
4.455555555555556,0.06209155115489765
4.458333333333334,0.05522513344346603
4.461111111111111,-0.0028615940256727784
4.4638888888888895,0.02316163980451696
4.466666666666667,-0.016794617419788015
4.469444444444445,0.03408021927283432
4.472222222222222,0.05105136263925414
4.4750000000000005,0.02816793735806021
4.477777777777778,0.0549348735286573
4.480555555555556,0.018575461445114867
4.483333333333333,0.044066140003016833
4.486111111111112,0.03810425937010106
4.488888888888889,0.03050726551488
4.491666666666667,0.05853770570462824
4.4944444444444445,0.018130257698601573
4.497222222222223,0.01455566287842127
4.5,0.01843394548828865
4.502777777777778,0.006111690621009726
4.5055555555555555,0.08743369984616475
4.508333333333334,0.01330296804142169
4.511111111111111,0.016081938518167024
4.513888888888889,0.04992707527202385
4.516666666666667,0.027735744849538654
4.519444444444445,0.012173840435458012
4.522222222222222,0.01960271117905273
4.525,0.0434075420883781
4.527777777777778,0.026472197289143302
4.530555555555556,0.031832034179166344
4.533333333333333,0.04498274707756116
4.536111111111111,0.06902107714633819
4.538888888888889,0.00867122756987267
4.541666666666667,0.03172017100729052
4.544444444444444,0.03379157221997519
4.5472222222222225,0.01608975030138758
4.55,0.0370573814301306
4.552777777777778,0.05700219508302626
4.555555555555555,-0.002186371337282625
4.558333333333334,0.03634045490927427
4.561111111111111,-0.010807579167621761
4.563888888888889,0.05895989069933946
4.566666666666666,0.10860644533668634
4.569444444444445,0.0427751237613155
4.572222222222222,0.04705346461256703
4.575,0.0892794595102479
4.577777777777778,-0.0019349081253755979
4.580555555555556,0.03987428875964277
4.583333333333334,0.0009502786853388678
4.586111111111111,0.054251236105588685
4.5888888888888895,0.05650061935219794
4.591666666666667,-0.02438892272264242
4.594444444444445,0.013725061328636514
4.597222222222222,0.08017562007649637
4.6000000000000005,0.026743933991430026
4.602777777777778,0.032369778148813
4.605555555555556,0.03726790917807184
4.608333333333333,0.0903510011335863
4.611111111111112,0.021825530602479996
4.613888888888889,0.10721515963114261
4.616666666666667,0.027713450447704215
4.6194444444444445,0.07054667588579346
4.622222222222223,0.01354161762022944
4.625,0.03349553403874927
4.627777777777778,0.04827101197090749
4.6305555555555555,-0.020084540511229272
4.633333333333334,0.050653525897709634
4.636111111111111,-0.005193709872842608
4.638888888888889,-0.0059910616910041625
4.641666666666667,0.015742307745711524
4.644444444444445,0.03567150431506505
4.647222222222222,0.079023195456426
4.65,0.08620530035277194
4.652777777777778,0.04847612535480558
4.655555555555556,0.04099517357545823
4.658333333333333,0.046944074457885204
4.661111111111111,0.010366891026927703
4.663888888888889,0.01188529580788444
4.666666666666667,0.0032422397682907063
4.669444444444444,0.0006313679451863119
4.6722222222222225,-0.004690772964303116
4.675,0.007083773827441638
4.677777777777778,0.020242126303705026
4.680555555555555,0.03442565387412422
4.683333333333334,0.03682822924476335
4.686111111111111,0.023930521771590347
4.688888888888889,0.04614533259088088
4.691666666666666,0.0277402244884987
4.694444444444445,-0.031249688205542615
4.697222222222222,0.03608164599440562
4.7,-0.01996266073483195
4.702777777777778,0.026716558943812568
4.705555555555556,0.050650066947759316
4.708333333333334,-0.01718624736531569
4.711111111111111,-0.021565960579147385
4.7138888888888895,-0.024566300421181672
4.716666666666667,0.05721936256920866
4.719444444444445,0.01693906792393706
4.722222222222222,0.034164141304530146
4.7250000000000005,-0.014765904955476666
4.727777777777778,0.030840133968409244
4.730555555555556,0.049515207954060725
4.733333333333333,-0.006006436066079635
4.736111111111112,-0.004357839922341948
4.738888888888889,0.020060881990171482
4.741666666666667,-0.04236716652733692
4.7444444444444445,0.008779414744299809
4.747222222222223,-0.053623413073488085
4.75,0.01059286404852395
4.752777777777778,0.0016610238942795612
4.7555555555555555,0.001392854431757802
4.758333333333334,0.051267966543033464
4.761111111111111,0.0541744747357572
4.763888888888889,-0.028411503277302456
4.766666666666667,0.05236076465260773
4.769444444444445,-0.02668153017274063
4.772222222222222,0.045070914985494245
4.775,0.027310136174806383
4.777777777777778,0.03143772554865078
4.780555555555556,-0.022331793861696755
4.783333333333333,0.051234624715228855
4.786111111111111,0.005116165296324285
4.788888888888889,0.031592338746899054
4.791666666666667,0.022453439313717478
4.794444444444444,0.01630084763459437
4.7972222222222225,0.032400137900663546
4.8,-0.0670439751732963
4.802777777777778,0.0035099518015855
4.805555555555555,0.0579360628001168
4.808333333333334,0.0031568270395404257
4.811111111111111,-0.033543044542445305
4.813888888888889,0.021576073971956915
4.816666666666666,0.02156091724176408
4.819444444444445,0.04716278905110894
4.822222222222222,0.054607714799520216
4.825,0.0589777175434965
4.827777777777778,0.018476987549133895
4.830555555555556,-0.019330212816771424
4.833333333333334,0.012273057513711386
4.836111111111111,0.0348396696081719
4.8388888888888895,0.07486411158119767
4.841666666666667,0.04021869895960224
4.844444444444445,0.02766366991440728
4.847222222222222,0.04081726154802587
4.8500000000000005,0.05094190988033748
4.852777777777778,0.0781670005102971
4.855555555555556,0.06124370445739867
4.858333333333333,0.060864934000970476
4.861111111111112,0.10934554502791792
4.863888888888889,0.15060305906318655
4.866666666666667,0.16360043686704848
4.8694444444444445,0.14731255045881195
4.872222222222223,0.1572631313849643
4.875,0.16158337260839167
4.877777777777778,0.22322114109321176
4.8805555555555555,0.16241474968552763
4.883333333333334,0.18301475920143895
4.886111111111111,0.1365805991085718
4.888888888888889,0.16882983655363426
4.891666666666667,0.14261232486602327
4.894444444444445,0.08759509865223518
4.897222222222222,0.09569222795409278
4.9,0.14056803778791455
4.902777777777778,0.12069680261902571
4.905555555555556,0.08075452710823344
4.908333333333333,0.09596642283060969
4.911111111111111,0.09408153523898524
4.913888888888889,0.013311277707388068
4.916666666666667,0.05140910661195185
4.919444444444444,-0.012939135536881585
4.9222222222222225,0.0718863721992726
4.925,0.047413044572149746
4.927777777777778,0.062486296705951946
4.930555555555555,0.05987531693989931
4.933333333333334,0.014853616161336429
4.936111111111111,0.031334988302515854
4.938888888888889,-0.015285057421029643
4.941666666666666,0.008500694761844839
4.944444444444445,-0.00450742556524822
4.947222222222223,-0.01226436754629801
4.95,-0.016753975695415292
4.952777777777778,0.02460290987052029
4.955555555555556,0.027256499043049786
4.958333333333334,0.004130188313076399
4.961111111111111,-0.0847326835048472
4.9638888888888895,-0.13277191133442928
4.966666666666667,-0.14049723924448512
4.969444444444445,-0.1390106749592911
4.972222222222222,-0.14977903529892128
4.9750000000000005,-0.13043899643445533
4.977777777777778,-0.09495012742175166
4.980555555555556,-0.11973888458239537
4.983333333333333,0.04016894304549862
4.986111111111112,0.5236401409940733
4.988888888888889,0.956200956718972
4.991666666666667,1.3155768465315039
4.9944444444444445,1.455353472095162
4.997222222222223,1.447473657094218
5.0,1.3455924087335271
5.002777777777778,0.9589834147543215
5.0055555555555555,0.49296644694046554
5.008333333333334,0.020717145513212604
5.011111111111111,-0.13182787549285493
5.013888888888889,-0.18897992312221337
5.016666666666667,-0.26009698473924936
5.019444444444445,-0.2784399172714639
5.022222222222222,-0.3169314640921479
5.025,-0.2629169682713465
5.027777777777778,-0.24047860417526604
5.030555555555556,-0.19990728229477903
5.033333333333333,-0.09065011864934483
5.036111111111111,-0.038339552144583365
5.038888888888889,0.02082077470159175
5.041666666666667,0.0283106301562158
5.044444444444444,0.00850014661829193
5.0472222222222225,-0.018079061485317717
5.05,-0.004114559882720077
5.052777777777778,-0.0412208221791791
5.055555555555555,-0.04306003696750847
5.058333333333334,-0.040415869542018354
5.061111111111111,-0.009569211983653436
5.063888888888889,-0.05677900582818561
5.066666666666666,0.012088568898642954
5.069444444444445,-0.05065309315262735
5.072222222222223,-0.01992319385182506
5.075,-0.04373402885442512
5.077777777777778,0.08033732268788932
5.080555555555556,0.0444892388092546
5.083333333333334,0.049999585774056936
5.086111111111111,0.07077849530885338
5.0888888888888895,0.05661322611752645
5.091666666666667,0.015170459487265253
5.094444444444445,0.1411824994452356
5.097222222222222,0.14559411356681712
5.1000000000000005,0.13831603059420017
5.102777777777778,0.17322870848426586
5.105555555555556,0.13267412040716597
5.108333333333333,0.15517335229804877
5.111111111111112,0.12513111726496076
5.113888888888889,0.15991946142489502
5.116666666666667,0.1613790021915572
5.1194444444444445,0.1905351203687467
5.122222222222223,0.21873122083018154
5.125,0.25321707845263725
5.127777777777778,0.2576133504665126
5.1305555555555555,0.24392572831329049
5.133333333333334,0.25522180545132883
5.136111111111111,0.27952132761261944
5.138888888888889,0.2795392001626685
5.141666666666667,0.3525630269747444
5.144444444444445,0.28515862314533097
5.147222222222222,0.31667206614236987
5.15,0.28119472133370854
5.152777777777778,0.2842184100212808
5.155555555555556,0.3403973236918229
5.158333333333333,0.2706696504428681
5.161111111111111,0.27000172574799347
5.163888888888889,0.26851771660618257
5.166666666666667,0.2547703801616777
5.169444444444444,0.2500773870336023
5.1722222222222225,0.2697483099971569
5.175,0.2776480180999188
5.177777777777778,0.22232385939711163
5.180555555555555,0.23976592611126413
5.183333333333334,0.22032355896003517
5.186111111111111,0.23516856115858104
5.188888888888889,0.27636079965483024
5.191666666666666,0.20392721121716997
5.194444444444445,0.16707219087668954
5.197222222222223,0.21506388983489882
5.2,0.22778321861616582
5.202777777777778,0.1592837102856913
5.205555555555556,0.09830663659921587
5.208333333333334,0.17683995732582528
5.211111111111111,0.09008284508961316
5.2138888888888895,0.11546261063066696
5.216666666666667,0.13826315068122735
5.219444444444445,0.08144150099202219
5.222222222222222,0.06647336914916438
5.2250000000000005,0.023186605351821935
5.227777777777778,0.023948962752201368
5.230555555555556,-6.788879580129671e-05
5.233333333333333,0.07500908065491589
5.236111111111112,0.009072525615027034
5.238888888888889,-0.03007013646386659
5.241666666666667,-0.01454597163986888
5.2444444444444445,-0.049712900801591256
5.247222222222223,0.031401708490955194
5.25,-0.026296610348865202
5.252777777777778,-0.003802909404563553
5.2555555555555555,-0.0015523861041880395
5.258333333333334,-0.008306919293800261
5.261111111111111,-0.002369527569181587
5.263888888888889,-0.041412124017309454
5.266666666666667,-0.037563229934386606
5.269444444444445,0.0077964181539242165
5.272222222222222,0.0011959619469854334
5.275,-0.04458721550823177
5.277777777777778,-0.01985418010785207
5.280555555555556,-0.020325853845840885
5.283333333333333,-0.06635848780583362
5.286111111111111,-0.04656779266222645
5.288888888888889,-0.06858261913685484
5.291666666666667,-0.08047510263574334
5.294444444444444,-0.06581018596885944
5.2972222222222225,-0.014530657317695542
5.3,-0.022536977231447528
5.302777777777778,-0.00922355067179663
5.305555555555555,-0.09855127767395135
5.308333333333334,0.054853104946033765
5.311111111111111,-0.011339007285022865
5.313888888888889,-0.0024129028506016427
5.316666666666666,-0.022896205400279188
5.319444444444445,-0.02592743141702445
5.322222222222223,-0.03655822996405353
5.325,-0.04390586704332142
5.327777777777778,0.009904236506334013
5.330555555555556,-0.03430832583567789
5.333333333333334,-0.00973458740421232
5.336111111111111,-0.016889778748052118
5.3388888888888895,-0.04355453954611441
5.341666666666667,-0.04218726974448825
5.344444444444445,-0.0027123494510873647
5.347222222222222,-0.06834946403888999
5.3500000000000005,-0.03561889116013574
5.352777777777778,-0.003111420003782662
5.355555555555556,-0.03645540844919296
5.358333333333333,-0.007872368040901963
5.361111111111112,-0.03999633537421457
5.363888888888889,-0.06889834447432801
5.366666666666667,-0.08345913080703615
5.3694444444444445,-0.04785758112455088
5.372222222222223,-0.027642965276981398
5.375,-0.0062837208517115516
5.377777777777778,-0.08032627034101478
5.3805555555555555,-0.024461619555566798
5.383333333333334,-0.05550582244837675
5.386111111111111,-0.022870221422089512
5.388888888888889,-0.027767920821845118
5.391666666666667,-0.10542979283216766
5.394444444444445,-0.003289966474611057
5.397222222222222,-0.010722336239531755
5.4,-0.008108307151072816
5.402777777777778,-0.06869224623311854
5.405555555555556,0.01932463049058105
5.408333333333333,-0.06281090497584135
5.411111111111111,-0.04050984710232587
5.413888888888889,-0.08222509656839952
5.416666666666667,0.01610694562530656
5.419444444444444,-0.04793264928719226
5.4222222222222225,-0.03336748132922702
5.425,-0.042574934052380775
5.427777777777778,-0.057575285399474194
5.430555555555555,-0.0174202230507852
5.433333333333334,-0.029450021947137427
5.436111111111111,-0.011492606766802697
5.438888888888889,-0.016629804645141025
5.441666666666667,-0.10246935152161732
5.444444444444445,-0.001025017537259025
5.447222222222223,-0.051423846779231897
5.45,0.009510540466131104
5.452777777777778,-0.030556668172464743
5.455555555555556,-0.0015311165726111658
5.458333333333334,-0.05763397948440245
5.461111111111111,-0.0821301768858641
5.4638888888888895,-0.05636807573916881
5.466666666666667,-0.04334017217423259
5.469444444444445,-0.04341058681163008
5.472222222222222,-0.03603926868031085
5.4750000000000005,-0.02417798838045712
5.477777777777778,-0.00033957524163152897
5.480555555555556,-0.08459416158838999
5.483333333333333,-0.05213084925449188
5.486111111111112,-0.0644873458316919
5.488888888888889,-0.05423711835635118
5.491666666666667,0.022585540654315756
5.4944444444444445,-0.016235959362096417
5.497222222222223,-0.01411582382830625
5.5,-0.038049030170518944
5.502777777777778,-0.05474547292656316
5.5055555555555555,-0.04799986113372504
5.508333333333334,-0.06377571190326684
5.511111111111111,-0.028128193424398363
5.513888888888889,-0.03160427663514695
5.516666666666667,-0.0994084829587091
5.519444444444445,-0.06668415551768342
5.522222222222222,-0.04276916456137963
5.525,-0.08719498928837574
5.527777777777778,-0.04364718040027961
5.530555555555556,-0.0664963529869553
5.533333333333333,-0.01476783693293271
5.536111111111111,-0.034927619129002475
5.538888888888889,-0.04153840159224907
5.541666666666667,-0.10360987451811449
5.544444444444444,-0.08388002496818074
5.5472222222222225,-0.07704009213246112
5.55,-0.033539381971878966
5.552777777777778,-0.02829343644884215
5.555555555555555,-0.03734470473130878
5.558333333333334,-0.04334750022834622
5.561111111111111,-0.116707949119289
5.563888888888889,-0.04571557219667027
5.566666666666667,-0.035467580788829944
5.569444444444445,-0.08860167170215955
5.572222222222223,-0.06961144802371004
5.575,-0.0035309212265483003
5.577777777777778,0.01327874926024341
5.580555555555556,-0.05275596136631866
5.583333333333334,-0.018145809990239566
5.586111111111111,-0.06452616325334225
5.5888888888888895,-0.09755962257327831
5.591666666666667,0.0012996652527657235
5.594444444444445,-0.016943350600167238
5.597222222222222,-0.01833683466212434
5.6000000000000005,-0.0830221116497199
5.602777777777778,-0.060312615373913185
5.605555555555556,-0.06710106985835888
5.608333333333333,-0.06560205099708075
5.611111111111112,-0.06537774349599569
5.613888888888889,-0.047154602296371986
5.616666666666667,-0.0024872583359354314
5.6194444444444445,-0.0008325247767539956
5.622222222222223,-0.04197927133871908
5.625,-0.05346784077238182
5.627777777777778,-0.03376220676895132
5.6305555555555555,-0.07092751273266255
5.633333333333334,-0.03450968164429816
5.636111111111111,-0.04920213715499699
5.638888888888889,0.013821957631774698
5.641666666666667,-0.021853824004153803
5.644444444444445,-0.036731531733573346
5.647222222222222,-0.06113159491075859
5.65,-0.023396982298128092
5.652777777777778,-0.034084089574720165
5.655555555555556,-0.06267433539437672
5.658333333333333,-0.04753205613207896
5.661111111111111,-0.031094149807502844
5.663888888888889,0.004934433340122488
5.666666666666667,-0.06244105846440651
5.669444444444444,-0.022500187269230115
5.6722222222222225,-0.07539560253644534
5.675,-0.03344648153501334
5.677777777777778,-0.012532207333528458
5.680555555555555,-0.06279155253500515
5.683333333333334,-0.0302743401461154
5.686111111111111,-0.023689656893602168
5.688888888888889,0.030238050642540645
5.691666666666667,0.0456859416473393
5.694444444444445,0.05995643122366992
5.697222222222223,0.0904566044727793
5.7,0.08468999430596959
5.702777777777778,0.09526298810197971
5.705555555555556,0.10742287158502287
5.708333333333334,0.09503492677889697
5.711111111111111,0.08440342896295105
5.7138888888888895,0.09294899164651484
5.716666666666667,0.09912468520779961
5.719444444444445,0.077990259207906
5.722222222222222,0.09258811313079664
5.7250000000000005,0.09426792751783575
5.727777777777778,0.06733205364323502
5.730555555555556,0.0785817200787352
5.733333333333333,0.06964739238440829
5.736111111111112,0.03715153028720823
5.738888888888889,-0.012624181257602764
5.741666666666667,0.030730101030722615
5.7444444444444445,0.054073093904867836
5.747222222222223,0.003482171916552636
5.75,-0.04970202695638411
5.752777777777778,-0.009745576967600141
5.7555555555555555,-0.09538015506577512
5.758333333333334,-0.009535078408001739
5.761111111111111,-0.022589637711482532
5.763888888888889,-0.05144417803673417
5.766666666666667,-0.03444376467105362
5.769444444444445,-0.06842925863460594
5.772222222222222,-0.06750440276904703
5.775,-0.012482510202830102
5.777777777777778,-0.039109081279817326
5.780555555555556,-0.056616703177278856
5.783333333333333,-0.01672430156430551
5.786111111111111,-0.03412595285039661
5.788888888888889,-0.022157631789540885
5.791666666666667,-0.027844493871283536
5.794444444444444,-0.007763726877062609
5.7972222222222225,-0.12518868919828324
5.8,-0.2064688916480331
5.802777777777778,-0.2316500375903718
5.805555555555555,-0.25005326454392063
5.808333333333334,-0.23990831350100478
5.811111111111111,-0.19950473167455415
5.813888888888889,-0.14028606542774863
5.816666666666667,-0.11358519413249503
5.819444444444445,-0.024106518149105263
5.822222222222223,0.47147303337659713
5.825,0.9373843246801393
5.827777777777778,1.2295986904228853
5.830555555555556,1.4277827325129389
5.833333333333334,1.4464620942110962
5.836111111111111,1.297082008211741
5.8388888888888895,0.9192380236864854
5.841666666666667,0.4400917072410664
5.844444444444445,-0.06894207271770178
5.847222222222222,-0.1678508142040226
5.8500000000000005,-0.27212997941496936
5.852777777777778,-0.3126879022818098
5.855555555555556,-0.35921758382642327
5.858333333333333,-0.3729098509904974
5.861111111111112,-0.39147112332441836
5.863888888888889,-0.3079643395807592
5.866666666666667,-0.22310799922477348
5.8694444444444445,-0.12330952166194212
5.872222222222223,-0.03402709619212492
5.875,-0.06640999503066787
5.877777777777778,-0.07783115971207485
5.8805555555555555,-0.05994689946579224
5.883333333333334,-0.04048509737866598
5.886111111111111,-0.10671237302935757
5.888888888888889,-0.05810486791830818
5.891666666666667,-0.03297154428547239
5.894444444444445,-0.0075290244552315075
5.897222222222222,-0.0733461675592682
5.9,-0.04528294168023334
5.902777777777778,-0.0981844348060256
5.905555555555556,-0.08966598190619293
5.908333333333333,-0.07652839026199935
5.911111111111111,-0.0587454351065002
5.913888888888889,0.030527955579323515
5.916666666666667,-0.03438671202512794
5.919444444444444,-0.04888416158091014
5.9222222222222225,0.015917895526132573
5.925,0.045067148055187974
5.927777777777778,0.02704322399523101
5.930555555555555,0.08648996476586279
5.933333333333334,0.05757782462205617
5.936111111111111,0.11361449022873166
5.938888888888889,0.1662865975244879
5.941666666666667,0.08336857323239794
5.944444444444445,0.11444963506825795
5.947222222222223,0.11225730556854566
5.95,0.16950491109705965
5.952777777777778,0.16638420230520037
5.955555555555556,0.20777027904020212
5.958333333333334,0.1885826302267681
5.961111111111111,0.20932312983550946
5.9638888888888895,0.19301708649437133
5.966666666666667,0.2154202649338613
5.969444444444445,0.20442603716110944
5.972222222222222,0.21698535784691272
5.9750000000000005,0.2771933762001421
5.977777777777778,0.2572697379435891
5.980555555555556,0.21975742357501526
5.983333333333333,0.15398207385217128
5.986111111111112,0.25116035510537776
5.988888888888889,0.26082299821918353
5.991666666666667,0.24869033509346533
5.9944444444444445,0.2827012168921573
5.997222222222223,0.21718746188131047
6.0,0.20378819828626127
6.002777777777778,0.3083207626088085
6.0055555555555555,0.2741369572998866
6.008333333333334,0.19611509121756365
6.011111111111111,0.24610542559606752
6.013888888888889,0.22975620232244265
6.016666666666667,0.2187265567254772
6.019444444444445,0.21610838184700343
6.022222222222222,0.1896643059381109
6.025,0.18771221028938334
6.027777777777778,0.19181768146564848
6.030555555555556,0.15869977928016793
6.033333333333333,0.1872350596145559
6.036111111111111,0.1505754968630809
6.038888888888889,0.14600009846444342
6.041666666666667,0.20814433884031924
6.044444444444444,0.13189711457789222
6.0472222222222225,0.04522922962803317
6.05,0.07368710737479016
6.052777777777778,0.08516797471623251
6.055555555555555,0.030415116403628775
6.058333333333334,0.05265185739718769
6.061111111111112,-0.008224294166947175
6.063888888888889,-0.05177433883721793
6.066666666666667,-0.0954864891967093
6.069444444444445,-0.00754031032830001
6.072222222222223,-0.06442607124583112
6.075,-0.033785110816299466
6.077777777777778,-0.058350839589204756
6.080555555555556,-0.02705590036741505
6.083333333333334,-0.01860878354508323
6.086111111111111,-0.03225916832211524
6.0888888888888895,-0.048542891305847956
6.091666666666667,-0.008115975804442538
6.094444444444445,-0.09277418799223129
6.097222222222222,-0.016402177037546897
6.1000000000000005,-0.028198849329859513
6.102777777777778,-0.04513048870668572
6.105555555555556,-0.039500388768482185
6.108333333333333,-0.06609009186927498
6.111111111111112,-0.0672824016527167
6.113888888888889,-0.044768269338882574
6.116666666666667,-0.0842876255068935
6.1194444444444445,-0.04936492670026624
6.122222222222223,-0.012615871300365806
6.125,-0.010251909157492689
6.127777777777778,-0.019770770223547923
6.1305555555555555,-0.04809342845892591
6.133333333333334,-0.06783621422696391
6.136111111111111,-0.018386439341317007
6.138888888888889,-0.036555999257062
6.141666666666667,0.01507216643200994
6.144444444444445,-0.06033835561992388
6.147222222222222,-0.015741657808727366
6.15,-0.02311213853819495
6.152777777777778,-0.037676309974832685
6.155555555555556,-0.03608317957071405
6.158333333333333,-0.05415834848358181
6.161111111111111,-0.05323611004541437
6.163888888888889,-0.07469288369621217
6.166666666666667,0.010981290620246359
6.169444444444444,-0.04348807233084216
6.1722222222222225,-0.028086381573942457
6.175,-0.021184764136135792
6.177777777777778,-0.0595839686086702
6.180555555555555,-0.018653370202796147
6.183333333333334,-0.011913914857604482
6.186111111111112,0.006503806985143502
6.188888888888889,-0.052377418344441234
6.191666666666667,0.0017082252080181243
6.194444444444445,-0.05447002320772116
6.197222222222223,-0.007106193911734546
6.2,-0.0432115436760269
6.202777777777778,0.0054174193585688896
6.205555555555556,-0.0634462946009993
6.208333333333334,0.020996400418702106
6.211111111111111,-0.06737109779145825
6.2138888888888895,-0.053504596058046965
6.216666666666667,-0.03657756373762106
6.219444444444445,-0.05331520902754963
6.222222222222222,-0.0075229598487368855
6.2250000000000005,-0.019794705852586723
6.227777777777778,-0.06875521013762298
6.230555555555556,-0.05819371592570877
6.233333333333333,-0.03229232196324104
6.236111111111112,-0.054688227771030204
6.238888888888889,-0.05508905674804332
6.241666666666667,-0.06906698371329231
6.2444444444444445,-0.012186594157481363
6.247222222222223,-0.02645378896147398
6.25,-0.03289922622271138
6.252777777777778,0.00011862071925121398
6.2555555555555555,-0.011174238376575413
6.258333333333334,-0.0034671026456539605
6.261111111111111,-0.03282090897424
6.263888888888889,-0.04798379088424655
6.266666666666667,-0.0572014582448324
6.269444444444445,-0.00865136310519898
6.272222222222222,0.023955984939024344
6.275,-0.005709730871992086
6.277777777777778,-0.049682694239804634
6.280555555555556,-0.03632652775548545
6.283333333333333,-0.01673533325106064
6.286111111111111,-0.09033938028044852
6.288888888888889,0.02233363034967669
6.291666666666667,-0.014393622717119841
6.294444444444444,-0.06559250319549892
6.2972222222222225,-0.08893522991755794
6.3,-0.03706217550283365
6.302777777777778,-0.06469314439359472
6.305555555555555,-0.019819147777538796
6.308333333333334,0.0088645074905494
6.311111111111112,-0.03138310048801131
6.313888888888889,-0.019814574940598507
6.316666666666667,-0.011494417078204311
6.319444444444445,-0.004085809126937838
6.322222222222223,-0.02546031787938037
6.325,-0.02313078929334564
6.327777777777778,-0.031319957632555906
6.330555555555556,-0.007611075366897712
6.333333333333334,-0.022130338294301038
6.336111111111111,0.014174528560661728
6.3388888888888895,0.0010931987740906528
6.341666666666667,-0.08374988222877702
6.344444444444445,-0.07092967976781157
6.347222222222222,-0.0016425356819272027
6.3500000000000005,-0.021571588453971814
6.352777777777778,-0.04208936192598051
6.355555555555556,-0.059810540285743174
6.358333333333333,-0.07241522070623649
6.361111111111112,-0.05881673217343415
6.363888888888889,0.02705278721778071
6.366666666666667,-0.02133722046342777
6.3694444444444445,-0.0441841955872279
6.372222222222223,-0.015250871906120256
6.375,-0.02281861272688411
6.377777777777778,-0.02792159467448836
6.3805555555555555,-0.032606877089073255
6.383333333333334,-0.02515260126458364
6.386111111111111,-0.03117639359267942
6.388888888888889,-0.0053450844993898385
6.391666666666667,-0.002208888985431364
6.394444444444445,0.004506418949500768
6.397222222222222,-0.0015171080893837743
6.4,-0.0164074180897011
6.402777777777778,-0.025983931762559604
6.405555555555556,0.06523302589990258
6.408333333333333,-0.0015914776157159721
6.411111111111111,-0.02994196532034813
6.413888888888889,-0.040670636524791796
6.416666666666667,0.0002607231733776673
6.419444444444444,-0.024225272032413814
6.4222222222222225,-0.014206955040925133
6.425,-0.03285720580094359
6.427777777777778,0.0072486691235182955
6.430555555555555,-0.014292568438290142
6.433333333333334,-0.0568491211845778
6.436111111111112,0.024306662874919182
6.438888888888889,-0.050482190104962785
6.441666666666667,-0.03328618490975169
6.444444444444445,-0.036513508142993825
6.447222222222223,-0.019182160974940837
6.45,-0.016277439866897954
6.452777777777778,-0.03464888873333601
6.455555555555556,0.009017365064022394
6.458333333333334,-0.05018620374833217
6.461111111111111,0.024618100980970795
6.4638888888888895,0.010130285543103246
6.466666666666667,-0.00421820372073387
6.469444444444445,-0.06180123661598619
6.472222222222222,-0.05316746780829273
6.4750000000000005,0.024748794561913208
6.477777777777778,-0.028820745781636115
6.480555555555556,0.021574866224472876
6.483333333333333,-0.06390980942612735
6.486111111111112,-0.0715087237502077
6.488888888888889,-0.05736000569479878
6.491666666666667,0.026475028742529792
6.4944444444444445,0.056906146076903835
6.497222222222223,0.0011520753782746918
6.5,0.011326299568750794
6.502777777777778,0.07033342151984787
6.5055555555555555,0.06391415895701781
6.508333333333334,0.05403304792225344
6.511111111111111,0.10943257769158936
6.513888888888889,0.07403872883432819
6.516666666666667,0.1018367507767138
6.519444444444445,0.08222845324727693
6.522222222222222,0.10097800196020111
6.525,0.13655014962426437
6.527777777777778,0.060980584795701134
6.530555555555556,0.11884547847763391
6.533333333333333,0.10229895207785189
6.536111111111111,0.16870072536273303
6.538888888888889,0.09476961942386153
6.541666666666667,0.11805207977499863
6.544444444444444,0.14414775702240046
6.5472222222222225,0.15019347712506279
6.55,0.09353782850396335
6.552777777777778,0.07411332832759056
6.555555555555556,0.10914977681126836
6.558333333333334,0.06311267218986716
6.561111111111112,0.05447414441451293
6.563888888888889,0.10355248604929237
6.566666666666667,8.219249110637261e-05
6.569444444444445,0.040730883807736665
6.572222222222223,-0.015620665266797121
6.575,-0.04591827157366277
6.577777777777778,-0.04910338192149576
6.580555555555556,0.017584491093050852
6.583333333333334,-0.05599242426093542
6.586111111111111,0.022684578543645226
6.5888888888888895,0.009522157476022433
6.591666666666667,0.03686511977350254
6.594444444444445,-0.005288782286963629
6.597222222222222,0.01837943087185451
6.6000000000000005,-0.033659616772180094
6.602777777777778,0.0044241710996697796
6.605555555555556,-0.00791215120458065
6.608333333333333,0.006480534236077343
6.611111111111112,0.005651471589958826
6.613888888888889,-0.09669987906546448
6.616666666666667,-0.16842882601277
6.6194444444444445,-0.1627591245104448
6.622222222222223,-0.22259702868347864
6.625,-0.10375714888588548
6.627777777777778,-0.18682746244737714
6.6305555555555555,-0.1025437304230705
6.633333333333334,-0.11701106292205748
6.636111111111111,0.007773472463161131
6.638888888888889,0.4087049718424992
6.641666666666667,0.9792708737799023
6.644444444444445,1.2744361269715103
6.647222222222222,1.5092021693531397
6.65,1.506674895244744
6.652777777777778,1.2879245301167221
6.655555555555556,0.9999230566109832
6.658333333333333,0.509667448186751
6.661111111111111,0.021495967869541797
6.663888888888889,-0.07652953279144117
6.666666666666667,-0.1616325606874065
6.669444444444444,-0.23810452581795524
6.6722222222222225,-0.2737337262810265
6.675,-0.305603846418473
6.677777777777778,-0.30986736815390753
6.680555555555556,-0.18950295124916325
6.683333333333334,-0.19566399713567947
6.686111111111112,-0.07513534045518261
6.688888888888889,-0.014612379600190439
6.691666666666667,0.041720585242411394
6.694444444444445,0.017659819270027452
6.697222222222223,-0.026713180859211542
6.7,0.012310562753989163
6.702777777777778,0.03205513727730894
6.705555555555556,-0.002504924199884314
6.708333333333334,-0.024031960633571735
6.711111111111111,-0.005502491853455996
6.7138888888888895,-0.018177523764974626
6.716666666666667,-0.0010192637410131817
6.719444444444445,0.06656143910801778
6.722222222222222,0.006797145501235098
6.7250000000000005,0.012631432682162998
6.727777777777778,0.0285396732064389
6.730555555555556,-0.008122728478600471
6.733333333333333,0.047602967961957135
6.736111111111112,0.053718293327010405
6.738888888888889,0.03936838863553034
6.741666666666667,0.08357840046342066
6.7444444444444445,0.053764109358733124
6.747222222222223,0.10731487556387521
6.75,0.1536855984617176
6.752777777777778,0.1356856276507479
6.7555555555555555,0.1451645614253953
6.758333333333334,0.19157766844466104
6.761111111111111,0.20241654659614233
6.763888888888889,0.2588441185486406
6.766666666666667,0.2100954792815274
6.769444444444445,0.21045874107604962
6.772222222222222,0.22791561533241786
6.775,0.21259624224926002
6.777777777777778,0.20227343018467883
6.780555555555556,0.22118344643349083
6.783333333333333,0.19572314100464444
6.786111111111111,0.2495534906113887
6.788888888888889,0.3233780509617517
6.791666666666667,0.29436538081897873
6.794444444444444,0.2956154337876707
6.7972222222222225,0.323785368386913
6.8,0.2982549059197647
6.802777777777778,0.3147398784185297
6.805555555555556,0.308768402784567
6.808333333333334,0.3144291726473595
6.811111111111112,0.27318271955870466
6.813888888888889,0.3542571959386546
6.816666666666667,0.28177210923963436
6.819444444444445,0.31231309107504523
6.822222222222223,0.3002896990522987
6.825,0.32572831030200916
6.827777777777778,0.3165911352816726
6.830555555555556,0.23720251011287385
6.833333333333334,0.2422468640878745
6.836111111111111,0.30531000631214533
6.8388888888888895,0.21527043750282387
6.841666666666667,0.29076705914271805
6.844444444444445,0.23203966726644124
6.847222222222222,0.26306737767965355
6.8500000000000005,0.20735758985974925
6.852777777777778,0.18825960873232694
6.855555555555556,0.1745983414808686
6.858333333333333,0.23296513276554776
6.861111111111112,0.10000613582626464
6.863888888888889,0.17079742374349843
6.866666666666667,0.11829322276934078
6.8694444444444445,0.15178717205472902
6.872222222222223,0.12176138810084047
6.875,0.11356422753713431
6.877777777777778,0.1437839481125658
6.8805555555555555,0.08406179009711273
6.883333333333334,0.06610969828977202
6.886111111111111,0.03341626525783598
6.888888888888889,0.054049843350804615
6.891666666666667,0.0009961408050662666
6.894444444444445,0.026920077942425312
6.897222222222222,0.029713640130827657
6.9,0.011995603629532526
6.902777777777778,0.006607851046840819
6.905555555555556,0.07775951268667425
6.908333333333333,0.12016661802157669
6.911111111111111,0.007930471433368506
6.913888888888889,0.00024132547015623396
6.916666666666667,0.021888729334384616
6.919444444444444,0.012617333739213584
6.9222222222222225,0.02656446452023177
6.925,0.00766271817125622
6.927777777777778,0.03987167316977811
6.930555555555556,0.0693352733193439
6.933333333333334,0.02840654049042959
6.936111111111112,0.025985973072884493
6.938888888888889,0.026693350213663317
6.941666666666667,0.009334082426933623
6.944444444444445,0.04570307496599349
6.947222222222223,-0.00821088757809357
6.95,0.051598184756897245
6.952777777777778,0.0807398610221605
6.955555555555556,0.013009926553029804
6.958333333333334,0.03216090655775815
6.961111111111111,0.027315854989572376
6.9638888888888895,0.017754952628335055
6.966666666666667,-0.019797770366801457
6.969444444444445,0.03413707260560908
6.972222222222222,0.010705052047134758
6.9750000000000005,0.020408149553829528
6.977777777777778,0.02549840075563903
6.980555555555556,-0.018471421542915003
6.983333333333333,0.0029658828475705376
6.986111111111112,0.04960667652702986
6.988888888888889,0.037367547470847015
6.991666666666667,0.03625154740156033
6.9944444444444445,0.004248566535100071
6.997222222222223,0.06206357848967878
7.0,0.01751415844548789
7.002777777777778,0.05211905247927022
7.0055555555555555,0.0481748104609528
7.008333333333334,0.07305966987291777
7.011111111111111,0.07311480314808341
7.013888888888889,0.0009829111636089037
7.016666666666667,0.0457824328159388
7.019444444444445,-0.002235740404243014
7.022222222222222,0.00477862061109563
7.025,0.03749724884499126
7.027777777777778,0.025611328428613897
7.030555555555556,0.08353018238278619
7.033333333333333,0.013734517726046301
7.036111111111111,0.02908197095205291
7.038888888888889,0.014333786667553364
7.041666666666667,0.045774668570350924
7.044444444444444,0.028541872669573976
7.0472222222222225,0.02741596165320763
7.050000000000001,0.011828658555936285
7.052777777777778,0.004942352613519253
7.055555555555556,0.027494270546090355
7.058333333333334,0.006922074738188868
7.061111111111112,0.013598998869524797
7.063888888888889,0.06804602294980434
7.066666666666667,0.0888174572686589
7.069444444444445,0.054440088267596415
7.072222222222223,0.051585680566906295
7.075,0.07249391624923326
7.077777777777778,0.048618793062067386
7.080555555555556,-0.036505915628931615
7.083333333333334,0.03868031111821383
7.086111111111111,-0.0016333423640830236
7.0888888888888895,0.03735160753184854
7.091666666666667,0.013255331022614687
7.094444444444445,0.03501063314248574
7.097222222222222,0.03568867211569631
7.1000000000000005,0.02419056882189613
7.102777777777778,0.06200462777694015
7.105555555555556,0.08322696170295807
7.108333333333333,0.02165002794756837
7.111111111111112,0.017129790761196778
7.113888888888889,0.027348950940063625
7.116666666666667,0.04426497949171658
7.1194444444444445,0.08052346358742513
7.122222222222223,0.04367265459651777
7.125,0.044658420601225005
7.127777777777778,0.06839397666879571
7.1305555555555555,0.0384962210660698
7.133333333333334,0.03184535584659776
7.136111111111111,0.023755183509126553
7.138888888888889,0.04858703773806243
7.141666666666667,-0.0283152000584875
7.144444444444445,0.037692848010769914
7.147222222222222,-0.007709388088965395
7.15,0.022248266561615614
7.152777777777778,-0.008316202849169188
7.155555555555556,0.06949599342629044
7.158333333333333,0.04033661515967873
7.161111111111111,0.07040883746588819
7.163888888888889,0.033196612287816424
7.166666666666667,0.01529924696523578
7.169444444444444,-0.0064979005490580916
7.1722222222222225,0.06600443109764706
7.175000000000001,0.05835624257514506
7.177777777777778,0.03161721111493725
7.180555555555556,0.08205426319413517
7.183333333333334,0.06472299936497847
7.186111111111112,0.031257802291270294
7.188888888888889,0.01924221840767465
7.191666666666667,0.0012189228359094709
7.194444444444445,0.06329138903568428
7.197222222222223,0.07053532799804427
7.2,0.06246638760607659
7.202777777777778,0.04744038063446474
7.205555555555556,0.0746996442052049
7.208333333333334,-0.01127093239174387
7.211111111111111,0.06268951493084822
7.2138888888888895,0.041165801441088806
7.216666666666667,0.04468486482374119
7.219444444444445,0.09384035273232649
7.222222222222222,0.0024223752789584926
7.2250000000000005,0.047378510450143935
7.227777777777778,0.10870765545434916
7.230555555555556,0.0252348735388686
7.233333333333333,0.05501058623300913
7.236111111111112,0.09226052656506813
7.238888888888889,0.06653663578918884
7.241666666666667,0.03189847048416391
7.2444444444444445,0.06739140062829127
7.247222222222223,-0.0029026803104880705
7.25,0.06851332044754518
7.252777777777778,0.008533378379375726
7.2555555555555555,0.0356736016186191
7.258333333333334,0.008929705081527642
7.261111111111111,0.04689824133073099
7.263888888888889,0.018456587303664493
7.266666666666667,0.01432721767536245
7.269444444444445,0.08646754381389035
7.272222222222222,0.09420393899537424
7.275,0.05333313221268973
7.277777777777778,0.01742749287953797
7.280555555555556,-0.004445378011008971
7.283333333333333,0.0147024342005419
7.286111111111111,0.007616064659787779
7.288888888888889,0.06117778124703599
7.291666666666667,0.061850459526916576
7.294444444444444,0.05233711116319919
7.2972222222222225,0.022772812532456638
7.300000000000001,0.052932181413021105
7.302777777777778,-0.009311173518438909
7.305555555555556,0.015030749843127397
7.308333333333334,0.06686302207402656
7.311111111111112,0.004663897592944527
7.313888888888889,0.051771852455813006
7.316666666666667,0.10475631721245696
7.319444444444445,0.04233905401165127
7.322222222222223,0.033262148192067076
7.325,0.021970594080200228
7.327777777777778,0.06651960825960423
7.330555555555556,0.08117611600930821
7.333333333333334,0.12040906254844391
7.336111111111111,0.0996230862560412
7.3388888888888895,0.0823123400451766
7.341666666666667,0.1420087898957737
7.344444444444445,0.09192589624059734
7.347222222222222,0.16784391586107622
7.3500000000000005,0.18112836287788986
7.352777777777778,0.19005864862004415
7.355555555555556,0.1783312767063739
7.358333333333333,0.15220025501156334
7.361111111111112,0.22611810664352863
7.363888888888889,0.1494079245817787
7.366666666666667,0.2045930844409673
7.3694444444444445,0.23745866823044498
7.372222222222223,0.18467927769840436
7.375,0.2032643597947236
7.377777777777778,0.20555087845515282
7.3805555555555555,0.18083559273346234
7.383333333333334,0.17089832721031256
7.386111111111111,0.09584084547272274
7.388888888888889,0.14995801862345423
7.391666666666667,0.12600218772726976
7.394444444444445,0.16987758063077982
7.397222222222222,0.09696982984967852
7.4,0.12852180099028715
7.402777777777778,0.10997266687915117
7.405555555555556,0.038164583985486375
7.408333333333333,0.04093733274014678
7.411111111111111,0.023694262122094432
7.413888888888889,0.02046564028551881
7.416666666666667,0.027815318098888875
7.419444444444444,0.05408782876595834
7.4222222222222225,0.14503477484711974
7.425000000000001,0.00020339332754652079
7.427777777777778,0.05246578695566031
7.430555555555556,0.025868751354466986
7.433333333333334,0.025565550288925536
7.436111111111112,0.08058342615755276
7.438888888888889,0.05761251368592482
7.441666666666667,0.045702372730324424
7.444444444444445,0.03238371329298498
7.447222222222223,-0.013935530038279402
7.45,0.008225255595221852
7.452777777777778,-0.06802012224235368
7.455555555555556,-0.11455328163290633
7.458333333333334,-0.18140499248413522
7.461111111111111,-0.1454727083325655
7.4638888888888895,-0.048563974349826775
7.466666666666667,-0.08028030054106533
7.469444444444445,-0.0007577970455568059
7.472222222222222,0.09485752995153869
7.4750000000000005,0.5572453370537903
7.477777777777778,0.9962970005830187
7.480555555555556,1.3473862421063427
7.483333333333333,1.5601673496412107
7.486111111111112,1.6110524310926067
7.488888888888889,1.362027484601002
7.491666666666667,1.0003483875834807
7.4944444444444445,0.5155803429268495
7.497222222222223,-0.0004257594676273929
7.5,-0.022256354557990955
7.502777777777778,-0.1532012835455203
7.5055555555555555,-0.16732263101455103
7.508333333333334,-0.27307704381071346
7.511111111111111,-0.19638031637897543
7.513888888888889,-0.23478635703487669
7.516666666666667,-0.19010077377703144
7.519444444444445,-0.13325459276338109
7.522222222222222,-0.007544002949260123
7.525,-0.018184993797570548
7.527777777777778,0.036384415248116045
7.530555555555556,0.0789689657112405
7.533333333333333,0.03298172372334077
7.536111111111111,0.06480878799021986
7.538888888888889,0.07065320113730351
7.541666666666667,0.07475367236675569
7.544444444444445,0.02682451438640881
7.5472222222222225,0.03070485066879989
7.550000000000001,0.0872945412880063
7.552777777777778,0.10689039872924844
7.555555555555556,0.018939010575546734
7.558333333333334,0.029744335997905897
7.561111111111112,0.09521656619390514
7.563888888888889,0.10443062795928944
7.566666666666667,0.042329678897313774
7.569444444444445,0.06302362285956464
7.572222222222223,0.11911056697093984
7.575,0.1415490651439332
7.577777777777778,0.1811171219032873
7.580555555555556,0.11615949769371293
7.583333333333334,0.17000510788198156
7.586111111111111,0.1486150475096276
7.5888888888888895,0.216590484743275
7.591666666666667,0.20087879934330474
7.594444444444445,0.21371108700572544
7.597222222222222,0.23825646409792667
7.6000000000000005,0.20567236632442037
7.602777777777778,0.2698180174187902
7.605555555555556,0.25195140767223473
7.608333333333333,0.293184970524227
7.611111111111112,0.31815759780988817
7.613888888888889,0.298959236699665
7.616666666666667,0.26704382654457387
7.6194444444444445,0.31699303733360273
7.622222222222223,0.3290433401826317
7.625,0.31091273790968077
7.627777777777778,0.3107744590543683
7.6305555555555555,0.3277978183435727
7.633333333333334,0.36195483975820913
7.636111111111111,0.35587023389093164
7.638888888888889,0.3555837327201335
7.641666666666667,0.32569729168491157
7.644444444444445,0.3044693815323118
7.647222222222222,0.37880688435767024
7.65,0.341757131689567
7.652777777777778,0.3129941555201827
7.655555555555556,0.31834544578953783
7.658333333333333,0.3840565825414905
7.661111111111111,0.3595124671252837
7.663888888888889,0.34721836000154055
7.666666666666667,0.31856854721918143
7.669444444444445,0.34365065530146893
7.6722222222222225,0.3205330511843648
7.675000000000001,0.271113856725099
7.677777777777778,0.2903162850201709
7.680555555555556,0.26212843559057303
7.683333333333334,0.2491244613924537
7.686111111111112,0.2899025662418227
7.688888888888889,0.2670039038492165
7.691666666666667,0.2201820887824046
7.694444444444445,0.17008087669367045
7.697222222222223,0.18697295500434868
7.7,0.21691388575261975
7.702777777777778,0.17707739636661352
7.705555555555556,0.17199265629791466
7.708333333333334,0.1390590132386516
7.711111111111111,0.14740538725908556
7.7138888888888895,0.13009420558087248
7.716666666666667,0.06890800250901824
7.719444444444445,0.05888189694423696
7.722222222222222,0.029894832756577727
7.7250000000000005,0.04846511929363379
7.727777777777778,0.046032271444472764
7.730555555555556,0.06587404554133175
7.733333333333333,0.05341331063853768
7.736111111111112,0.01859183172972618
7.738888888888889,-0.012366096075885569
7.741666666666667,0.06790937284061285
7.7444444444444445,0.04261465956374835
7.747222222222223,0.03735016754389797
7.75,0.01741242868299201
7.752777777777778,-0.0058868411050529285
7.7555555555555555,0.053384965261928444
7.758333333333334,0.029475681269530634
7.761111111111111,0.0586207477175892
7.763888888888889,0.05448828132534177
7.766666666666667,0.018922091421234064
7.769444444444445,0.04712353724529945
7.772222222222222,0.03067449342578333
7.775,-0.0008790773156605314
7.777777777777778,0.06440848388955947
7.780555555555556,0.046442848565114284
7.783333333333333,0.026336479085778273
7.786111111111111,0.07976561705276103
7.788888888888889,0.057633303997524456
7.791666666666667,0.061251580321284485
7.794444444444445,0.006009429485969428
7.7972222222222225,0.03683268322019583
7.800000000000001,0.03761469587429408
7.802777777777778,0.026960063293060686
7.805555555555556,0.04348985359160333
7.808333333333334,0.06700588574828846
7.811111111111112,0.048439507225434796
7.813888888888889,0.07709104439397449
7.816666666666667,0.039666365061937645
7.819444444444445,0.02805215450169942
7.822222222222223,0.02647159990324239
7.825,0.07757874833514186
7.827777777777778,0.06957152632978336
7.830555555555556,0.005380412713679061
7.833333333333334,0.007158259234817187
7.836111111111111,0.06657852828701878
7.8388888888888895,0.044346729658481944
7.841666666666667,0.0085678195080032
7.844444444444445,0.08401073219517978
7.847222222222222,0.0529747386261758
7.8500000000000005,0.017724608667976444
7.852777777777778,0.06705714560214027
7.855555555555556,0.02386253263936848
7.858333333333333,0.06852697586248334
7.861111111111112,-0.0013988040165529986
7.863888888888889,0.03647878961819555
7.866666666666667,0.025570274198450572
7.8694444444444445,0.023056976703311607
7.872222222222223,0.04702190878541765
7.875,0.05368988647996876
7.877777777777778,0.06786255471143829
7.8805555555555555,0.06467786106999196
7.883333333333334,-0.01242488683855325
7.886111111111111,0.06705469855176441
7.888888888888889,0.0010316898971001118
7.891666666666667,-0.008991695921091218
7.894444444444445,0.007647253319484806
7.897222222222222,0.06953648789769376
7.9,0.014903003950611268
7.902777777777778,0.026049495685658834
7.905555555555556,0.05207692640191837
7.908333333333333,0.04243356217264356
7.911111111111111,0.03932983328868992
7.913888888888889,-0.03069462720401784
7.916666666666667,0.0506906539637326
7.919444444444445,0.02648432042546519
7.9222222222222225,0.028437632606076114
7.925000000000001,0.04212182621364623
7.927777777777778,0.002394948365538725
7.930555555555556,0.026986662188866566
7.933333333333334,-0.012047245572174917
7.936111111111112,-0.013396330071656484
7.938888888888889,-0.022399442041757832
7.941666666666667,0.05125404618796878
7.944444444444445,-0.009769756925158177
7.947222222222223,0.023769922702109474
7.95,0.07415699929048924
7.952777777777778,-0.007362759422509697
7.955555555555556,0.0851547464099988
7.958333333333334,0.030858327624298826
7.961111111111111,0.01511767953642362
7.9638888888888895,0.10129055602524871
7.966666666666667,0.036300058300006835
7.969444444444445,0.0422454687733001
7.972222222222222,0.06492284624471084
7.9750000000000005,0.025474815868141074
7.977777777777778,0.036775582944495004
7.980555555555556,0.0222708907236425
7.983333333333333,0.04426688867482727
7.986111111111112,0.09835301895406054
7.988888888888889,0.0373988783040303
7.991666666666667,0.07267094148359807
7.9944444444444445,0.052564670052065526
7.997222222222223,-0.03437367886831147
8.0,0.047680768411853626
8.002777777777778,-0.0214055870743153
8.005555555555556,0.02919005528485171
8.008333333333333,-0.016023340854147597
8.011111111111111,0.07859093681431134
8.01388888888889,0.06600064932365357
8.016666666666667,0.02280109943647471
8.019444444444444,0.06534782988741766
8.022222222222222,0.05596156766178175
8.025,0.04869587488695934
8.027777777777779,0.06566348465310644
8.030555555555555,0.042068088576162455
8.033333333333333,0.02541021998980333
8.036111111111111,0.02865849457172794
8.03888888888889,0.03288885492544004
8.041666666666668,0.030490380090272322
8.044444444444444,0.024404848103338275
8.047222222222222,0.06802023428091075
8.05,0.01221196150088281
8.052777777777779,0.0247243061938168
8.055555555555555,0.009350121199615199
8.058333333333334,0.09630291972581624
8.061111111111112,0.019885029526032112
8.06388888888889,0.04883220970877331
8.066666666666666,0.011416519849099954
8.069444444444445,0.033147954615329885
8.072222222222223,0.0443532262101306
8.075000000000001,0.06171615909380471
8.077777777777778,0.03275319673448527
8.080555555555556,0.02157569407029363
8.083333333333334,0.015325215225957197
8.086111111111112,0.030377958753962243
8.088888888888889,-0.0070972796588349325
8.091666666666667,-0.01955155295230527
8.094444444444445,0.01793207909014351
8.097222222222223,0.07642062814157392
8.1,0.004150258051105513
8.102777777777778,-0.0158994865270462
8.105555555555556,0.04965761794572067
8.108333333333334,0.04721319776693237
8.11111111111111,0.023702079784555685
8.113888888888889,0.015187922400541756
8.116666666666667,0.0205630391920744
8.119444444444445,0.038782657837897014
8.122222222222222,0.018218665621029195
8.125,0.02610645781584644
8.127777777777778,0.023655468612329644
8.130555555555556,0.04985413945287297
8.133333333333333,0.03263791481924528
8.136111111111111,0.01678078117906696
8.13888888888889,-0.034774599663389055
8.141666666666667,-0.005835830422968112
8.144444444444444,0.06370471332638647
8.147222222222222,0.018604083881581624
8.15,-0.01547645465846351
8.152777777777779,0.02601934631508364
8.155555555555555,-0.001942095406448751
8.158333333333333,0.0072190519931853835
8.161111111111111,-0.025444489012594575
8.16388888888889,0.012100968532126551
8.166666666666668,-0.026204206451938487
8.169444444444444,-0.014084311154249041
8.172222222222222,-0.01834630892949546
8.175,-0.020996004066214085
8.177777777777779,0.013259253691786113
8.180555555555555,0.06371191725356525
8.183333333333334,0.0026917537195681566
8.186111111111112,0.001410321195966964
8.18888888888889,0.01741993747716583
8.191666666666666,-0.00958313664163258
8.194444444444445,0.05487918490509023
8.197222222222223,0.08386130628031732
8.200000000000001,0.0775154394156491
8.202777777777778,0.04350938029154885
8.205555555555556,0.094487157042941
8.208333333333334,0.09271978782728646
8.211111111111112,0.11766103914015041
8.213888888888889,0.11113258886825696
8.216666666666667,0.09107775166984836
8.219444444444445,0.19119959333305125
8.222222222222223,0.1203292157675738
8.225,0.19840646712458285
8.227777777777778,0.1642916569076808
8.230555555555556,0.1578621539203885
8.233333333333334,0.14244077820078738
8.23611111111111,0.1730286412617174
8.238888888888889,0.12883076722791298
8.241666666666667,0.14593370278883294
8.244444444444445,0.10705566518713072
8.247222222222222,0.12249691859665472
8.25,0.0935648449769298
8.252777777777778,0.1355783537348491
8.255555555555556,0.09828232375918304
8.258333333333333,0.11617155997657796
8.261111111111111,0.04920478942724083
8.26388888888889,0.0011463054025175473
8.266666666666667,0.025393926478243463
8.269444444444444,-0.01609814888532716
8.272222222222222,0.03487580000987947
8.275,-0.009928380484592523
8.277777777777779,0.013583591749187432
8.280555555555555,-0.05506038680759602
8.283333333333333,0.06383042235667745
8.286111111111111,0.01291611042207157
8.28888888888889,-0.00617109698615105
8.291666666666668,0.03495431975047519
8.294444444444444,-0.053474407141722496
8.297222222222222,-0.001788219663512917
8.3,-0.015284062265608404
8.302777777777779,0.06239741190913672
8.305555555555555,0.029471547777793643
8.308333333333334,-0.03411635116242383
8.311111111111112,-0.10016186881004652
8.31388888888889,-0.12730186588324147
8.316666666666666,-0.18072359691214793
8.319444444444445,-0.1993653617976305
8.322222222222223,-0.20945487104324473
8.325000000000001,-0.10510068710329261
8.327777777777778,-0.16010009234763528
8.330555555555556,-0.08294478865884414
8.333333333333334,0.007206060125730911
8.336111111111112,0.5031481625112549
8.338888888888889,0.9352085879977118
8.341666666666667,1.2975044135734006
8.344444444444445,1.4882951141741778
8.347222222222223,1.4729494243716337
8.35,1.2977506428474803
8.352777777777778,0.9765694914952046
8.355555555555556,0.5154786241221455
8.358333333333334,0.00958534147193933
8.36111111111111,-0.07061507106802964
8.363888888888889,-0.16490378745463513
8.366666666666667,-0.21152509370915518
8.369444444444445,-0.26064449344458024
8.372222222222222,-0.32757494906778123
8.375,-0.2943105633139706
8.377777777777778,-0.2235424862716351
8.380555555555556,-0.20421989327141526
8.383333333333333,-0.08111836526841393
8.386111111111111,0.02659962330435732
8.38888888888889,-0.042649719998458874
8.391666666666667,-0.027092222794682253
8.394444444444444,-0.020642189879668694
8.397222222222222,0.026445316119058638
8.4,-0.0065924379216774345
8.402777777777779,-0.005055120659176734
8.405555555555555,-0.08758149233319319
8.408333333333333,-0.037214831758109225
8.411111111111111,-0.03927542776024716
8.41388888888889,-0.015119164264345814
8.416666666666668,-0.015333477519540353
8.419444444444444,0.029333851277910324
8.422222222222222,0.005820695455307709
8.425,0.015806687641923174
8.427777777777779,0.007153926859656859
8.430555555555555,0.015377745793041804
8.433333333333334,0.04350152544691535
8.436111111111112,0.036197058836082326
8.43888888888889,0.09179015758650327
8.441666666666666,0.1011603917495184
8.444444444444445,0.1269850362130209
8.447222222222223,0.1520687670225839
8.450000000000001,0.15671671577052576
8.452777777777778,0.16598396828445394
8.455555555555556,0.20067089056387136
8.458333333333334,0.1637718458780879
8.461111111111112,0.15996563813167228
8.463888888888889,0.1972349485123479
8.466666666666667,0.2248789429796908
8.469444444444445,0.23708194811121236
8.472222222222223,0.23652510902633575
8.475,0.27625798900178955
8.477777777777778,0.2405584148306119
8.480555555555556,0.21983788621851924
8.483333333333334,0.2751504132229465
8.48611111111111,0.2339220874563685
8.488888888888889,0.24728163653314533
8.491666666666667,0.2697262259949302
8.494444444444445,0.26531764099671246
8.497222222222222,0.30372578882463735
8.5,0.25635833546940073
8.502777777777778,0.288436392177531
8.505555555555556,0.2719247373933723
8.508333333333333,0.26637406241949746
8.511111111111111,0.2479457080654079
8.51388888888889,0.2592183823246559
8.516666666666667,0.28003709074373134
8.519444444444444,0.248912219360241
8.522222222222222,0.25873194524539317
8.525,0.3004982459956369
8.527777777777779,0.23385267195892934
8.530555555555555,0.31052285830120485
8.533333333333333,0.17407152945550713
8.536111111111111,0.20363893889656784
8.53888888888889,0.2530780971755059
8.541666666666668,0.23746138556562285
8.544444444444444,0.21139809485567593
8.547222222222222,0.17111884652303017
8.55,0.19008727178897403
8.552777777777779,0.1614810668299757
8.555555555555555,0.20869648894326653
8.558333333333334,0.14745229803203766
8.561111111111112,0.07463545366443436
8.56388888888889,0.12902645225593268
8.566666666666666,0.07617507295293416
8.569444444444445,0.03504343623888335
8.572222222222223,0.09841799144012475
8.575000000000001,0.0889549793879141
8.577777777777778,0.06701030399368381
8.580555555555556,0.03699896440607879
8.583333333333334,-0.04345277471478384
8.586111111111112,-0.0418475131950548
8.588888888888889,-0.021595045556846205
8.591666666666667,-0.017845390354876152
8.594444444444445,-0.050783435753895975
8.597222222222223,-0.05540384929987534
8.6,-0.03406342781481237
8.602777777777778,-0.05968350221989865
8.605555555555556,-0.0021938616500096764
8.608333333333334,0.015778680677130986
8.61111111111111,-0.003174414915306449
8.613888888888889,-0.10085776440716968
8.616666666666667,-0.04776947736376059
8.619444444444445,-0.0651875782847599
8.622222222222222,-0.025389776975152923
8.625,-0.03421301881185761
8.627777777777778,0.05113871132612133
8.630555555555556,-0.029581603583488887
8.633333333333333,-0.05614249598550995
8.636111111111111,0.01900720871301978
8.63888888888889,-0.022378109689472462
8.641666666666667,-0.06405466168262812
8.644444444444444,0.01225087852792018
8.647222222222222,0.018639838564659943
8.65,-0.009052599222617704
8.652777777777779,-0.055111201148445935
8.655555555555555,-0.0508348019643973
8.658333333333333,-0.024438298460174337
8.661111111111111,-0.03631249114974983
8.66388888888889,-0.04729030052110118
8.666666666666668,-0.07913045076461239
8.669444444444444,-0.03885998365417896
8.672222222222222,-0.05197553711267208
8.675,-0.022188702298216012
8.677777777777779,0.02146964650915296
8.680555555555555,-0.011499168137637013
8.683333333333334,-0.07717220564435008
8.686111111111112,0.0013815247087491343
8.68888888888889,-0.03438667142070839
8.691666666666666,0.013527149986949441
8.694444444444445,-0.012506930451722527
8.697222222222223,-0.024772395967936654
8.700000000000001,-0.02562849028761674
8.702777777777778,-0.06629417851412267
8.705555555555556,-0.024726678584169055
8.708333333333334,-0.06861785533710243
8.711111111111112,0.009782277908173813
8.713888888888889,-0.0020259550683690425
8.716666666666667,-0.0329179906004852
8.719444444444445,-0.051919371322450725
8.722222222222223,-0.05175433499566033
8.725,-0.04413573709671071
8.727777777777778,-0.09986720679650532
8.730555555555556,-0.0031483403171868665
8.733333333333334,-0.09514235712042753
8.73611111111111,-0.04261246602051702
8.738888888888889,-0.007416730710832473
8.741666666666667,-0.052835087344984946
8.744444444444445,-0.02221763671739818
8.747222222222222,-0.04966227577297761
8.75,-0.06010657668150231
8.752777777777778,-0.022822288338368763
8.755555555555556,-0.04753772853705218
8.758333333333333,0.02104589883598104
8.761111111111111,-0.03722955357693981
8.76388888888889,-0.06897010583208114
8.766666666666667,-0.0005477994368978875
8.769444444444444,-0.031216344491432416
8.772222222222222,0.023387465099833464
8.775,-0.03498071809877533
8.777777777777779,-0.03910124336085435
8.780555555555555,-0.03771555793860595
8.783333333333333,-0.03446011182369818
8.786111111111111,-0.04157685950170476
8.78888888888889,0.007028811546140913
8.791666666666668,-0.01813958850986544
8.794444444444444,-0.011914727227981696
8.797222222222222,-0.07165377377620072
8.8,-0.08588971307102006
8.802777777777779,-0.047586539797233346
8.805555555555555,-0.05892866267826365
8.808333333333334,-0.01855420085076587
8.811111111111112,0.00947632769022521
8.81388888888889,0.0020690965906960193
8.816666666666666,-0.04081889679853428
8.819444444444445,0.027060887304121636
8.822222222222223,-0.02605341504913368
8.825000000000001,-0.03265658829021366
8.827777777777778,-0.0676663005293228
8.830555555555556,-0.07638966882573146
8.833333333333334,-0.018382794911224153
8.836111111111112,-0.017742900828758644
8.838888888888889,-0.015779033123011165
8.841666666666667,-0.058222185700852636
8.844444444444445,-0.09087669911884577
8.847222222222223,-0.019816791822192373
8.85,-0.03320994553001107
8.852777777777778,-0.02520594257690879
8.855555555555556,-0.04403991175428895
8.858333333333334,-0.0253147167468492
8.86111111111111,0.013082528405261223
8.863888888888889,-0.025165313139009046
8.866666666666667,-0.04257418390207348
8.869444444444445,-0.05045948999666033
8.872222222222222,-0.042086472808919424
8.875,-0.08494716528065352
8.877777777777778,-0.08774500599949352
8.880555555555556,-0.0823928614604662
8.883333333333333,-0.0478024142883762
8.886111111111111,-0.08819037799398446
8.88888888888889,-0.033332244851855826
8.891666666666667,-0.07495220108309991
8.894444444444444,-0.09392830743301117
8.897222222222222,-0.036624218811259476
8.9,-0.06092285812695658
8.902777777777779,-0.034378026472715276
8.905555555555557,-0.05749407765691067
8.908333333333333,-0.011641811416020761
8.911111111111111,-0.030714151222716868
8.91388888888889,-0.06232586816631122
8.916666666666668,-0.029304565632996226
8.919444444444444,-0.050539351357875927
8.922222222222222,-0.0236630171359066
8.925,-0.01143746715715109
8.927777777777779,-0.07948324918173255
8.930555555555555,-0.05698383124105438
8.933333333333334,-0.02475859367824854
8.936111111111112,-0.05141924193219366
8.93888888888889,-0.07452395213323348
8.941666666666666,-0.09275967381429961
8.944444444444445,-0.03115160868930067
8.947222222222223,-0.10159584840655178
8.950000000000001,-0.029536658406102426
8.952777777777778,-0.08495227511121428
8.955555555555556,-0.03155262425061972
8.958333333333334,-0.10685683094489204
8.961111111111112,-0.018966982568798755
8.963888888888889,-0.04366075801447233
8.966666666666667,-0.024835119285176614
8.969444444444445,-0.04231014412146443
8.972222222222223,-0.019395501702796827
8.975,-0.1230060729989983
8.977777777777778,-0.021927907116416703
8.980555555555556,-0.03855956356731287
8.983333333333334,-0.012625260995036636
8.98611111111111,-0.023748070639220478
8.988888888888889,-0.06376193100621584
8.991666666666667,-0.06145806400010798
8.994444444444445,-0.08585130610646854
8.997222222222222,-0.10663951905484056
9.0,-0.030167379507474116
9.002777777777778,-0.09000996562104266
9.005555555555556,-0.013057676841606875
9.008333333333333,-0.0745881775804223
9.011111111111111,-0.027751329411392762
9.01388888888889,0.007910403920264979
9.016666666666667,0.01535566158981935
9.019444444444444,-0.02394591432961861
9.022222222222222,0.11060883241440884
9.025,0.05360010248489891
9.027777777777779,0.07131282468973656
9.030555555555557,0.11086118519420429
9.033333333333333,0.10245192149099247
9.036111111111111,0.0735323878170038
9.03888888888889,0.13902324221619436
9.041666666666668,0.08316361612848305
9.044444444444444,0.08625314974784
9.047222222222222,0.08848920687690129
9.05,0.10349404266071452
9.052777777777779,0.04814699174720631
9.055555555555555,0.07660256100212404
9.058333333333334,0.019410273161233546
9.061111111111112,0.04825219003149471
9.06388888888889,0.10284118013326235
9.066666666666666,0.029294547217908987
9.069444444444445,-0.04739852602787824
9.072222222222223,0.01897100099181242
9.075000000000001,-0.01610529823724796
9.077777777777778,0.0011207419529216944
9.080555555555556,-0.02547429504899219
9.083333333333334,-0.0339905262355572
9.086111111111112,-0.048310778786868645
9.088888888888889,-0.04195298225329927
9.091666666666667,-0.015061738665530719
9.094444444444445,-0.08049337617857946
9.097222222222223,-0.07160054996365377
9.1,-0.029342061181793787
9.102777777777778,-0.020703212337263435
9.105555555555556,-0.021779722396646422
9.108333333333334,-0.008211450078477053
9.11111111111111,-0.0746893331858917
9.113888888888889,-0.042095693136456336
9.116666666666667,-0.05078811451662321
9.119444444444445,0.012860638217907248
9.122222222222222,-0.055906945626283955
9.125,-0.1241380031272161
9.127777777777778,-0.2053115637161108
9.130555555555556,-0.19845012962889763
9.133333333333333,-0.2658617585821818
9.136111111111111,-0.2663876380828467
9.13888888888889,-0.23603840090068673
9.141666666666667,-0.1538051940276983
9.144444444444444,-0.14649176618426224
9.147222222222222,-0.10205462798489492
9.15,0.42739562214759164
9.152777777777779,0.9192989841079111
9.155555555555557,1.2352038819651865
9.158333333333333,1.4227249037666394
9.161111111111111,1.4037550497829716
9.16388888888889,1.2605099677000402
9.166666666666668,0.8837824924822931
9.169444444444444,0.4656934264036723
9.172222222222222,-0.03930186616931551
9.175,-0.14093258415172502
9.177777777777779,-0.19746572621601577
9.180555555555555,-0.31035000480775726
9.183333333333334,-0.3386572755152777
9.186111111111112,-0.3814558071464923
9.18888888888889,-0.3330563057800528
9.191666666666666,-0.3152503365577344
9.194444444444445,-0.21820903125610647
9.197222222222223,-0.1691702130618984
9.200000000000001,-0.025224529212421295
9.202777777777778,-0.06218035757442783
9.205555555555556,-0.06380288441591456
9.208333333333334,-0.026621723869015238
9.211111111111112,-0.09193337497841692
9.213888888888889,-0.056527079828576715
9.216666666666667,-0.028502630886889885
9.219444444444445,-0.07727382151137446
9.222222222222223,-0.04305272109706018
9.225,-0.0563647459006568
9.227777777777778,-0.07236566497216296
9.230555555555556,-0.026036311532812703
9.233333333333334,-0.08120711661288224
9.23611111111111,-0.035926549780817565
9.238888888888889,-0.05172044833340119
9.241666666666667,-0.038210700051492436
9.244444444444445,-0.04222070078046879
9.247222222222222,0.0037704540528862365
9.25,0.01297772198400024
9.252777777777778,-0.005059005490884012
9.255555555555556,0.0034746094227648475
9.258333333333333,0.10715112267223634
9.261111111111111,0.09538356948806512
9.26388888888889,0.08430273691266864
9.266666666666667,0.08836537724416131
9.269444444444444,0.08034886539817407
9.272222222222222,0.12311248853588189
9.275,0.15666254212773278
9.277777777777779,0.14448109381228844
9.280555555555557,0.12105102221739289
9.283333333333333,0.1585545685490547
9.286111111111111,0.1842433485971763
9.28888888888889,0.16355434865969337
9.291666666666668,0.22634446346175754
9.294444444444444,0.18010435904953148
9.297222222222222,0.2315918667455309
9.3,0.2310223712854616
9.302777777777779,0.23670548503827507
9.305555555555555,0.2224517683390107
9.308333333333334,0.24204343238506149
9.311111111111112,0.22431215111820557
9.31388888888889,0.25425300801353184
9.316666666666666,0.22440939895055878
9.319444444444445,0.24651522072680307
9.322222222222223,0.27093833357602853
9.325000000000001,0.2728850655180848
9.327777777777778,0.25628862702896205
9.330555555555556,0.24577970325858653
9.333333333333334,0.24663408823708532
9.336111111111112,0.1671249659079153
9.338888888888889,0.2441324273829206
9.341666666666667,0.16317785372460356
9.344444444444445,0.23509270555255404
9.347222222222223,0.2723378604731812
9.35,0.19595832145734124
9.352777777777778,0.20203364397938123
9.355555555555556,0.19721016216305012
9.358333333333334,0.17261806530301094
9.36111111111111,0.2156573328429945
9.363888888888889,0.15191488970963743
9.366666666666667,0.13517757099631042
9.369444444444445,0.11321867029761588
9.372222222222222,0.1090393715918444
9.375,0.07357766929057748
9.377777777777778,0.04511304830971564
9.380555555555556,0.05311067157924087
9.383333333333333,0.0322022443550828
9.386111111111111,0.06118592816557725
9.38888888888889,0.05029894987934075
9.391666666666667,-0.03685080793870412
9.394444444444444,0.0064446173149495835
9.397222222222222,-0.0003185430401596613
9.4,-0.029027242756951024
9.402777777777779,-0.020393907948903132
9.405555555555557,-0.07922178858202872
9.408333333333333,-0.060193186759733966
9.411111111111111,-0.0007607725436483623
9.41388888888889,-0.07219170102893763
9.416666666666668,-0.06279681205388672
9.419444444444444,-0.05299572723198355
9.422222222222222,-0.03073984334651666
9.425,-0.060677816507221975
9.427777777777779,-0.04255234864057227
9.430555555555555,-0.024238450940671397
9.433333333333334,-0.003382739147630702
9.436111111111112,-0.017430539841249492
9.43888888888889,-0.05493095480748347
9.441666666666666,0.03362668472220211
9.444444444444445,-0.05921862264345298
9.447222222222223,-0.051808170080104805
9.450000000000001,-0.015484012097579342
9.452777777777778,-0.01466279964496045
9.455555555555556,-0.05182856620271606
9.458333333333334,-0.09339497111309567
9.461111111111112,-0.05203420302355681
9.463888888888889,0.00042221360485854287
9.466666666666667,-0.06804082015371893
9.469444444444445,-0.02639445909667479
9.472222222222223,-0.050483938614197706
9.475,-0.004963209987567475
9.477777777777778,-0.03938000307834274
9.480555555555556,-0.044506755562087025
9.483333333333334,-0.03035103396867774
9.48611111111111,-0.04614197687784008
9.488888888888889,-0.009442965051837636
9.491666666666667,-0.04118147678223107
9.494444444444445,-0.013470604204079594
9.497222222222222,-0.058953788069381424
9.5,-0.07484189009112019
9.502777777777778,-0.0580778130577525
9.505555555555556,-0.06743757521489982
9.508333333333333,0.00016601656763423622
9.511111111111111,-0.08079901726618696
9.51388888888889,-0.07226391912195984
9.516666666666667,-0.02955612175181572
9.519444444444444,-0.0802670796761012
9.522222222222222,-0.06922010018391292
9.525,-0.06344424255442856
9.527777777777779,-0.0025757085918095626
9.530555555555557,-0.0448573372506486
9.533333333333333,-0.012609056674741978
9.536111111111111,-0.07127027510128689
9.53888888888889,-0.052198864404293874
9.541666666666668,-0.06827091003459092
9.544444444444444,-0.02276691152830179
9.547222222222222,-0.020098938125841966
9.55,-0.05180765215191447
9.552777777777779,0.007161162979474535
9.555555555555555,-0.0720917855380318
9.558333333333334,-0.025159784881337126
9.561111111111112,-0.02562793440382146
9.56388888888889,-0.06688165916945044
9.566666666666666,0.022009652608994797
9.569444444444445,-0.046717553049195365
9.572222222222223,-0.007606599807627314
9.575000000000001,-0.06781659692569537
9.577777777777778,-0.11843958668227551
9.580555555555556,-0.06342748722780885
9.583333333333334,-0.04775216514580466
9.586111111111112,-0.023213063212733327
9.588888888888889,-0.025412414382441992
9.591666666666667,-0.03206272547715944
9.594444444444445,-0.053213465490041675
9.597222222222223,-0.03959618315085209
9.6,-0.09047325781324794
9.602777777777778,-0.050050775226944164
9.605555555555556,-0.015848390946314028
9.608333333333334,-0.09812858968014666
9.61111111111111,-0.021378632111361224
9.613888888888889,-0.021962874737895335
9.616666666666667,-0.038325480792082825
9.619444444444445,-0.08602906855512908
9.622222222222222,-0.03775662849196661
9.625,-0.046976190948929145
9.627777777777778,-0.026109252845000964
9.630555555555556,-0.037894393122217464
9.633333333333333,-0.032624908264785084
9.636111111111111,-0.023756654881109354
9.63888888888889,-0.027622123499908315
9.641666666666667,0.004026458390705125
9.644444444444444,0.010841140936243554
9.647222222222222,-0.0857088996263566
9.65,-0.05401043622206386
9.652777777777779,-0.018226432632977546
9.655555555555557,-0.0169117648506747
9.658333333333333,-0.018918596304639292
9.661111111111111,-0.05970699288270283
9.66388888888889,-0.03508824993870109
9.666666666666668,-0.04463341225540389
9.669444444444444,-0.030462453640624762
9.672222222222222,-0.10221452344943731
9.675,-0.04450522330693435
9.677777777777779,-0.04312732426493383
9.680555555555555,-0.09190303133932286
9.683333333333334,-0.021802273610776808
9.686111111111112,-0.0068588908028569436
9.68888888888889,-0.020748356985133096
9.691666666666666,-0.0577031077396374
9.694444444444445,-0.009953995532280966
9.697222222222223,0.004130444789146953
9.700000000000001,-0.013065246652000135
9.702777777777778,-0.040452487606346725
9.705555555555556,-0.008846884177576179
9.708333333333334,-0.03149550159923119
9.711111111111112,-0.016707908137022484
9.713888888888889,0.01972819222484892
9.716666666666667,-0.020153443405201452
9.719444444444445,-0.0441848038193169
9.722222222222223,-0.01026592924908209
9.725,-0.027937728070547875
9.727777777777778,-0.08004595110524595
9.730555555555556,-0.03769547795931028
9.733333333333334,-0.0292213018726991
9.73611111111111,-0.06838416516979576
9.738888888888889,0.005248370833268821
9.741666666666667,-0.028115960863087174
9.744444444444445,-0.009536197049982322
9.747222222222222,-0.02569795953882014
9.75,-0.025516674763094112
9.752777777777778,-0.00627791787188205
9.755555555555556,-0.03665979958349515
9.758333333333333,-0.030872910462258943
9.761111111111111,-0.0006259261784440709
9.76388888888889,-0.0034443792548480186
9.766666666666667,0.01202004473513663
9.769444444444444,-0.026951445443839914
9.772222222222222,-0.006375917193524086
9.775,-0.008689475518652132
9.777777777777779,-0.020315086233630875
9.780555555555557,-0.05289334984922694
9.783333333333333,0.0006058364236367353
9.786111111111111,-0.02606958746331619
9.78888888888889,-0.048317604263637765
9.791666666666668,-0.013198631746195722
9.794444444444444,-0.0075167116466596535
9.797222222222222,-0.04980791255373784
9.8,0.01949381558396932
9.802777777777779,-0.022471551823110326
9.805555555555555,-0.01563833933870247
9.808333333333334,-0.04689432154384951
9.811111111111112,-0.005835820366364019
9.81388888888889,-0.03748366890309878
9.816666666666666,-0.016765344205533387
9.819444444444445,-0.029236458174136743
9.822222222222223,-0.03665519062077735
9.825000000000001,-0.04332978477914863
9.827777777777778,-0.0419354587556065
9.830555555555556,-0.013949268322367219
9.833333333333334,-0.03257193855248572
9.836111111111112,0.08329780097594286
9.838888888888889,0.06880597036479719
9.841666666666667,0.012301615756697026
9.844444444444445,0.09569070129354801
9.847222222222223,0.10237376036255662
9.85,0.0897758006855317
9.852777777777778,0.06826477849266589
9.855555555555556,0.11128189082764349
9.858333333333334,0.14482402603796599
9.86111111111111,0.09942524883376622
9.863888888888889,0.15975596589568217
9.866666666666667,0.188376891793071
9.869444444444445,0.09671317899849205
9.872222222222222,0.15111623357943282
9.875,0.1394382436846366
9.877777777777778,0.2013908882935223
9.880555555555556,0.11014086685990657
9.883333333333333,0.14308753730326743
9.886111111111111,0.1221654981640564
9.88888888888889,0.1281477670527865
9.891666666666667,0.07353804692148574
9.894444444444446,0.07703249458809
9.897222222222222,0.023028656570239767
9.9,0.04482140813133098
9.902777777777779,0.022067660508420617
9.905555555555557,0.011799339045030605
9.908333333333333,0.023990851067147573
9.911111111111111,-0.014809566858555556
9.91388888888889,-0.003390631849181882
9.916666666666668,-0.012392948332825834
9.919444444444444,-0.014973807908733601
9.922222222222222,-0.024208420867911702
9.925,0.03264345594900072
9.927777777777779,0.020343905955389676
9.930555555555555,-0.041909126289525575
9.933333333333334,-0.034802990891732444
9.936111111111112,-0.010696539844256031
9.93888888888889,0.03409135126103477
9.941666666666666,0.01640281559382624
9.944444444444445,0.007760249521557425
9.947222222222223,-0.027735480022239127
9.950000000000001,0.038797656740987646
9.952777777777778,-0.04175574262939409
9.955555555555556,-0.1653486315255145
9.958333333333334,-0.14410640922553983
9.961111111111112,-0.16093747427637656
9.963888888888889,-0.1889645328197888
9.966666666666667,-0.17069171866097682
9.969444444444445,-0.14299957030749302
9.972222222222223,0.011943551962657964
9.975,-0.03633851734102951
9.977777777777778,0.47089411537942577
9.980555555555556,0.9811591421861315
9.983333333333334,1.258290812878374
9.98611111111111,1.4899622615093777
9.988888888888889,1.456276227858906
9.991666666666667,1.2961792219474575
9.994444444444445,0.9579241885882647
9.997222222222222,0.5024370412971001
10.0,0.0029216165911578234
10.002777777777778,-0.06939961565861581
10.005555555555556,-0.15459294757404168
10.008333333333333,-0.27069806506135435
10.011111111111111,-0.28623329622111704
10.01388888888889,-0.25770677910633766
10.016666666666667,-0.2933738394644395
10.019444444444446,-0.20950461861611622
10.022222222222222,-0.1453598402702244
10.025,-0.08323468078724078
10.027777777777779,-0.007908296016905375
10.030555555555557,-0.012884712569457502
10.033333333333333,0.052083640469233146
10.036111111111111,0.043950069405072484
10.03888888888889,-0.014087542184855615
10.041666666666668,0.07129350836729627
10.044444444444444,-0.018825779552679982
10.047222222222222,0.01564821154713666
10.05,-0.05485015258943487
10.052777777777779,-0.033146688390240785
10.055555555555555,-0.03810549021784483
10.058333333333334,0.017103462412660236
10.061111111111112,-0.011816407441277179
10.06388888888889,0.01608561846855045
10.066666666666666,-0.015805197348099147
10.069444444444445,0.09256597739534356
10.072222222222223,0.01824757399184031
10.075000000000001,0.07956351646077503
10.077777777777778,0.06380587793973133
10.080555555555556,0.1259821183214127
10.083333333333334,0.10046084399230706
10.086111111111112,0.1623148082289501
10.088888888888889,0.12117193166559787
10.091666666666667,0.08599972022006697
10.094444444444445,0.13010736428319294
10.097222222222223,0.14965651668075905
10.1,0.14354122108098724
10.102777777777778,0.19209383608808878
10.105555555555556,0.19266273012674098
10.108333333333334,0.2219374059020533
10.11111111111111,0.1841144139091281
10.113888888888889,0.27548333281331067
10.116666666666667,0.27290376513451686
10.119444444444445,0.2867470240939637
10.122222222222222,0.2615734593341511
10.125,0.277042309956182
10.127777777777778,0.26563347677215937
10.130555555555556,0.27748101165358424
10.133333333333333,0.2799307218550525
10.136111111111111,0.3111475456571907
10.13888888888889,0.2831687088078452
10.141666666666667,0.30761202936418125
10.144444444444446,0.2766776724135656
10.147222222222222,0.30667913701623084
10.15,0.330155633972051
10.152777777777779,0.29321958678007926
10.155555555555557,0.35328131491254194
10.158333333333333,0.2846207687732581
10.161111111111111,0.24538334175821097
10.16388888888889,0.2906649346277145
10.166666666666668,0.2851182429678682
10.169444444444444,0.3006698328450934
10.172222222222222,0.2682665973509685
10.175,0.2703071855503971
10.177777777777779,0.3343614018596142
10.180555555555555,0.2539000612887816
10.183333333333334,0.22599984585636912
10.186111111111112,0.2526392337416906
10.18888888888889,0.22687461585723204
10.191666666666666,0.26638306418775926
10.194444444444445,0.17812550409773129
10.197222222222223,0.23813533794263658
10.200000000000001,0.18846750352814248
10.202777777777778,0.1645876530356625
10.205555555555556,0.16473570903505227
10.208333333333334,0.1505474643334931
10.211111111111112,0.1733776984128128
10.213888888888889,0.0773722538039116
10.216666666666667,0.07894370131470467
10.219444444444445,0.0787147171632658
10.222222222222223,0.03531794863422097
10.225,-0.00512344273501688
10.227777777777778,0.013497615385818902
10.230555555555556,0.04112139440384993
10.233333333333334,-0.009429879611627511
10.23611111111111,0.007712924897512276
10.238888888888889,-0.014495599689666853
10.241666666666667,0.03651239373726804
10.244444444444445,0.005012718689298475
10.247222222222222,-0.0019458535732284586
10.25,0.00589498242683276
10.252777777777778,-0.01673012263637044
10.255555555555556,0.036574687120556205
10.258333333333333,0.055076873176401586
10.261111111111111,0.024490497528653767
10.26388888888889,0.034458005356468376
10.266666666666667,0.004548884484312614
10.269444444444446,0.05822453537624915
10.272222222222222,0.0030872057133159575
10.275,-0.00204385115303074
10.277777777777779,0.10732343819029082
10.280555555555557,0.040760240780364866
10.283333333333333,0.028203314781050877
10.286111111111111,-0.02916208965589919
10.28888888888889,0.048391844969807946
10.291666666666668,0.04177964672939214
10.294444444444444,0.053520734151137075
10.297222222222222,0.025289069410432324
10.3,-0.008728598843365187
10.302777777777779,0.00044212268484241507
10.305555555555555,0.0416049167538662
10.308333333333334,-0.030801809570145104
10.311111111111112,0.05871763585321843
10.31388888888889,0.0014431290983014065
10.316666666666666,0.03297642953922879
10.319444444444445,-0.02090457232979088
10.322222222222223,0.062453040279519166
10.325000000000001,0.044677229543566184
10.327777777777778,0.02265671920086504
10.330555555555556,-0.006667589255173273
10.333333333333334,-0.008227665240890882
10.336111111111112,0.007285955303261503
10.338888888888889,0.031938779646850844
10.341666666666667,-0.006190199490682689
10.344444444444445,0.0757200443506397
10.347222222222223,0.0598651191803799
10.35,-0.007515601237168695
10.352777777777778,0.057255896221148773
10.355555555555556,0.0007086821262662565
10.358333333333334,0.02359499596032312
10.36111111111111,0.041169218470879405
10.363888888888889,0.006035898093111794
10.366666666666667,-0.00310609658335418
10.369444444444445,0.029617798936188527
10.372222222222222,0.054414867538073584
10.375,0.047454336287561974
10.377777777777778,0.07245892970666604
10.380555555555556,0.07694364756997166
10.383333333333333,0.035820701387977334
10.386111111111111,0.07004171460296062
10.38888888888889,0.08815764359905037
10.391666666666667,0.05262512538670824
10.394444444444446,-0.009026342789834003
10.397222222222222,0.06092499437775324
10.4,0.040403921356949236
10.402777777777779,-0.020050344681067124
10.405555555555557,0.010074761340552314
10.408333333333333,0.07965339612683528
10.411111111111111,0.032906598829407406
10.41388888888889,0.06710689652036837
10.416666666666668,0.05482416494019004
10.419444444444444,0.028437016783727377
10.422222222222222,0.0039599099597286205
10.425,0.050582235024940386
10.427777777777779,0.053987018424298
10.430555555555555,0.025725519533168262
10.433333333333334,0.023773225391054087
10.436111111111112,0.06935028965455914
10.43888888888889,0.017654956905378674
10.441666666666666,0.03572392620045168
10.444444444444445,0.04818702683606542
10.447222222222223,0.07829631476336252
10.450000000000001,0.02202585179690772
10.452777777777778,0.004705474381265409
10.455555555555556,0.012740953354928346
10.458333333333334,0.05163358906291422
10.461111111111112,0.03588064112024681
10.463888888888889,0.03335584874146955
10.466666666666667,0.03322864484008265
10.469444444444445,0.02117027788657158
10.472222222222223,0.10300531419638616
10.475,-0.008032801235297177
10.477777777777778,0.01606140692026757
10.480555555555556,0.05290336925793698
10.483333333333334,0.03202411958756188
10.48611111111111,0.0014663600811658309
10.488888888888889,0.05236731163220582
10.491666666666667,0.04080729655535908
10.494444444444445,0.04265326840171214
10.497222222222222,0.08462105070734316
10.5,0.051265123331721146
10.502777777777778,0.06934292692971547
10.505555555555556,0.07479166275509772
10.508333333333333,0.06727540167040716
10.511111111111111,0.00861001242004994
10.51388888888889,0.0520267640341459
10.516666666666667,0.0503346223946813
10.519444444444446,0.004833406692586133
10.522222222222222,0.024501936852079093
10.525,0.06258458492386518
10.527777777777779,0.05532915536462049
10.530555555555557,0.04538513875755611
10.533333333333333,0.037037733669860164
10.536111111111111,0.0327889297590806
10.53888888888889,0.014242610909885399
10.541666666666668,0.04252205299413626
10.544444444444444,0.07978904719195595
10.547222222222222,0.0700248374807292
10.55,0.04934776344469101
10.552777777777779,0.03012927332083251
10.555555555555555,0.027113859273151675
10.558333333333334,0.011590220607135583
10.561111111111112,0.06167626847956141
10.56388888888889,0.021241729520744514
10.566666666666666,0.06538451001196793
10.569444444444445,0.03013931400204456
10.572222222222223,0.007240121805030662
10.575000000000001,0.011056975916560165
10.577777777777778,0.04050745005108031
10.580555555555556,0.019550757511499598
10.583333333333334,0.03845045599218971
10.586111111111112,0.04360984009902168
10.588888888888889,0.0019078050282331158
10.591666666666667,0.002527356667694207
10.594444444444445,0.025036024194915272
10.597222222222223,0.05377438124278138
10.6,-0.009406435187467962
10.602777777777778,0.005778850175921571
10.605555555555556,0.0470650948345262
10.608333333333334,0.06953768855366378
10.61111111111111,0.0448474554060677
10.613888888888889,0.034974675753934245
10.616666666666667,0.046396002418221456
10.619444444444445,0.012395381630519835
10.622222222222222,0.06171425403193141
10.625,0.0705847083410684
10.627777777777778,0.07558271810682525
10.630555555555556,0.06275136431238704
10.633333333333333,0.03496063782220819
10.636111111111111,0.10473537640270095
10.63888888888889,0.018539344930192
10.641666666666667,0.03210697193078248
10.644444444444446,0.08602548278321201
10.647222222222222,0.04430562045482817
10.65,0.07719589782782027
10.652777777777779,0.058776016740165825
10.655555555555557,0.0305226020074886
10.658333333333333,0.0269441822714608
10.661111111111111,0.0734309339326244
10.66388888888889,0.04623844459937135
10.666666666666668,-0.002478100835303969
10.669444444444444,0.09401347889245845
10.672222222222222,0.05988181634463874
10.675,0.026908804137846472
10.677777777777779,0.06527601429616885
10.680555555555555,0.05775654618546416
10.683333333333334,0.04557482300321805
10.686111111111112,0.07657080438018816
10.68888888888889,0.07021984147184597
10.691666666666666,0.09102860193767308
10.694444444444445,0.13441667426510218
10.697222222222223,0.13819434870572703
10.700000000000001,0.17203469252422818
10.702777777777778,0.14932956715207912
10.705555555555556,0.1616209040807399
10.708333333333334,0.17669154598050477
10.711111111111112,0.13759956053390426
10.713888888888889,0.2252588315919269
10.716666666666667,0.17164454408673369
10.719444444444445,0.16858863375389296
10.722222222222223,0.2257648435569474
10.725,0.17139399793516538
10.727777777777778,0.2066954686740036
10.730555555555556,0.14799760694724598
10.733333333333334,0.18707784109635156
10.73611111111111,0.2305072705283737
10.738888888888889,0.12745020214476802
10.741666666666667,0.1482070505264336
10.744444444444445,0.21212166194434312
10.747222222222222,0.1392703828396626
10.75,0.1685024127483984
10.752777777777778,0.12186762936220934
10.755555555555556,0.1058137643349482
10.758333333333333,0.11163388575238956
10.761111111111111,0.09931940079943045
10.76388888888889,0.09678679427920193
10.766666666666667,0.04748169370688523
10.769444444444446,0.07427374719314976
10.772222222222222,0.06388574562288152
10.775,0.03288093125132438
10.777777777777779,0.07074884107407362
10.780555555555557,0.04278428625107315
10.783333333333333,0.044434615826385734
10.786111111111111,0.049460283081132234
10.78888888888889,0.025178644492578676
10.791666666666668,0.028423304246554888
10.794444444444444,0.032778856113337404
10.797222222222222,0.08416810707591384
10.8,0.01680668559782069
10.802777777777779,0.006276639930961295
10.805555555555555,0.015170862971531536
10.808333333333334,0.01189370460608109
10.811111111111112,-0.05537428572484118
10.81388888888889,-0.16337452785770187
10.816666666666666,-0.1508247833501001
10.819444444444445,-0.15930044529633733
10.822222222222223,-0.13298592652815375
10.825000000000001,-0.07783039956614286
10.827777777777778,-0.028397451758916902
10.830555555555556,0.100833573586322
10.833333333333334,0.5831767744606198
10.836111111111112,1.0129805642294276
10.838888888888889,1.3067094507163117
10.841666666666667,1.5561336641519694
10.844444444444445,1.5503283747896055
10.847222222222223,1.390773684596589
10.85,1.0179692577114754
10.852777777777778,0.5498602258999484
10.855555555555556,-0.008032819233239813
10.858333333333334,-0.05288586354960659
10.86111111111111,-0.1737937444109
10.863888888888889,-0.24006251315589183
10.866666666666667,-0.24347410734092975
10.869444444444445,-0.18709429646579545
10.872222222222222,-0.21518769612852787
10.875,-0.2115869108108759
10.877777777777778,-0.14804771254150645
10.880555555555556,-0.009082424281233709
10.883333333333335,0.06704009177439954
10.886111111111111,0.006664579402752238
10.88888888888889,0.03176982594140551
10.891666666666667,0.021484572238357917
10.894444444444446,0.05724378966834068
10.897222222222222,0.08879255341337935
10.9,0.07957879832306833
10.902777777777779,0.054999518234812333
10.905555555555557,0.06221244038348917
10.908333333333333,0.02736604582658803
10.911111111111111,0.09991900879157747
10.91388888888889,0.12198166065169998
10.916666666666668,0.04096160428631202
10.919444444444444,0.0728632757724802
10.922222222222222,0.030212762748390916
10.925,0.051506921451995584
10.927777777777779,0.051656610577060925
10.930555555555555,0.020056748853984993
10.933333333333334,0.10954925763601678
10.936111111111112,0.15037665771680825
10.93888888888889,0.10265561877827359
10.941666666666666,0.13715644687650502
10.944444444444445,0.1809508173749929
10.947222222222223,0.2427335326008849
10.950000000000001,0.20432023254099327
10.952777777777778,0.20064936163127445
10.955555555555556,0.20244235962173335
10.958333333333334,0.17056671096268514
10.961111111111112,0.2393709044155159
10.963888888888889,0.3084564256055332
10.966666666666667,0.29871859379679533
10.969444444444445,0.2969991056731924
10.972222222222223,0.25997146960597073
10.975,0.3257801735485871
10.977777777777778,0.35570751482495233
10.980555555555556,0.29510244019472714
10.983333333333334,0.2842984988142323
10.98611111111111,0.3298424320868338
10.988888888888889,0.3749181500284617
10.991666666666667,0.3122351600912281
10.994444444444445,0.39955594690783414
10.997222222222222,0.31255526468549266
11.0,0.34055440261214953
11.002777777777778,0.35591229774516736
11.005555555555556,0.3646023942116668
11.008333333333335,0.3271532982499641
11.011111111111111,0.33128788778824864
11.01388888888889,0.3291551790500656
11.016666666666667,0.3253394688553403
11.019444444444446,0.30543985915639404
11.022222222222222,0.32974052650256225
11.025,0.32362178591026985
11.027777777777779,0.33095599177897567
11.030555555555557,0.237605346072327
11.033333333333333,0.2975214461969596
11.036111111111111,0.29357287021852974
11.03888888888889,0.2319531025009025
11.041666666666668,0.28266897620977793
11.044444444444444,0.2101480051637653
11.047222222222222,0.2666612097500776
11.05,0.20471571285022983
11.052777777777779,0.24182567044247547
11.055555555555555,0.211773113023696
11.058333333333334,0.19063523776800204
11.061111111111112,0.17870643832687663
11.06388888888889,0.1461231883533514
11.066666666666666,0.12369993490096658
11.069444444444445,0.1701400543153272
11.072222222222223,0.1473002168851706
11.075000000000001,0.13676191180989086
11.077777777777778,0.11023706468424752
11.080555555555556,0.06889354064412102
11.083333333333334,0.035722189554211255
11.086111111111112,0.05642322678882259
11.088888888888889,0.0735733507469353
11.091666666666667,0.054826149597425856
11.094444444444445,0.08281248828372448
11.097222222222223,0.03319218598812996
11.1,0.032613385608879164
11.102777777777778,0.042350746279709604
11.105555555555556,0.07087194831106024
11.108333333333334,0.04788567057033442
11.11111111111111,0.1085893542325859
11.113888888888889,0.0508847613016137
11.116666666666667,0.01623926444819493
11.119444444444445,0.042831725146404605
11.122222222222222,0.010103501451654895
11.125,0.055716478664395205
11.127777777777778,0.010052656845864781
11.130555555555556,0.045309526104043124
11.133333333333335,0.09828053592656681
11.136111111111111,0.0642066035475106
11.13888888888889,-0.0033881791099477573
11.141666666666667,0.03757082843751305
11.144444444444446,0.10447285829239049
11.147222222222222,0.029249572471607765
11.15,0.06878268870765068
11.152777777777779,0.0501669417014666
11.155555555555557,0.06547509506228344
11.158333333333333,0.09315526255727874
11.161111111111111,0.05118286414394792
11.16388888888889,0.027807662962392315
11.166666666666668,-0.02378706086376428
11.169444444444444,0.0725028228589791
11.172222222222222,0.059913471368479604
11.175,0.02694340456132403
11.177777777777779,0.031051379323505483
11.180555555555555,0.08235333902580647
11.183333333333334,0.030102722762522925
11.186111111111112,0.017574122345044275
11.18888888888889,-0.01131784662313029
11.191666666666666,0.04115733209630554
11.194444444444445,0.0031223556361941046
11.197222222222223,0.055062521063518916
11.200000000000001,0.03778989085237557
11.202777777777778,0.07961749415545799
11.205555555555556,0.08312152034986135
11.208333333333334,0.047035868532908066
11.211111111111112,0.009183538084606181
11.213888888888889,0.05943848180764312
11.216666666666667,0.038946564371639326
11.219444444444445,0.08696097397068456
11.222222222222223,0.059838560393741844
11.225,0.016230718220905598
11.227777777777778,0.0048144663882887725
11.230555555555556,0.06067904675390259
11.233333333333334,-0.007280507085008291
11.23611111111111,0.021011347037366075
11.238888888888889,0.11303075288886819
11.241666666666667,0.08787999103496205
11.244444444444445,0.04281924234143849
11.247222222222222,0.10831776041026782
11.25,0.02024605197129041
11.252777777777778,0.06330557317353962
11.255555555555556,0.029798500511617945
11.258333333333335,-0.009938123548437566
11.261111111111111,0.02536473611727488
11.26388888888889,-0.009958152664632361
11.266666666666667,0.027480961647712448
11.269444444444446,0.04008207393679303
11.272222222222222,-0.005437780404000302
11.275,0.05100350192241859
11.277777777777779,0.01186994145299207
11.280555555555557,-0.000995820557530308
11.283333333333333,0.0746595111913366
11.286111111111111,0.0853727003405082
11.28888888888889,0.04083091743844713
11.291666666666668,0.0518360636943543
11.294444444444444,0.04508404955628009
11.297222222222222,0.05072864290694193
11.3,0.03250832276283187
11.302777777777779,0.025865276989309037
11.305555555555555,0.07407671499274598
11.308333333333334,-0.0037855178062406805
11.311111111111112,0.02940065981529502
11.31388888888889,0.06052811093747054
11.316666666666666,0.04295842036527387
11.319444444444445,0.012469531642458027
11.322222222222223,0.029103185054974556
11.325000000000001,0.035483101883162824
11.327777777777778,0.0044438600962594145
11.330555555555556,0.014777919350170123
11.333333333333334,0.04321568439617722
11.336111111111112,0.07863040259650875
11.338888888888889,0.012688249246333622
11.341666666666667,0.07622229191073063
11.344444444444445,0.010946743313891224
11.347222222222223,0.07832738453696005
11.35,0.0094639135383029
11.352777777777778,0.06640583357249523
11.355555555555556,-0.038818198665566316
11.358333333333334,0.04358812522924046
11.36111111111111,0.03835374283250595
11.363888888888889,0.060381418791448066
11.366666666666667,0.022042109598758432
11.369444444444445,0.020942656723136475
11.372222222222222,0.07661518334667575
11.375,0.03001722030844682
11.377777777777778,0.029765195229320692
11.380555555555556,0.0017658300662579639
11.383333333333335,-0.004289516645050891
11.386111111111111,0.04700261315613698
11.38888888888889,0.027336115747630396
11.391666666666667,0.05675641179241712
11.394444444444446,-0.02069156656353742
11.397222222222222,0.04697542747903416
11.4,-0.002781807222345223
11.402777777777779,0.03835190413816415
11.405555555555557,0.008342614671788562
11.408333333333333,0.04581700718887255
11.411111111111111,0.036377293325931606
11.41388888888889,0.02000862695041005
11.416666666666668,-0.005604825817288751
11.419444444444444,0.052762369489680494
11.422222222222222,0.012769459729869405
11.425,0.0088455753934708
11.427777777777779,0.05303234122036758
11.430555555555555,0.0364705821935289
11.433333333333334,0.06954783154224739
11.436111111111112,-0.03781263311629412
11.43888888888889,-0.01116669823783728
11.441666666666666,0.02033864555208245
11.444444444444445,0.07208337704487192
11.447222222222223,0.05039774938416369
11.450000000000001,0.018415353952900174
11.452777777777778,0.005606747031995148
11.455555555555556,-0.0028577045250962503
11.458333333333334,0.057267430120899736
11.461111111111112,0.07185675898106193
11.463888888888889,0.006533544159006241
11.466666666666667,0.05139303902948761
11.469444444444445,0.036040596248704614
11.472222222222223,0.01716627526660002
11.475,-0.028979082690725442
11.477777777777778,0.02729544862504292
11.480555555555556,0.06438639552922307
11.483333333333334,0.009297915411955059
11.48611111111111,-0.011305848958426915
11.488888888888889,0.00652613725384759
11.491666666666667,-0.025905905994062003
11.494444444444445,-0.03253650689066663
11.497222222222222,0.05276696565117117
11.5,0.06923673140469329
11.502777777777778,0.09989061359470902
11.505555555555556,0.09868660485444877
11.508333333333335,0.12440673631887574
11.511111111111111,0.11690477292293228
11.51388888888889,0.13557523372238772
11.516666666666667,0.1890780642444466
11.519444444444446,0.1651847557060797
11.522222222222222,0.13078500956460193
11.525,0.13728764588357645
11.527777777777779,0.16793191509549577
11.530555555555557,0.1784492277675571
11.533333333333333,0.13102678358909514
11.536111111111111,0.1721317617572788
11.53888888888889,0.17301904590821615
11.541666666666668,0.13068193842875045
11.544444444444444,0.13986583640544054
11.547222222222222,0.1055177455357632
11.55,0.1386556379116841
11.552777777777779,0.14043513330185567
11.555555555555555,0.12189199817190002
11.558333333333334,0.1237690593168405
11.561111111111112,0.07276636492084793
11.56388888888889,0.10203005943453641
11.566666666666666,0.012559595992951353
11.569444444444445,0.02760142731193708
11.572222222222223,0.02760570427348346
11.575000000000001,0.06219009174289013
11.577777777777778,-0.014868042086019299
11.580555555555556,0.002630887748978782
11.583333333333334,0.02059886597903062
11.586111111111112,0.05095468936935541
11.588888888888889,-0.04789409554802258
11.591666666666667,-0.022800412148980705
11.594444444444445,-0.005081113706609479
11.597222222222223,-0.006212240574064143
11.6,-0.0102076880055296
11.602777777777778,0.0665919598859963
11.605555555555556,-0.048001172929325854
11.608333333333334,0.002646174510109157
11.61111111111111,-0.027469441321860383
11.613888888888889,0.0029504657083539517
11.616666666666667,-0.05397485920359874
11.619444444444445,-0.16371691802866212
11.622222222222222,-0.1826083914004951
11.625,-0.15393360203275405
11.627777777777778,-0.21205612066341512
11.630555555555556,-0.15883360821923836
11.633333333333335,-0.12969884621603456
11.636111111111111,-0.06654893904016823
11.63888888888889,0.03381433196737313
11.641666666666667,0.5374790216101337
11.644444444444446,0.988456509179422
11.647222222222222,1.2744887620635945
11.65,1.503741013742782
11.652777777777779,1.525871932462296
11.655555555555557,1.3070058006473984
11.658333333333333,0.9735800975511417
11.661111111111111,0.524899116483989
11.66388888888889,-0.003003402311720598
11.666666666666668,-0.13508235067257865
11.669444444444444,-0.18476607440258958
11.672222222222222,-0.20787530492708609
11.675,-0.2652032623174817
11.677777777777779,-0.2817671576313174
11.680555555555555,-0.28086606650031054
11.683333333333334,-0.22637117662463732
11.686111111111112,-0.1956893952310521
11.68888888888889,-0.05719074306751446
11.691666666666666,0.03562246511566933
11.694444444444445,-0.01794824706847244
11.697222222222223,0.0038150845176365845
11.700000000000001,-0.021949062596626323
11.702777777777778,0.05123940423333299
11.705555555555556,0.023935691188243246
11.708333333333334,-0.0034159914237968775
11.711111111111112,-0.0022288624993467153
11.713888888888889,0.013433065240864787
11.716666666666667,0.0696766251091576
11.719444444444445,-0.008784589373082166
11.722222222222223,-0.0033884023744538004
11.725,-0.013372945320670782
11.727777777777778,0.00886693159556276
11.730555555555556,-0.059538203081569985
11.733333333333334,-0.012762340937325832
11.73611111111111,-0.00013604913121889606
11.738888888888889,0.014922596124007589
11.741666666666667,0.08358499598441547
11.744444444444445,0.031216135517571214
11.747222222222222,0.016568240433575132
11.75,0.08995814526986742
11.752777777777778,0.08113309075837605
11.755555555555556,0.1553671940978417
11.758333333333335,0.15435268083620524
11.761111111111111,0.14453012818756325
11.76388888888889,0.17923234862054555
11.766666666666667,0.18693609562247723
11.769444444444446,0.21612210009667757
11.772222222222222,0.21698436084777867
11.775,0.24409899841227517
11.777777777777779,0.2989445629852465
11.780555555555557,0.23152252137911714
11.783333333333333,0.25229062206180036
11.786111111111111,0.19890346044785587
11.78888888888889,0.29012760127829684
11.791666666666668,0.2779882789602643
11.794444444444444,0.2624613466012489
11.797222222222222,0.267989808988572
11.8,0.2878411393907313
11.802777777777779,0.2845852278890469
11.805555555555555,0.2706362563071716
11.808333333333334,0.24627666145658647
11.811111111111112,0.312591322668411
11.81388888888889,0.23958932446373302
11.816666666666666,0.27382581908839504
11.819444444444445,0.2581421557896997
11.822222222222223,0.2875764495178084
11.825000000000001,0.2549230726903373
11.827777777777778,0.25217368949310626
11.830555555555556,0.21964857181123945
11.833333333333334,0.3136639922482464
11.836111111111112,0.2519908989929383
11.838888888888889,0.2151822142800217
11.841666666666667,0.20254237917703066
11.844444444444445,0.2049383479065212
11.847222222222223,0.27303178217212026
11.85,0.22371267386735819
11.852777777777778,0.19983696211069
11.855555555555556,0.1882027138417672
11.858333333333334,0.15951477310027276
11.86111111111111,0.14151647858119318
11.863888888888889,0.15188154032013804
11.866666666666667,0.14191940201732525
11.869444444444445,0.10065439133307284
11.872222222222222,0.10026384222743534
11.875,0.15062443771890535
11.877777777777778,0.033414520590740515
11.880555555555556,-0.015376605701010862
11.883333333333335,0.03991451152911149
11.886111111111111,0.02383820796575939
11.88888888888889,-0.009163415644418882
11.891666666666667,-0.038352979103195635
11.894444444444446,0.03304053704678404
11.897222222222222,0.03620160545069714
11.9,-0.07587394323890345
11.902777777777779,-0.01127655184316252
11.905555555555557,-0.034406804674791666
11.908333333333333,0.018966898323806543
11.911111111111111,-0.053207914470031384
11.91388888888889,0.041912707672850824
11.916666666666668,0.0169961782293537
11.919444444444444,-0.07699672202241115
11.922222222222222,-0.08924113819609394
11.925,-0.06949820082387037
11.927777777777779,-0.05056483251039061
11.930555555555555,-0.01846183662620632
11.933333333333334,-0.02962977987823035
11.936111111111112,0.009475960598381235
11.93888888888889,0.002874884582184687
11.941666666666666,-0.05122697164107977
11.944444444444445,-0.024570413644998387
11.947222222222223,-0.041827224629218576
11.950000000000001,-0.02825856136431967
11.952777777777778,-0.04420236114855715
11.955555555555556,-0.07285160304598065
11.958333333333334,-0.05606909651345837
11.961111111111112,-0.01718582563850346
11.963888888888889,-0.011771656259149658
11.966666666666667,-0.0272613264322291
11.969444444444445,-0.025268336142010035
11.972222222222223,-0.04486254722999847
11.975,-0.04668533693455572
11.977777777777778,-0.031156934686273743
11.980555555555556,-0.038617361724955945
11.983333333333334,-0.01399757828376586
11.98611111111111,0.022300936103446967
11.988888888888889,-0.05430488867745446
11.991666666666667,-0.008029734614248333
11.994444444444445,-0.031674011316884486
11.997222222222224,-0.0271733096348837
12.0,-0.023365667701440336
12.002777777777778,-0.0534808245524549
12.005555555555556,0.023132344274735567
12.008333333333335,0.036669377272306326
12.011111111111111,-0.05421977149421833
12.01388888888889,-0.03049337475283106
12.016666666666667,-0.12414746756633219
12.019444444444446,-0.0272533754507413
12.022222222222222,-0.03145154301296201
12.025,-0.013495522681462833
12.027777777777779,-0.005984627910496844
12.030555555555557,-0.049689218124286644
12.033333333333333,-0.03920459540710961
12.036111111111111,-0.024801006078935543
12.03888888888889,-0.05787890679140649
12.041666666666668,-0.06483989432506804
12.044444444444444,0.014454134801915909
12.047222222222222,-0.01927029277897134
12.05,-0.047212309086982526
12.052777777777779,-0.03142130818763163
12.055555555555555,-0.0792680781734576
12.058333333333334,-0.09088711481183026
12.061111111111112,-0.010727418472407782
12.06388888888889,0.018650330945486356
12.066666666666666,-0.05804316412330036
12.069444444444445,-0.013741122022072446
12.072222222222223,-0.022168708944040078
12.075000000000001,-0.03693687734740884
12.077777777777778,0.010345347842337614
12.080555555555556,-0.06222827344930328
12.083333333333334,-0.06443561990685268
12.086111111111112,-0.0016852277347903233
12.088888888888889,-0.06498131875766654
12.091666666666667,-0.03503566699530873
12.094444444444445,-0.014481686580501089
12.097222222222223,-0.045030246260631
12.1,-0.03868752221708633
12.102777777777778,-0.07391589714786355
12.105555555555556,-0.07349412860433288
12.108333333333334,-0.03730297199481167
12.11111111111111,-0.11391946713364355
12.113888888888889,-0.05978114264471812
12.116666666666667,-0.057914698115062516
12.119444444444445,0.008357835921651645
12.122222222222224,-0.0482421840699516
12.125,-0.04011691404892173
12.127777777777778,-0.04975526226989669
12.130555555555556,-0.07079591559671425
12.133333333333335,-0.030385041282201864
12.136111111111111,-0.05451464253561178
12.13888888888889,-0.059598274313805724
12.141666666666667,-0.029726353022327432
12.144444444444446,0.0022180201607236993
12.147222222222222,-0.04565433453796811
12.15,-0.013480200263107065
12.152777777777779,-0.011379109187355279
12.155555555555557,-0.02276918577610183
12.158333333333333,-0.03547131914754528
12.161111111111111,0.00724035589788611
12.16388888888889,-0.08190285184490477
12.166666666666668,0.016841537639770088
12.169444444444444,-0.016766521946759486
12.172222222222222,-0.05663300476517201
12.175,-0.006613853778834368
12.177777777777779,-0.02408543028171484
12.180555555555555,-0.030112228790994913
12.183333333333334,-0.021415648818916833
12.186111111111112,-0.06759996711985664
12.18888888888889,-0.02447284912463409
12.191666666666666,-0.0741136137325753
12.194444444444445,-0.03973214262282928
12.197222222222223,-0.07921826697595441
12.200000000000001,-0.04688645186439764
12.202777777777778,-0.05187021085457722
12.205555555555556,-0.07322800562287857
12.208333333333334,-0.06763251783178023
12.211111111111112,-0.042551635305350104
12.213888888888889,-0.032749530780740665
12.216666666666667,-0.021503433185960673
12.219444444444445,-0.07511203043457636
12.222222222222223,-0.014042532315722972
12.225,-0.08595492544836361
12.227777777777778,-0.05485047393776155
12.230555555555556,-0.03580296621363496
12.233333333333334,-0.03740195516314785
12.23611111111111,-0.06616145066047864
12.238888888888889,-0.09268875691071868
12.241666666666667,-0.08559482174950736
12.244444444444445,-0.0479970206459436
12.247222222222224,-0.07727703689874238
12.25,-0.04961045794823138
12.252777777777778,0.016261402982067574
12.255555555555556,-0.04656479458495536
12.258333333333335,-0.05776440132190409
12.261111111111111,-0.10757983021715811
12.26388888888889,-0.04960922086105382
12.266666666666667,-0.003857856066172921
12.269444444444446,0.003226416026134153
12.272222222222222,-0.058619102844557874
12.275,-0.026772252892722472
12.277777777777779,-0.0763061609414147
12.280555555555557,-0.03769662496400891
12.283333333333333,-0.05427767758794625
12.286111111111111,-0.021615448689671055
12.28888888888889,-0.06883022478991903
12.291666666666668,-0.07012132867615602
12.294444444444444,0.0025473645859421176
12.297222222222222,-0.04349508337129579
12.3,-0.008754446956687506
12.302777777777779,-0.05030847625511423
12.305555555555555,0.013240880798268337
12.308333333333334,-0.0662541442768444
12.311111111111112,-0.057034732610252936
12.31388888888889,-0.047570445620339484
12.316666666666666,-0.02927284249498882
12.319444444444445,-0.0912450682200786
12.322222222222223,-0.06475443099910777
12.325000000000001,-0.004839129560612956
12.327777777777778,-0.05998039661173862
12.330555555555556,-0.08244019015884169
12.333333333333334,-0.04642326965526007
12.336111111111112,-0.060369926407318766
12.338888888888889,-0.03953526761698462
12.341666666666667,-0.033254738121974436
12.344444444444445,-0.03615021634221385
12.347222222222223,-0.019854786089816244
12.35,-0.007875388264968815
12.352777777777778,-0.04716185006003821
12.355555555555556,-0.013087285279812622
12.358333333333334,0.026609175184400903
12.36111111111111,-0.027090340627035834
12.363888888888889,-0.06540649914261001
12.366666666666667,-0.04926147963181261
12.369444444444445,-0.07615991484276922
12.372222222222224,-0.07648636291635778
12.375,-0.040688123292729125
12.377777777777778,-0.055168494267680286
12.380555555555556,-0.05640560883589173
12.383333333333335,-0.001118320574526644
12.386111111111111,0.0203243035626335
12.38888888888889,-0.003994097999576007
12.391666666666667,0.010647440580795024
12.394444444444446,-0.019088285043430173
12.397222222222222,0.059898664959242495
12.4,0.05855979101536465
12.402777777777779,0.07616852421273956
12.405555555555557,0.06099735036582746
12.408333333333333,0.10717001373522378
12.411111111111111,0.09611963785692208
12.41388888888889,0.05201996974807053
12.416666666666668,0.1106491666254513
12.419444444444444,0.1412714313870013
12.422222222222222,0.0818134772530992
12.425,0.08563607088472312
12.427777777777779,0.07262562612386234
12.430555555555555,0.058828822486365215
12.433333333333334,0.04655055037479639
12.436111111111112,0.039410636023690805
12.43888888888889,0.06514155272222232
12.441666666666666,0.0108909348248022
12.444444444444445,0.013107694016315258
12.447222222222223,0.032950244184231404
12.450000000000001,-0.024525091285312113
12.452777777777778,-0.04624907504630993
12.455555555555556,-0.03573317025092088
12.458333333333334,-0.04698218651388812
12.461111111111112,-0.04518662093541469
12.463888888888889,0.0020351958163015438
12.466666666666667,-0.08135230093200606
12.469444444444445,-0.030324279025228325
12.472222222222223,-0.06129259657419474
12.475,-0.09651622668085223
12.477777777777778,-0.02135856487558872
12.480555555555556,-0.04737922883070459
12.483333333333334,-0.03424909585883878
12.48611111111111,-0.06446254688521193
12.488888888888889,-0.07066845225583183
12.491666666666667,-0.05318036420506829
12.494444444444445,-0.0301577699597819
12.497222222222224,-0.044731443764120304
12.5,-0.12218442221107322
12.502777777777778,-0.16778210713188868
12.505555555555556,-0.212437281570281
12.508333333333335,-0.27306191872692054
12.511111111111111,-0.3007556113457416
12.51388888888889,-0.18050863340521073
12.516666666666667,-0.19064045772251834
12.519444444444446,-0.11284283391367078
12.522222222222222,-0.04980325141538321
12.525,0.44833705284575853
12.527777777777779,0.896270022838595
12.530555555555557,1.2879459692591653
12.533333333333333,1.3937292108187354
12.536111111111111,1.38679332060995
12.53888888888889,1.2811919154589457
12.541666666666668,0.8891128633098914
12.544444444444444,0.4395466274674682
12.547222222222222,-0.033515302168926446
12.55,-0.13776896347412396
12.552777777777779,-0.18811457083916866
12.555555555555555,-0.26306403339776663
12.558333333333334,-0.33451229752474876
12.561111111111112,-0.3698295311256665
12.56388888888889,-0.3818820411120898
12.566666666666666,-0.3325736836013837
12.569444444444445,-0.23507907019440524
12.572222222222223,-0.1380960070536267
12.575000000000001,-0.061248778140448684
12.577777777777778,-0.060451446848192904
12.580555555555556,-0.04862296014600987
12.583333333333334,-0.05442950401960885
12.586111111111112,-0.027566788492457223
12.588888888888889,-0.09620757923099871
12.591666666666667,0.0021679540438456907
12.594444444444445,-0.056764992793353605
12.597222222222223,-0.01651724190178514
12.6,-0.08224947579485034
12.602777777777778,-0.08506633821245
12.605555555555556,-0.03701639008038543
12.608333333333334,0.02360022831729118
12.61111111111111,-0.08892786325772757
12.613888888888889,-0.05060831321237651
12.616666666666667,0.0004887102816449052
12.619444444444445,-0.00696376333122988
12.622222222222224,0.023551137761042847
12.625,0.060469335718316
12.627777777777778,0.07698929753185868
12.630555555555556,0.052629712927234076
12.633333333333335,0.04154203424236482
12.636111111111111,0.12254082999385912
12.63888888888889,0.07552717874982087
12.641666666666667,0.1222941338054846
12.644444444444446,0.13267526822162257
12.647222222222222,0.08129293973555639
12.65,0.15536013755724112
12.652777777777779,0.15673701957606404
12.655555555555557,0.17757258715382856
12.658333333333333,0.16945572008431684
12.661111111111111,0.21534147708743726
12.66388888888889,0.17188103837300944
12.666666666666668,0.20013581208996561
12.669444444444444,0.23384760969532897
12.672222222222222,0.18250634131990012
12.675,0.23867209791833566
12.677777777777779,0.18905481196291912
12.680555555555555,0.29361374635505516
12.683333333333334,0.18795829214356807
12.686111111111112,0.19449416951893173
12.68888888888889,0.20061491540345666
12.691666666666666,0.1961886370165889
12.694444444444445,0.25474850773219226
12.697222222222223,0.2400634088472578
12.700000000000001,0.22036272926649256
12.702777777777778,0.24470151389123118
12.705555555555556,0.23487780686064552
12.708333333333334,0.22815046219336313
12.711111111111112,0.26494703778611256
12.713888888888889,0.2276008482984706
12.716666666666667,0.2182482067015929
12.719444444444445,0.21466627381968081
12.722222222222223,0.20681249069658694
12.725,0.1785505473413118
12.727777777777778,0.2326168274172215
12.730555555555556,0.2260794514119087
12.733333333333334,0.25619801414953947
12.73611111111111,0.14862350447045966
12.738888888888889,0.17178412817151129
12.741666666666667,0.15651473684523956
12.744444444444445,0.14321543194440245
12.747222222222224,0.06894981456129082
12.75,0.055093666855173945
12.752777777777778,0.06439001691916124
12.755555555555556,0.07344824740228521
12.758333333333335,0.05150725183960026
12.761111111111111,0.0018005832366819602
12.76388888888889,0.0011647458603446376
12.766666666666667,0.04855782387156549
12.769444444444446,-0.003187248426872147
12.772222222222222,0.007487403730417761
12.775,-0.021111386861244544
12.777777777777779,-0.037456351257870744
12.780555555555557,0.006072324796753362
12.783333333333333,-0.03574096934131372
12.786111111111111,-0.04198168754576259
12.78888888888889,-0.08428085773409295
12.791666666666668,0.003850126940122267
12.794444444444444,-0.04387407301245663
12.797222222222222,-0.015658083186439593
12.8,-0.08631753391358589
12.802777777777779,-0.04765837629943263
12.805555555555555,-0.03440390177163595
12.808333333333334,-0.03845799127062864
12.811111111111112,-0.06601299111568223
12.81388888888889,-0.025963942308832748
12.816666666666666,-0.00410507430895847
12.819444444444445,-0.042216155460602665
12.822222222222223,-0.048455170353859545
12.825000000000001,-0.06764730702405691
12.827777777777778,-0.03925286480507254
12.830555555555556,-0.03080198741304537
12.833333333333334,-0.01665389522598744
12.836111111111112,-0.03936568699666308
12.838888888888889,-0.03521992198775939
12.841666666666667,-0.023310550692820016
12.844444444444445,-0.06318958608184264
12.847222222222223,-0.04810363862658137
12.85,-0.10011843238103135
12.852777777777778,-0.04997043655039937
12.855555555555556,-0.03685043916371951
12.858333333333334,-0.03831474668381398
12.86111111111111,-0.05368232613962557
12.863888888888889,-0.032630017183827284
12.866666666666667,-0.058983287745784534
12.869444444444445,-0.03490265889028782
12.872222222222224,-0.012963195183070944
12.875,-0.07834619257574815
12.877777777777778,-0.07693007931100185
12.880555555555556,-0.0736270657398482
12.883333333333335,-0.008844627015612283
12.886111111111111,-0.04652816378622811
12.88888888888889,-0.04341128864308273
12.891666666666667,-0.04089703892423857
12.894444444444446,-0.054197019581923356
12.897222222222222,-0.04537551653937308
12.9,-0.04208816991307159
12.902777777777779,-0.011064077848722976
12.905555555555557,-0.04330662760310125
12.908333333333333,-0.07926830833327461
12.911111111111111,-0.02987804356906837
12.91388888888889,-0.0304919035344572
12.916666666666668,-0.046563480352718505
12.919444444444444,-0.08114853619074094
12.922222222222222,-0.053194261451443944
12.925,-0.04297973569792379
12.927777777777779,-0.032388983916520106
12.930555555555555,-0.020069955793922723
12.933333333333334,0.024437185970891957
12.936111111111112,-0.05731710473419437
12.93888888888889,-0.05377431488324556
12.941666666666666,-0.0012119677110696767
12.944444444444445,-0.018664845547637747
12.947222222222223,-0.06014682316129122
12.950000000000001,-0.10416863715427463
12.952777777777778,0.01694196423405652
12.955555555555556,-0.037113237590032606
12.958333333333334,-0.04092080260883674
12.961111111111112,-0.03886731302691029
12.963888888888889,0.060812432349026335
12.966666666666667,-0.017431425632801596
12.969444444444445,-0.019215553585772368
12.972222222222223,-0.024093805076921035
12.975,-0.00647667458750276
12.977777777777778,-0.0358620951257425
12.980555555555556,0.013883996330695939
12.983333333333334,-0.07032389751515439
12.986111111111112,-0.023330133367070953
12.988888888888889,0.03885041258304946
12.991666666666667,0.012216265348053559
12.994444444444445,-0.0198970332037885
12.997222222222224,-0.028785635842411093
13.0,-0.010246000140283387
13.002777777777778,-0.027306253564895376
13.005555555555556,-0.015235838259295663
13.008333333333335,-0.01788921606218999
13.011111111111111,-0.0037335167643571254
13.01388888888889,0.028493564295594444
13.016666666666667,-0.037920748222757844
13.019444444444446,0.012676551448826772
13.022222222222222,0.013370523157862947
13.025,-0.014311359463737435
13.027777777777779,0.023673025736210808
13.030555555555557,-0.008380011791178556
13.033333333333333,-0.07150984128940081
13.036111111111111,-0.031158478478495975
13.03888888888889,0.045213757225944104
13.041666666666668,-0.05144347741052652
13.044444444444444,-0.096065601957681
13.047222222222222,0.008983021586516371
13.05,-0.05342108934975436
13.052777777777779,-0.0681826650356516
13.055555555555555,-0.013828484965298912
13.058333333333334,0.00514840927199459
13.061111111111112,-0.011689725482285737
13.06388888888889,-0.06977398145816274
13.066666666666666,-0.028208869558241347
13.069444444444445,0.0235091153440874
13.072222222222223,-0.0025826813270871107
13.075000000000001,-0.05763597366887195
13.077777777777778,-0.04262378219372764
13.080555555555556,-0.027260085038627747
13.083333333333334,0.01162696993072234
13.086111111111112,-0.04120204902431111
13.088888888888889,-0.02766116520504911
13.091666666666667,-0.011098650488896931
13.094444444444445,-0.049728528745715136
13.097222222222223,0.012666873055717287
13.1,-0.012615546688624038
13.102777777777778,-0.03664189843798443
13.105555555555556,-0.00968975990510078
13.108333333333334,0.009380196304006137
13.111111111111112,-0.0008222153981854823
13.113888888888889,-0.037524693177578436
13.116666666666667,-0.0005485432814747761
13.119444444444445,-0.056552437669427684
13.122222222222224,-0.02815449916712251
13.125,-0.015044286707009646
13.127777777777778,0.011119127222197975
13.130555555555556,-0.02224651785809216
13.133333333333335,0.0074148465786761895
13.136111111111111,-0.04939466037633182
13.13888888888889,-0.0002301694580206827
13.141666666666667,-0.07019144522632186
13.144444444444446,-0.008635224191335727
13.147222222222222,-0.006318345921565785
13.15,0.01806382910921821
13.152777777777779,-0.015593634625492698
13.155555555555557,-0.05678642912636095
13.158333333333333,-0.02510825517885198
13.161111111111111,0.022427727380865646
13.16388888888889,-0.04590176381570735
13.166666666666668,0.011416570524718249
13.169444444444444,0.009845204200163753
13.172222222222222,0.004303949336467071
13.175,-0.0068666049071666405
13.177777777777779,0.02159673590585323
13.180555555555555,0.0028803098245581797
13.183333333333334,-0.009624978596745411
13.186111111111112,-0.02813088855740816
13.18888888888889,-0.03477020724312616
13.191666666666666,-0.010165853501598519
13.194444444444445,0.03348258985972552
13.197222222222223,0.012063807951497337
13.200000000000001,0.026021920228306704
13.202777777777778,0.030289691762723385
13.205555555555556,0.014894501355047003
13.208333333333334,0.10054448755179485
13.211111111111112,0.06599858294447104
13.213888888888889,0.14112544540690555
13.216666666666667,0.047554773143245584
13.219444444444445,0.05270704226328855
13.222222222222223,0.11763728439989751
13.225,0.10395028235924826
13.227777777777778,0.09500419196108781
13.230555555555556,0.14875898158046957
13.233333333333334,0.14292967189932576
13.236111111111112,0.13566445812651107
13.238888888888889,0.16610663667295225
13.241666666666667,0.14605230865112667
13.244444444444445,0.13665995628105998
13.247222222222224,0.1047668521404481
13.25,0.11967400812686126
13.252777777777778,0.06174853728336939
13.255555555555556,0.0843087021238735
13.258333333333335,0.061360428398678085
13.261111111111111,0.033129266069831145
13.26388888888889,0.048475385800407264
13.266666666666667,0.019597275903917296
13.269444444444446,0.06018162825013505
13.272222222222222,-0.008553157532965037
13.275,-0.07173715120840628
13.277777777777779,-0.024205741829990992
13.280555555555557,0.05394009939927325
13.283333333333333,0.024107769731757732
13.286111111111111,0.018734129194729537
13.28888888888889,-0.05115513398331291
13.291666666666668,0.031996976870232806
13.294444444444444,0.026876782291140863
13.297222222222222,-0.016091029490235647
13.3,0.01899451036368737
13.302777777777779,0.05269883743615579
13.305555555555555,-0.00837156012317778
13.308333333333334,-0.004505503921894145
13.311111111111112,-0.013032008909006612
13.31388888888889,-0.013136823580383336
13.316666666666666,-0.12505283341832585
13.319444444444445,-0.12984183505886418
13.322222222222223,-0.12557490627180298
13.325000000000001,-0.14288905338005048
13.327777777777778,-0.22678009137609448
13.330555555555556,-0.15809587283632182
13.333333333333334,-0.07608794326649998
13.336111111111112,-0.038445439164010636
13.338888888888889,-0.050807857466515054
13.341666666666667,0.5101033435292455
13.344444444444445,0.9763606324484085
13.347222222222223,1.3438722323326244
13.35,1.4794827653158078
13.352777777777778,1.4520182386772786
13.355555555555556,1.289822948697575
13.358333333333334,0.9872901604896144
13.361111111111112,0.49946150520205934
13.363888888888889,0.04380538801739541
13.366666666666667,-0.030230265464684006
13.369444444444445,-0.17876601809073234
13.372222222222224,-0.2935449444143402
13.375,-0.2932905402490743
13.377777777777778,-0.2937475922318068
13.380555555555556,-0.33764649777894445
13.383333333333335,-0.25379137587320394
13.386111111111111,-0.1544462351191976
13.38888888888889,-0.08394623446933897
13.391666666666667,0.005711723342722516
13.394444444444446,0.01883829538032921
13.397222222222222,-0.0371671748892026
13.4,0.008640858892291416
13.402777777777779,0.020395713746360743
13.405555555555557,0.037752062873017675
13.408333333333333,0.002253657473743326
13.411111111111111,0.0010883859210762143
13.41388888888889,-0.022689523940765753
13.416666666666668,-0.04937212796609958
13.419444444444444,-0.015918199278496935
13.422222222222222,-0.04463354634197424
13.425,0.007303628351262243
13.427777777777779,-0.012746303867778672
13.430555555555555,-0.01572572362747198
13.433333333333334,0.06274690320950593
13.436111111111112,0.012811837125554996
13.43888888888889,0.06582632849181937
13.441666666666666,0.05099228852027598
13.444444444444445,0.08770856522640888
13.447222222222223,0.11271498634631912
13.450000000000001,0.12017469854069185
13.452777777777778,0.09959047662704282
13.455555555555556,0.1383723042491411
13.458333333333334,0.15491076171895563
13.461111111111112,0.1625600982529482
13.463888888888889,0.17860269601612933
13.466666666666667,0.12587640445717618
13.469444444444445,0.19261611862251346
13.472222222222223,0.2490491654435101
13.475,0.2489451455446451
13.477777777777778,0.23064930799101194
13.480555555555556,0.26934816882341567
13.483333333333334,0.29001463175641934
13.486111111111112,0.291053365475557
13.488888888888889,0.28628490931149025
13.491666666666667,0.2974419787536267
13.494444444444445,0.2935200889143154
13.497222222222224,0.3243024568224591
13.5,0.269084569151044
13.502777777777778,0.2861477765038958
13.505555555555556,0.311142123405969
13.508333333333335,0.3454240808867737
13.511111111111111,0.3199119789979836
13.51388888888889,0.33719159129292053
13.516666666666667,0.35666313096416913
13.519444444444446,0.2706469975032014
13.522222222222222,0.27986736167630716
13.525,0.3019339415994082
13.527777777777779,0.30971161560987454
13.530555555555557,0.23544553481103989
13.533333333333333,0.303433187099643
13.536111111111111,0.27618389186488246
13.53888888888889,0.32361715790428996
13.541666666666668,0.29967844644291786
13.544444444444444,0.2906733378030598
13.547222222222222,0.21489102407621608
13.55,0.20870157256579613
13.552777777777779,0.25910813506847774
13.555555555555555,0.20184682110723506
13.558333333333334,0.18473787129718933
13.561111111111112,0.20445751023784028
13.56388888888889,0.20223562530569525
13.566666666666666,0.16792145017168097
13.569444444444445,0.12114547987784614
13.572222222222223,0.1201285060096124
13.575000000000001,0.12540723527658532
13.577777777777778,0.11382249283638471
13.580555555555556,0.0569431545330861
13.583333333333334,0.09482395366997794
13.586111111111112,0.058932721687075314
13.588888888888889,0.06841971708772954
13.591666666666667,0.022616004084653918
13.594444444444445,0.05068845843726609
13.597222222222223,0.03328102336673971
13.6,-0.038043161515582694
13.602777777777778,0.014544146975247493
13.605555555555556,0.08127460684308185
13.608333333333334,0.013155526534515358
13.611111111111112,-0.0005194628857506968
13.613888888888889,0.00393802381752837
13.616666666666667,0.06841625829527295
13.619444444444445,0.05884137769795888
13.622222222222224,0.012220220063412826
13.625,0.02002802240175309
13.627777777777778,-0.02857756828440757
13.630555555555556,0.07736758546485833
13.633333333333335,0.02389093046888928
13.636111111111111,0.07680568807075534
13.63888888888889,0.09309742576555359
13.641666666666667,0.04826585423644045
13.644444444444446,0.058805201557225156
13.647222222222222,0.041135722727900836
13.65,0.008328529015617567
13.652777777777779,0.018032929572325516
13.655555555555557,-0.0279461534193207
13.658333333333333,0.017326399829851097
13.661111111111111,0.03304395231936366
13.66388888888889,0.06003451900792515
13.666666666666668,0.033311851415056076
13.669444444444444,-0.006028503405134163
13.672222222222222,0.06199777026152799
13.675,0.002825125194554322
13.677777777777779,0.06619965472413274
13.680555555555555,0.009092335987777981
13.683333333333334,0.03764096155095875
13.686111111111112,0.008867015094716466
13.68888888888889,0.016199122239871598
13.691666666666666,0.018051599055761237
13.694444444444445,0.0159724405292881
13.697222222222223,0.04895442292422869
13.700000000000001,0.04302458375136972
13.702777777777778,0.04582540146618973
13.705555555555556,0.09943220508827132
13.708333333333334,0.07208916243541083
13.711111111111112,0.024340689401799252
13.713888888888889,0.01824446233058699
13.716666666666667,0.05729083039678531
13.719444444444445,-0.018060808292189777
13.722222222222223,0.04115889980915376
13.725,0.09272181811829977
13.727777777777778,0.02990842265381134
13.730555555555556,0.03224914897551387
13.733333333333334,-0.0323442477537748
13.736111111111112,-0.009723639954188484
13.738888888888889,0.05619195451573888
13.741666666666667,0.028530693392374365
13.744444444444445,0.07736927258362862
13.747222222222224,0.006514233676897407
13.75,0.08671708329615183
13.752777777777778,-0.005561258526192582
13.755555555555556,0.01538248406380235
13.758333333333335,0.05733657610274924
13.761111111111111,0.03370758761992351
13.76388888888889,0.02822028472531253
13.766666666666667,0.07166352923866044
13.769444444444446,0.0589757879964629
13.772222222222222,0.05298758608175748
13.775,0.028017162049628862
13.777777777777779,0.10040252893694929
13.780555555555557,0.1056474917156475
13.783333333333333,-0.005182970884053249
13.786111111111111,0.07354267868865476
13.78888888888889,0.04239123401380112
13.791666666666668,0.018242809919290497
13.794444444444444,0.05332892873431596
13.797222222222222,0.07684052733223512
13.8,-0.06731467179861884
13.802777777777779,0.033489808694657154
13.805555555555555,-0.004710711483244735
13.808333333333334,0.019808521301196463
13.811111111111112,-0.05017446532989209
13.81388888888889,0.0001340024103390347
13.816666666666666,0.04466903204685316
13.819444444444445,0.09106482212706643
13.822222222222223,0.04441368262568735
13.825000000000001,-0.00592243079011609
13.827777777777778,0.053152653137796935
13.830555555555556,0.08152421307152717
13.833333333333334,0.01743280316895821
13.836111111111112,0.0212092266415578
13.838888888888889,-0.02863228802178125
13.841666666666667,0.06922936014260254
13.844444444444445,-0.02605753169228487
13.847222222222223,0.03419594706622641
13.85,0.0466827846165723
13.852777777777778,0.051104959237677466
13.855555555555556,0.04723275483929254
13.858333333333334,0.02736111762549255
13.861111111111112,0.024269095416109377
13.863888888888889,0.0746099570546912
13.866666666666667,0.04530086644955558
13.869444444444445,0.03877511318444622
13.872222222222224,0.0323477992699528
13.875,0.05504327616484045
13.877777777777778,0.052991116651537676
13.880555555555556,0.06755017521024548
13.883333333333335,0.08522291836234838
13.886111111111111,0.048345345925685124
13.88888888888889,0.08153352215439039
13.891666666666667,-0.01363711365471669
13.894444444444446,0.06280138947506696
13.897222222222222,0.06298408950799435
13.9,0.015720732925298377
13.902777777777779,0.08339863029661934
13.905555555555557,0.022217669252083752
13.908333333333333,0.08057970081872617
13.911111111111111,0.06895996082708396
13.91388888888889,0.01866577327593368
13.916666666666668,0.02347433904455715
13.919444444444444,0.10742981655556173
13.922222222222222,0.02697374072804188
13.925,0.0712542694696902
13.927777777777779,0.04756743913797268
13.930555555555555,0.04069657448789811
13.933333333333334,0.03463389427224308
13.936111111111112,0.11668962678196407
13.93888888888889,0.010206351009724786
13.941666666666666,0.0677958858244078
13.944444444444445,0.06988764913694472
13.947222222222223,0.04900935960038209
13.950000000000001,0.013147450852484234
13.952777777777778,-0.004852773883036184
13.955555555555556,0.010143516470994117
13.958333333333334,0.10990756364466561
13.961111111111112,0.017048833768447735
13.963888888888889,0.05308714211806352
13.966666666666667,0.06587953189362078
13.969444444444445,0.04643073303618544
13.972222222222223,0.06707183016446298
13.975000000000001,0.08713918043286814
13.977777777777778,0.1217707741795768
13.980555555555556,0.1070764619207495
13.983333333333334,0.09342012196623094
13.986111111111112,0.12292508196961557
13.988888888888889,0.17963695970797458
13.991666666666667,0.15116086002334528
13.994444444444445,0.14178365511642807
13.997222222222224,0.1737378027189411
14.0,0.2076410655232315
14.002777777777778,0.19873296766437665
14.005555555555556,0.19974947969315007
14.008333333333335,0.18139773937717282
14.011111111111111,0.20829411647655366
14.01388888888889,0.1843176550139421
14.016666666666667,0.153503413367948
14.019444444444446,0.25473305335906554
14.022222222222222,0.15303852391794975
14.025,0.19184977437691447
14.027777777777779,0.15899969743366277
14.030555555555557,0.12952044943139293
14.033333333333333,0.11515595049582944
14.036111111111111,0.16852160537551944
14.03888888888889,0.07613669802079134
14.041666666666668,0.1369399390520642
14.044444444444444,0.03207578025569878
14.047222222222222,0.03593642373252716
14.05,0.023463599171677237
14.052777777777779,-0.008840799130367692
14.055555555555555,-0.005058649873328505
14.058333333333334,0.027453555741670573
14.061111111111112,0.0352894036006871
14.06388888888889,0.03516070818850614
14.066666666666666,0.1023194088670272
14.069444444444445,0.09054670079476376
14.072222222222223,0.07059084270699253
14.075000000000001,0.06239959724422139
14.077777777777778,0.057679673096717655
14.080555555555556,0.063607675071261
14.083333333333334,0.054880333829179305
14.086111111111112,0.06943316894810397
14.088888888888889,0.027222527766858448
14.091666666666667,-0.041673384242763706
14.094444444444445,-0.08475980858194257
14.097222222222223,-0.09238811055805503
14.100000000000001,-0.1313420936424462
14.102777777777778,-0.10675717376039631
14.105555555555556,-0.10363355921771016
14.108333333333334,-0.05131557689357251
14.111111111111112,-0.042821542048847305
14.113888888888889,0.020494453236090365
14.116666666666667,0.5931973175381676
14.119444444444445,1.0170152702788953
14.122222222222224,1.3419908894868011
14.125,1.526275768439865
14.127777777777778,1.5978728856591904
14.130555555555556,1.28756557360621
14.133333333333335,0.9965352171577716
14.136111111111111,0.5873255239390897
14.13888888888889,0.017382941149488997
14.141666666666667,-0.034348679838484525
14.144444444444446,-0.09936893619756262
14.147222222222222,-0.19131869796957887
14.15,-0.2600407531648098
14.152777777777779,-0.23956510923342886
14.155555555555557,-0.20496954422907881
14.158333333333333,-0.1924727814653646
14.161111111111111,-0.10717780986721645
14.16388888888889,-0.013237672556208089
14.166666666666668,0.053226077180614305
14.169444444444444,0.06271574321824298
14.172222222222222,0.025194158459800834
14.175,0.07808477182971746
14.177777777777779,0.05167713329854134
14.180555555555555,0.010037943819970252
14.183333333333334,-0.006023968167188261
14.186111111111112,0.0776003934472288
14.18888888888889,0.1759637587040726
14.191666666666666,0.02699979547106016
14.194444444444445,0.047341676538588236
14.197222222222223,0.02657318786381888
14.200000000000001,0.005695115642469835
14.202777777777778,-0.012737716109224084
14.205555555555556,0.047571845721776695
14.208333333333334,0.043261726451563384
14.211111111111112,0.07122454788558871
14.213888888888889,0.11065134932885612
14.216666666666667,0.1317237208855716
14.219444444444445,0.1282358601853349
14.222222222222223,0.0948832090681018
14.225000000000001,0.13992715271775308
14.227777777777778,0.2038044090688639
14.230555555555556,0.1563532272175369
14.233333333333334,0.21551540922070353
14.236111111111112,0.24194728068562274
14.238888888888889,0.15122233736474072
14.241666666666667,0.27097210303018177
14.244444444444445,0.2600673946200264
14.247222222222224,0.3170403855321064
14.25,0.2420198167893353
14.252777777777778,0.30994761431022844
14.255555555555556,0.3161762813181991
14.258333333333335,0.3480732273179836
14.261111111111111,0.2879064440317083
14.26388888888889,0.2949041427632259
14.266666666666667,0.31732006199904605
14.269444444444446,0.33182562271301663
14.272222222222222,0.3199843433158131
14.275,0.3311218981133849
14.277777777777779,0.35494697367309613
14.280555555555557,0.36990366512942247
14.283333333333333,0.33681927677552853
14.286111111111111,0.3315430902994815
14.28888888888889,0.2940206753820682
14.291666666666668,0.38574708456395956
14.294444444444444,0.3226745866359963
14.297222222222222,0.33314186248106353
14.3,0.28978035673091784
14.302777777777779,0.3335178897799392
14.305555555555555,0.3490816534605324
14.308333333333334,0.27607089407289837
14.311111111111112,0.32397347998863796
14.31388888888889,0.2853266038998203
14.316666666666666,0.29274887949165684
14.319444444444445,0.2948802897985319
14.322222222222223,0.26505475465550676
14.325000000000001,0.277204487002189
14.327777777777778,0.2643680257145403
14.330555555555556,0.2761083880842349
14.333333333333334,0.3098250469565229
14.336111111111112,0.24660441199425603
14.338888888888889,0.16193916639504116
14.341666666666667,0.22711465228175876
14.344444444444445,0.18166093212772985
14.347222222222223,0.15371947383467008
14.350000000000001,0.08300726579886561
14.352777777777778,0.15699768482512547
14.355555555555556,0.150021616292919
14.358333333333334,0.07268429463122202
14.361111111111112,0.039399168326310414
14.363888888888889,0.07509272943499726
14.366666666666667,0.05973646186757181
14.369444444444445,0.07639854850749303
14.372222222222224,0.049006833516970945
14.375,0.044091438267255936
14.377777777777778,0.10107664931217597
14.380555555555556,-0.0033679909372359984
14.383333333333335,-0.02536433435337654
14.386111111111111,0.018136800962629367
14.38888888888889,0.014174130660284417
14.391666666666667,0.02826829385466425
14.394444444444446,0.060852611457834285
14.397222222222222,0.06120788176578541
14.4,0.01539549801838901
14.402777777777779,0.041197465801474445
14.405555555555557,0.01348605273212354
14.408333333333333,0.04908304198626176
14.411111111111111,0.04306308560619709
14.41388888888889,0.08707842290468423
14.416666666666668,0.05272262992537087
14.419444444444444,0.0883554637493057
14.422222222222222,0.06714250290160913
14.425,0.006395992758411073
14.427777777777779,0.05955917307313698
14.430555555555555,0.06599735167450665
14.433333333333334,-0.0011387741935936918
14.436111111111112,0.02450693624810394
14.43888888888889,0.08210821733112122
14.441666666666666,-0.011267474766413661
14.444444444444445,0.02314329657888644
14.447222222222223,0.053304985220418356
14.450000000000001,0.031017465386734236
14.452777777777778,0.03442293492240468
14.455555555555556,0.06761178902379487
14.458333333333334,0.00915987420097799
14.461111111111112,-0.006454034270706649
14.463888888888889,0.030685372574880077
14.466666666666667,0.014869096948422124
14.469444444444445,0.0561787837027329
14.472222222222223,0.041330038735896635
14.475000000000001,0.006428162537023427
14.477777777777778,0.02639483576541867
14.480555555555556,0.012589971399799092
14.483333333333334,0.05764555204578619
14.486111111111112,0.0713501001378997
14.488888888888889,0.023864513586987327
14.491666666666667,0.03587670482418392
14.494444444444445,0.057919835114215786
14.497222222222224,0.013812657643723896
14.5,0.0382380093773528
14.502777777777778,0.0477559959611106
14.505555555555556,0.0879680157938659
14.508333333333335,0.04314666390297432
14.511111111111111,-0.02331211655954099
14.51388888888889,0.0242862922788339
14.516666666666667,0.014707458598619615
14.519444444444446,0.003057222707634262
14.522222222222222,-0.015337048864135963
14.525,0.09049899215879821
14.527777777777779,0.040296051763868086
14.530555555555557,0.03651871042767932
14.533333333333333,0.034225654771732866
14.536111111111111,0.06669023125106972
14.53888888888889,0.04924662431049241
14.541666666666668,0.02704699228818415
14.544444444444444,0.06273755848377746
14.547222222222222,0.03224191986425786
14.55,0.049676520858999804
14.552777777777779,0.10705504580640285
14.555555555555555,0.030198852199724565
14.558333333333334,0.022690767246530054
14.561111111111112,0.0009964270064040034
14.56388888888889,0.03987065688721465
14.566666666666666,0.05000088171701627
14.569444444444445,0.07403552272410625
14.572222222222223,0.03981711540423014
14.575000000000001,0.031686817498025766
14.577777777777778,0.061300924317129205
14.580555555555556,-0.0007513540354656609
14.583333333333334,0.02740897139104349
14.586111111111112,0.05378487048437411
14.588888888888889,0.05360719639121553
14.591666666666667,0.036997028286710774
14.594444444444445,-0.014188528657578005
14.597222222222223,0.019029256329194902
14.600000000000001,0.05607505753243213
14.602777777777778,0.06937110521696194
14.605555555555556,0.019736745837231444
14.608333333333334,0.040644292507108416
14.611111111111112,0.05594751570049633
14.613888888888889,0.052838818320538064
14.616666666666667,0.051873608326578294
14.619444444444445,0.06174000685984422
14.622222222222224,0.062408169954642614
14.625,0.018546253139221685
14.627777777777778,0.007909300654955539
14.630555555555556,0.07716733393431933
14.633333333333335,0.08307117319544552
14.636111111111111,0.03782579612184354
14.63888888888889,-0.025658537140963243
14.641666666666667,0.03628220706753662
14.644444444444446,0.05181422212118307
14.647222222222222,0.03773692783202986
14.65,0.0445404154013785
14.652777777777779,0.019590786106929395
14.655555555555557,0.04815456414508472
14.658333333333333,0.06531544091853997
14.661111111111111,0.06422923466093705
14.66388888888889,-0.02054344849573386
14.666666666666668,0.014147083638109815
14.669444444444444,-0.006439947275931987
14.672222222222222,0.0274689833951302
14.675,0.054399522702033395
14.677777777777779,0.025942294614992634
14.680555555555555,0.01787693128826036
14.683333333333334,0.04422759540742499
14.686111111111112,0.055148220382852366
14.68888888888889,0.007818572738932078
14.691666666666666,0.08754432933830686
14.694444444444445,0.01812412743715145
14.697222222222223,0.018488394914123775
14.700000000000001,-0.0471115914631742
14.702777777777778,0.025621268250326137
14.705555555555556,-0.012715670147824723
14.708333333333334,0.017366526945820148
14.711111111111112,0.02828691808036246
14.713888888888889,0.0973608396759772
14.716666666666667,0.0019866963528777128
14.719444444444445,0.03984508469532997
14.722222222222223,0.03546038928531128
14.725000000000001,0.019696767838923192
14.727777777777778,0.044039652646976374
14.730555555555556,0.06184045781332924
14.733333333333334,0.05683815299742134
14.736111111111112,-0.001919514284990896
14.738888888888889,0.11925052031300257
14.741666666666667,0.03602596885109083
14.744444444444445,-0.007381690205563514
14.747222222222224,0.02854334633191751
14.75,0.007878441255268508
14.752777777777778,0.02506902993888814
14.755555555555556,0.05564226359372991
14.758333333333335,0.04137641416423618
14.761111111111111,0.03129569591544083
14.76388888888889,-0.016744164667229416
14.766666666666667,0.03777919103022021
14.769444444444446,0.021709303559859623
14.772222222222222,0.037781233489714655
14.775,0.040096649441704026
14.777777777777779,0.04226463536844465
14.780555555555557,-0.01579715119698202
14.783333333333333,-0.020621987273228212
14.786111111111111,0.026213255946247932
14.78888888888889,0.005832784437349735
14.791666666666668,0.02857516523341199
14.794444444444444,0.003973961446352715
14.797222222222222,0.04191010064725968
14.8,-0.02466570223379324
14.802777777777779,0.008266501223948989
14.805555555555555,0.025508130358490907
14.808333333333334,0.029348455234228174
14.811111111111112,0.04245727749481779
14.81388888888889,0.10905190473970668
14.816666666666666,0.04963056618570423
14.819444444444445,0.011286996684832875
14.822222222222223,0.05069909383188158
14.825000000000001,-0.018009563867037698
14.827777777777778,0.11648485461495811
14.830555555555556,-0.050547669097321474
14.833333333333334,0.007667487175873405
14.836111111111112,0.019610891672350812
14.838888888888889,-0.0032559055942920027
14.841666666666667,0.024250896112206148
14.844444444444445,-0.02237321659991553
14.847222222222223,-0.013550842882301437
14.850000000000001,-0.021337997022834947
14.852777777777778,0.013472626834262928
14.855555555555556,0.03567281808845554
14.858333333333334,-0.04239880092981193
14.861111111111112,0.02206015453613153
14.863888888888889,0.04436263945380563
14.866666666666667,0.024693649579172375
14.869444444444445,0.08663854807813162
14.872222222222224,0.1234294663926668
14.875,0.06577205889200806
14.877777777777778,0.03964494028485138
14.880555555555556,0.10154479815486875
14.883333333333335,0.07553714903856817
14.886111111111111,0.1676125421686022
14.88888888888889,0.08085268259832135
14.891666666666667,0.10458674476497568
14.894444444444446,0.15742510779401372
14.897222222222222,0.1460971779928953
14.9,0.17475527096904625
14.902777777777779,0.1815842738340262
14.905555555555557,0.1524566666021496
14.908333333333333,0.14477481709100223
14.911111111111111,0.15093157464140144
14.91388888888889,0.14723510673326953
14.916666666666668,0.16896545043260236
14.919444444444444,0.1281390541841683
14.922222222222222,0.13241054238529534
14.925,0.12575943111775556
14.927777777777779,0.08678471453945123
14.930555555555555,0.09346038517824563
14.933333333333334,0.07110706536265915
14.936111111111112,0.019309885649661844
14.93888888888889,0.03144261682222017
14.941666666666666,0.01588880928555996
14.944444444444445,0.02602943629766525
14.947222222222223,0.013062589170916431
14.950000000000001,0.06916353323348995
14.952777777777778,-0.02557342348051138
14.955555555555556,-0.027765988030906744
14.958333333333334,-0.013821463925248342
14.961111111111112,-0.009724121210953646
14.963888888888889,0.0026031442238931782
14.966666666666667,-0.0016664203419540819
14.969444444444445,-0.04711334345150532
14.972222222222223,0.027647888322459582
14.975000000000001,-0.0497857618084432
14.977777777777778,-0.014823762241294258
14.980555555555556,-0.00609564429007842
14.983333333333334,-0.032524114333157675
14.986111111111112,-0.12620413265605765
14.988888888888889,-0.20056362089642016
14.991666666666667,-0.1885417799010275
14.994444444444445,-0.2497262688091683
14.997222222222224,-0.14610938299248766
15.0,-0.21406651935661314
15.002777777777778,-0.1375210994778586
15.005555555555556,-0.059296848201335454
15.008333333333335,-0.030329685282550613
15.011111111111111,0.49870421508625684
15.01388888888889,0.9968227992784924
15.016666666666667,1.218996845079643
15.019444444444446,1.4836962825450122
15.022222222222222,1.4784555191694424
15.025,1.2410189333080606
15.027777777777779,0.9228091266752331
15.030555555555557,0.5721960469929455
15.033333333333333,-0.014993085400740557
15.036111111111111,-0.07668175704077344
15.03888888888889,-0.1849180485482735
15.041666666666668,-0.23330656365035854
15.044444444444444,-0.346511129768192
15.047222222222222,-0.3391548345636276
15.05,-0.27212309264428763
15.052777777777779,-0.26760726571126175
15.055555555555555,-0.16509793868257522
15.058333333333334,-0.08329704809399108
15.061111111111112,-0.04999548891372551
15.06388888888889,0.04300276009600767
15.066666666666666,0.012857733474595588
15.069444444444445,-0.038764126112012236
15.072222222222223,-0.041051612800138984
15.075000000000001,-0.057963037894311134
15.077777777777778,-0.03455542213501514
15.080555555555556,-0.04264020571647957
15.083333333333334,0.027459719057293816
15.086111111111112,-0.00637418455593299
15.08888888888889,-0.020393038018038743
15.091666666666667,-0.02319307600952089
15.094444444444445,-0.029924444371645625
15.097222222222223,-0.012657338064940944
15.100000000000001,-0.014891231275003206
15.102777777777778,-0.06168183854219836
15.105555555555556,0.011633016561165783
15.108333333333334,0.01872441089384716
15.111111111111112,0.06036381804015995
15.113888888888889,0.035621840754948765
15.116666666666667,0.12114619695150826
15.119444444444445,0.0870935133563027
15.122222222222224,0.13716170390392343
15.125,0.09771884669547483
15.127777777777778,0.19077229725400505
15.130555555555556,0.1209238482369535
15.133333333333335,0.11361928745867159
15.136111111111111,0.2298180652071967
15.13888888888889,0.17002740990108248
15.141666666666667,0.20344638167472404
15.144444444444446,0.1969230112188416
15.147222222222222,0.17944532949876763
15.15,0.2419138477289083
15.152777777777779,0.21975602559009208
15.155555555555557,0.2965266291299777
15.158333333333333,0.25071709203491793
15.161111111111111,0.3050000569826589
15.16388888888889,0.3048911098038649
15.166666666666668,0.27225528633341917
15.169444444444444,0.3302491193228288
15.172222222222222,0.26984516054161184
15.175,0.2812754639909771
15.177777777777779,0.3389723645162374
15.180555555555555,0.2359875501695155
15.183333333333334,0.2801953866895729
15.186111111111112,0.32061706363119136
15.18888888888889,0.3014269184983409
15.191666666666666,0.29673582219897615
15.194444444444445,0.2300613899339445
15.197222222222223,0.28764177525455226
15.200000000000001,0.24164730368041368
15.202777777777778,0.22827267863385634
15.205555555555556,0.296579544130465
15.208333333333334,0.27124034309888717
15.211111111111112,0.21594808618378872
15.21388888888889,0.19591569728613298
15.216666666666667,0.20291171653120718
15.219444444444445,0.16674445640757402
15.222222222222223,0.21191621152377046
15.225000000000001,0.18411433107362282
15.227777777777778,0.12276848742177139
15.230555555555556,0.12565162438828822
15.233333333333334,0.17110287599316637
15.236111111111112,0.1317666720526641
15.238888888888889,0.1224918565055976
15.241666666666667,0.10009773725711674
15.244444444444445,0.09725757765452372
15.247222222222224,0.08192195935227752
15.25,0.1018927763984112
15.252777777777778,0.017950060639057665
15.255555555555556,-0.06387376218378199
15.258333333333335,-0.03845816181244052
15.261111111111111,-0.054743398759486785
15.26388888888889,-0.016243465707827292
15.266666666666667,0.002678514296480087
15.269444444444446,0.00970840551757024
15.272222222222222,-0.05839538720502415
15.275,-0.05755384609754012
15.277777777777779,0.014624871285256427
15.280555555555557,-0.02160821185554488
15.283333333333333,-0.04103243102640267
15.286111111111111,-0.01662689958166535
15.28888888888889,-0.052283568713447685
15.291666666666668,-0.020085535639170336
15.294444444444444,-0.045075795460697066
15.297222222222222,-0.04705978526324861
15.3,0.004431390027630901
15.302777777777779,-0.07358602167918774
15.305555555555555,-0.048025386384670674
15.308333333333334,-0.03662178102048155
15.311111111111112,-0.02167142466126734
15.31388888888889,0.016318681366456114
15.316666666666666,0.011803534756594548
15.319444444444445,-0.0018699103308919482
15.322222222222223,0.04245086487692058
15.325000000000001,0.03272257230822153
15.327777777777778,-0.053099928922322195
15.330555555555556,-0.05824698465994959
15.333333333333334,-0.030714064121857197
15.336111111111112,-0.034873692298873264
15.33888888888889,-2.0395314248106144e-05
15.341666666666667,-0.03805295321764107
15.344444444444445,-0.021635123225690438
15.347222222222223,-0.027352672882645552
15.350000000000001,-0.07289810788400206
15.352777777777778,-0.0015559292597559712
15.355555555555556,-0.036455232216431065
15.358333333333334,-0.02294894336428674
15.361111111111112,-0.008659428844150156
15.363888888888889,-0.052980399001436446
15.366666666666667,0.0014334617803142824
15.369444444444445,-0.07886806365671103
15.372222222222224,-0.051033017471413956
15.375,-0.03975705610517137
15.377777777777778,-0.022182733864518245
15.380555555555556,-0.03155505556706244
15.383333333333335,-0.057466712402660935
15.386111111111111,-0.017104504894915492
15.38888888888889,-0.010384243796511646
15.391666666666667,-0.041209233491800834
15.394444444444446,-0.07074645693952931
15.397222222222222,-0.016452936058749836
15.4,-0.0022312676267733506
15.402777777777779,-0.04375259454865709
15.405555555555557,-0.0011472496444549576
15.408333333333333,-0.02778697302224778
15.411111111111111,-0.043054316044047955
15.41388888888889,-0.010234819099708147
15.416666666666668,-0.06190258802611733
15.419444444444444,-0.040361504352351356
15.422222222222222,-0.04826491285080017
15.425,-0.020623185189346777
15.427777777777779,-0.01054408526040665
15.430555555555555,-0.04655838232781675
15.433333333333334,-0.02180387147314841
15.436111111111112,-0.029057378521822864
15.43888888888889,-0.006565124458238744
15.441666666666666,-0.02062428010169333
15.444444444444445,-0.01954606813156444
15.447222222222223,-0.046210895652497495
15.450000000000001,-0.06143729493845492
15.452777777777778,-0.03339020057356805
15.455555555555556,-0.027695653683255876
15.458333333333334,-0.06062024521540067
15.461111111111112,-0.04255471870320697
15.46388888888889,-0.04186099521149214
15.466666666666667,-0.09563770197010284
15.469444444444445,-0.004632885231588051
15.472222222222223,-0.07016615380978658
15.475000000000001,-0.08110705858094726
15.477777777777778,-0.00043325535928050163
15.480555555555556,-0.018308156386543168
15.483333333333334,-0.03659230690148031
15.486111111111112,-0.0550430869045737
15.488888888888889,-0.020248560652882153
15.491666666666667,-0.04386061188605451
15.494444444444445,-0.08664435281540775
15.497222222222224,-0.012031907820135287
15.5,-0.035444773425109787
15.502777777777778,-0.046136035747666546
15.505555555555556,-0.025627748816021756
15.508333333333335,0.0014170367940526465
15.511111111111111,-0.07574974416416216
15.51388888888889,-0.0684240179798265
15.516666666666667,-0.0901661482713583
15.519444444444446,-0.05125330088336229
15.522222222222222,0.016940466281289167
15.525,-0.013021740580197328
15.527777777777779,-0.03772576260448091
15.530555555555557,-0.024766308550244823
15.533333333333333,-0.019040492588482127
15.536111111111111,-0.030042166543917406
15.53888888888889,-0.0048987117197201585
15.541666666666668,-0.06236857321888581
15.544444444444444,-0.03621358814789836
15.547222222222222,-0.07270754028599158
15.55,-0.042256877124083464
15.552777777777779,-0.03523226034829855
15.555555555555555,-0.023237468913416975
15.558333333333334,-0.001243500364069318
15.561111111111112,-0.03316569540738499
15.56388888888889,-0.03167032928449558
15.566666666666666,-0.014230831008857431
15.569444444444445,-0.02288265232912287
15.572222222222223,-0.042549115602085706
15.575000000000001,-0.0653483888265631
15.577777777777778,-0.05435569850492788
15.580555555555556,-0.059463301429908355
15.583333333333334,-0.0015255125299779501
15.586111111111112,-0.021778987652170283
15.58888888888889,-0.025859748855283426
15.591666666666667,-0.03864469850739318
15.594444444444445,-0.034918673689743586
15.597222222222223,-0.08582939160202385
15.600000000000001,-0.06431559326122697
15.602777777777778,-0.01720874701688313
15.605555555555556,-0.1002643407404787
15.608333333333334,-0.004327244303906734
15.611111111111112,-0.06206859105422693
15.613888888888889,-0.09209242951934507
15.616666666666667,-0.024808851112615125
15.619444444444445,-0.035695564358210155
15.622222222222224,-0.08591965218892339
15.625,-0.02475364042524522
15.627777777777778,-0.0693035421824797
15.630555555555556,-0.0628723074806532
15.633333333333335,-0.06896233186262532
15.636111111111111,-0.04568201215401038
15.63888888888889,-0.04167472933624773
15.641666666666667,-0.08128418989047947
15.644444444444446,-0.05322891192174441
15.647222222222222,-0.05248032638364015
15.65,-0.09249896611398437
15.652777777777779,-0.04717132759643896
15.655555555555557,-0.004221509258811637
15.658333333333333,0.001885406650643899
15.661111111111111,-0.05599358256732625
15.66388888888889,-0.00735666345997639
15.666666666666668,-0.010977072762326089
15.669444444444444,0.048313651513579726
15.672222222222222,-0.033345533923712964
15.675,0.031010166323149454
15.677777777777779,0.07312065138557697
15.680555555555555,0.037465259690515285
15.683333333333334,0.10383190251517621
15.686111111111112,0.07688709030037504
15.68888888888889,0.09162788095702407
15.691666666666666,0.09927633254628784
15.694444444444445,0.017722447407249306
15.697222222222223,0.11645440353228881
15.700000000000001,0.12986256986947675
15.702777777777778,0.10790104726680674
15.705555555555556,0.06919578690028035
15.708333333333334,0.1548956651824281
15.711111111111112,0.12498689797936163
15.71388888888889,0.08506261861470124
15.716666666666667,0.10284583919851961
15.719444444444445,0.044203738510972757
15.722222222222223,0.04319236350627994
15.725000000000001,0.06521454273892228
15.727777777777778,0.05816613999035451
15.730555555555556,0.013970292152130647
15.733333333333334,-0.0393965370607537
15.736111111111112,-0.02814732574538791
15.738888888888889,-0.008784965310718276
15.741666666666667,-0.049624397026655
15.744444444444445,-0.034150561877450775
15.747222222222224,-0.07019951773434671
15.75,-0.08451640407893626
15.752777777777778,-0.06625707952528957
15.755555555555556,-0.09876060895465724
15.758333333333335,-0.061176899519468864
15.761111111111111,-0.0741230062736267
15.76388888888889,-0.033822077949899595
15.766666666666667,-0.04095250308108021
15.769444444444446,-0.05155453683872467
15.772222222222222,-0.09364529773395182
15.775,0.03218621226603323
15.777777777777779,-0.08696992175470655
15.780555555555557,-0.05620322833919221
15.783333333333333,-0.13937179503550712
15.786111111111111,-0.1640025730079044
15.78888888888889,-0.21756051510491295
15.791666666666668,-0.30215488707134874
15.794444444444444,-0.23474557731662296
15.797222222222222,-0.2999690328436051
15.8,-0.17253637988142861
15.802777777777779,-0.08629363129138123
15.805555555555555,-0.06246166216269211
15.808333333333334,0.45699167139128155
15.811111111111112,0.9260799125028172
15.81388888888889,1.3048186564284956
15.816666666666666,1.4609801405064493
15.819444444444445,1.4447455544552055
15.822222222222223,1.245318331254216
15.825000000000001,0.9098163408066425
15.827777777777778,0.46779494593905063
15.830555555555556,0.006328207711311408
15.833333333333334,-0.15803033627283097
15.836111111111112,-0.21292573150735333
15.83888888888889,-0.2648756714072808
15.841666666666667,-0.262011431469682
15.844444444444445,-0.38364107830592215
15.847222222222223,-0.3563223123638918
15.850000000000001,-0.34135634481173044
15.852777777777778,-0.1905355451007732
15.855555555555556,-0.16115527251657252
15.858333333333334,-0.012895536658754973
15.861111111111112,-0.059007531705988575
15.863888888888889,-0.017479728618736076
15.866666666666667,-0.027311624842755445
15.869444444444445,-0.01236300423558074
15.872222222222224,-0.05972194113018372
15.875,-0.10327099277263371
15.877777777777778,-0.09438978214134572
15.880555555555556,-0.031350681240444926
15.883333333333335,-0.026324849763565847
15.886111111111111,-0.1303437867409904
15.88888888888889,-0.09162163529207788
15.891666666666667,-0.07834898087350106
15.894444444444446,0.013469422646146846
15.897222222222222,-0.042466899869008416
15.9,-0.06575225887904981
15.902777777777779,0.039242700691238086
15.905555555555557,0.005564943385188492
15.908333333333333,0.027320589213200856
15.911111111111111,0.003568510588848762
15.91388888888889,0.03791238357999289
15.916666666666668,0.09710879434928585
15.919444444444444,0.0681640616577257
15.922222222222222,0.05878349134831694
15.925,0.07123062714282208
15.927777777777779,0.11604081704300637
15.930555555555555,0.1413185906864706
15.933333333333334,0.13165200340709227
15.936111111111112,0.15588490794792906
15.93888888888889,0.23672711621554032
15.941666666666666,0.18450608067184965
15.944444444444445,0.24956866191375038
15.947222222222223,0.18393046662671647
15.950000000000001,0.14366493910188421
15.952777777777778,0.2730478461925705
15.955555555555556,0.30879048185962066
15.958333333333334,0.250187782031649
15.961111111111112,0.16095813056732708
15.96388888888889,0.24351458108295235
15.966666666666667,0.2646980812512362
15.969444444444445,0.2060758210444252
15.972222222222223,0.2561153764777225
15.975000000000001,0.2715837883746009
15.977777777777778,0.2196135896066766
15.980555555555556,0.26721049823897103
15.983333333333334,0.30123872106432925
15.986111111111112,0.24502895555031745
15.988888888888889,0.22319507263026953
15.991666666666667,0.2609056459179474
15.994444444444445,0.2661667573428484
15.997222222222224,0.26438401808523093
16.0,0.26740225386643135
16.00277777777778,0.2614502015934532
16.005555555555556,0.2292516667168362
16.008333333333333,0.1701352011812651
16.011111111111113,0.18016038534181378
16.01388888888889,0.18874480137807503
16.016666666666666,0.172431153441039
16.019444444444446,0.188087784959516
16.022222222222222,0.12826032279329747
16.025000000000002,0.13337647019665802
16.02777777777778,0.14165097799629384
16.030555555555555,0.12642703967205107
16.033333333333335,0.14413662284164822
16.03611111111111,0.03778029367481963
16.038888888888888,0.004702156230205923
16.041666666666668,0.07211217778067118
16.044444444444444,0.006499966941354164
16.047222222222224,0.011110956299243385
16.05,-0.0038014185981677237
16.052777777777777,0.01729268153832914
16.055555555555557,0.00946367814153944
16.058333333333334,-0.08117131894922475
16.06111111111111,-0.10845092300414702
16.06388888888889,-0.01982594209606104
16.066666666666666,-0.04964578556533086
16.069444444444446,-0.04392749896600706
16.072222222222223,-0.07480596452522967
16.075,0.0144432977379211
16.07777777777778,0.020027015164158085
16.080555555555556,-0.05628855245490256
16.083333333333336,-0.03706624954389835
16.086111111111112,-0.012506775362127097
16.08888888888889,-0.019499755219105477
16.09166666666667,0.0021480339457650155
16.094444444444445,-0.027740100518057125
16.09722222222222,-0.11203691123945964
16.1,-0.021375602784285203
16.102777777777778,-0.012792651348682106
16.105555555555558,-0.05468823432683017
16.108333333333334,-0.07914945567956702
16.11111111111111,-0.022015304999375006
16.11388888888889,-0.031511836673230806
16.116666666666667,-0.056391914990254075
16.119444444444444,0.0020477817246351768
16.122222222222224,-0.05483608681103695
16.125,0.011317228271329131
16.12777777777778,-0.029268786933123687
16.130555555555556,-0.12200266641117764
16.133333333333333,-0.05703878539829614
16.136111111111113,-0.01314003657131805
16.13888888888889,-0.04102622169520553
16.141666666666666,-0.09136848126519201
16.144444444444446,-0.06214283653999599
16.147222222222222,-0.008757421210800843
16.150000000000002,-0.07311158905660026
16.15277777777778,-0.039288997711609625
16.155555555555555,-0.023373118105255476
16.158333333333335,-0.001950516930045068
16.16111111111111,-0.0178444057858317
16.163888888888888,-0.0677836654751624
16.166666666666668,-0.03556710195049786
16.169444444444444,-0.0526577377147326
16.172222222222224,-0.03815687320954723
16.175,-0.027278230598392947
16.177777777777777,-0.012339232726318698
16.180555555555557,-0.003792977000912079
16.183333333333334,-0.012060935357601266
16.18611111111111,-0.05944084342260982
16.18888888888889,-0.029066903521276603
16.191666666666666,-0.017741310780212502
16.194444444444446,-0.016447031339992757
16.197222222222223,-0.037308050768248543
16.2,-0.05226247571228796
16.20277777777778,-0.048238631443267205
16.205555555555556,-0.028762089493426412
16.208333333333336,0.008239982249950768
16.211111111111112,-0.035825310650384565
16.21388888888889,-0.026045243952774036
16.21666666666667,0.010456796329227552
16.219444444444445,-0.021676269507705105
16.22222222222222,-0.11990752619531117
16.225,-0.022258336578339828
16.227777777777778,-0.003906279365428325
16.230555555555558,0.017041674735002343
16.233333333333334,-0.06533621177594068
16.23611111111111,-0.022247055609353555
16.23888888888889,-0.0725501061310736
16.241666666666667,-0.03954186471830644
16.244444444444444,-0.038709593643200674
16.247222222222224,-0.05495711311823678
16.25,-0.04939848468087303
16.25277777777778,-0.03262977224903862
16.255555555555556,-0.030217460149124943
16.258333333333333,-0.06890697190276332
16.261111111111113,-0.062223180588020635
16.26388888888889,-0.06040150026785468
16.266666666666666,-0.005008124109712537
16.269444444444446,-0.002108618296724596
16.272222222222222,-0.018780278582049774
16.275000000000002,-0.022699958819055517
16.27777777777778,-0.024137357307363955
16.280555555555555,-0.0072822744961377715
16.283333333333335,-0.03489112491315292
16.28611111111111,-0.02903563316704788
16.288888888888888,-0.04410843072526762
16.291666666666668,-0.01785965631240593
16.294444444444444,-0.017220592021591142
16.297222222222224,-0.06932108985713492
16.3,-0.10692223790795005
16.302777777777777,-0.05236464209046643
16.305555555555557,-0.05543806658072234
16.308333333333334,-0.06778828968611136
16.31111111111111,-0.010915634630746116
16.31388888888889,0.030240292176526705
16.316666666666666,-0.03127066617720717
16.319444444444446,-0.006319180112498008
16.322222222222223,-0.06403068699983908
16.325,-0.012587899976994159
16.32777777777778,-0.022785464121736754
16.330555555555556,-0.09770743380280096
16.333333333333336,-0.013725068290701858
16.336111111111112,-0.019087168458136204
16.33888888888889,-0.02937722580732255
16.34166666666667,0.01392001611350905
16.344444444444445,-0.028171323086587364
16.34722222222222,0.01414791683890982
16.35,-0.035885266605802824
16.352777777777778,-0.03454332304231685
16.355555555555558,-0.05758443406532672
16.358333333333334,-0.03665739878154143
16.36111111111111,-0.00662023209859482
16.36388888888889,-0.03153837550885204
16.366666666666667,-0.01709939266194386
16.369444444444444,-0.013607672057205185
16.372222222222224,-0.04208009129418047
16.375,-0.0013715168041944295
16.37777777777778,-0.01616212648144596
16.380555555555556,-0.00035380018342471425
16.383333333333333,-0.029205105421209524
16.386111111111113,-0.0137066944862692
16.38888888888889,-0.014682209243109347
16.391666666666666,-0.024198338689017065
16.394444444444446,0.015344978615649294
16.397222222222222,-0.05847513147363803
16.400000000000002,0.0004823650105233758
16.40277777777778,0.006034382641899563
16.405555555555555,-0.035180214809139826
16.408333333333335,-0.11364078037465815
16.41111111111111,0.016130391462613247
16.413888888888888,-0.04328249499299398
16.416666666666668,-0.01246730685889011
16.419444444444444,-0.0652174328505734
16.422222222222224,-0.024676121925421256
16.425,0.00799677992310241
16.427777777777777,-0.004554895610204893
16.430555555555557,-0.04307905300437851
16.433333333333334,0.05031640613584159
16.43611111111111,0.04858508533078705
16.43888888888889,0.025128227515585973
16.441666666666666,-0.026392316748290148
16.444444444444446,-0.013399094335615227
16.447222222222223,-0.028773734300099604
16.45,-0.0276658807979537
16.45277777777778,-0.03016240986540173
16.455555555555556,0.0014540783115242692
16.458333333333336,-0.002923710784900023
16.461111111111112,0.0028669481430845384
16.46388888888889,-0.001709960663530477
16.46666666666667,-0.022604380040466675
16.469444444444445,-0.04006106637919675
16.47222222222222,-0.03759199727032195
16.475,-0.02662313737387662
16.477777777777778,0.017826918508574912
16.480555555555558,-0.021120001386327754
16.483333333333334,0.02669945113210421
16.48611111111111,-0.007174455766559404
16.48888888888889,-0.07849049719929858
16.491666666666667,-0.0337260145535932
16.494444444444444,0.013872320291872162
16.497222222222224,0.03902352101646524
16.5,-0.01846187591335923
16.50277777777778,-0.004586252888682328
16.505555555555556,-0.06645765886407892
16.508333333333333,0.0215324275014242
16.511111111111113,0.020220738204026492
16.51388888888889,0.012711659792509192
16.516666666666666,-0.019002600253454523
16.519444444444446,0.0016637393584367985
16.522222222222222,0.002752594781499234
16.525000000000002,-0.02020537517084257
16.52777777777778,-0.005114758558560828
16.530555555555555,-0.0019786312823434037
16.533333333333335,0.04914159410563687
16.53611111111111,0.021321606948670375
16.538888888888888,0.05855611151671767
16.541666666666668,0.10115324976742131
16.544444444444444,0.04177270184594211
16.547222222222224,0.11758885110156343
16.55,0.131651538428629
16.552777777777777,0.16165535870062017
16.555555555555557,0.1500826313077899
16.558333333333334,0.13235404939527548
16.56111111111111,0.13013894907756612
16.56388888888889,0.14253159366836649
16.566666666666666,0.13466150972577776
16.569444444444446,0.17714970251906081
16.572222222222223,0.12421643717567946
16.575,0.16564136885305358
16.57777777777778,0.1107007040530998
16.580555555555556,0.1459596570766326
16.583333333333336,0.12328558639000187
16.586111111111112,0.07504060749688447
16.58888888888889,0.0935267577281022
16.59166666666667,0.06584801377999568
16.594444444444445,0.1350045182427171
16.59722222222222,0.07848210307986904
16.6,0.028983450229800457
16.602777777777778,0.03299556410476412
16.605555555555558,0.029585034435209982
16.608333333333334,0.004064410491412394
16.61111111111111,0.03072700695349732
16.61388888888889,-0.004335800296079626
16.616666666666667,-0.02960594144688421
16.619444444444444,-0.016389852151268855
16.622222222222224,-0.025229520620629883
16.625,-0.025508950915008807
16.62777777777778,0.009194209155844667
16.630555555555556,-0.03339356848797951
16.633333333333333,0.03719940958859989
16.636111111111113,-0.00017609846854035058
16.63888888888889,-0.04292236460160472
16.641666666666666,-0.0003527458087820316
16.644444444444446,0.01795111727644191
16.647222222222222,0.020632488358528264
16.650000000000002,-0.08573535232499122
16.65277777777778,-0.1071354997252591
16.655555555555555,-0.16163233009632647
16.658333333333335,-0.15948497966442607
16.66111111111111,-0.25468752091798863
16.663888888888888,-0.20335107344203707
16.666666666666668,-0.09698702654905178
16.669444444444444,-0.10097824318727941
16.672222222222224,-0.017506526388651772
16.675,0.5192221000030691
16.677777777777777,0.9944477247094352
16.680555555555557,1.287974286772735
16.683333333333334,1.4970384197530113
16.68611111111111,1.5287478117154119
16.68888888888889,1.2827296217469637
16.691666666666666,1.0072333526804527
16.694444444444446,0.4875447695445232
16.697222222222223,-0.04820546574503788
16.7,-0.14291782022385927
16.70277777777778,-0.19253085683417562
16.705555555555556,-0.25994265916566983
16.708333333333336,-0.2530442202398498
16.711111111111112,-0.3300661419713027
16.71388888888889,-0.28583659975513787
16.71666666666667,-0.19480445489334436
16.719444444444445,-0.2412280332361462
16.72222222222222,-0.11309517281922091
16.725,-0.010872034708730483
16.727777777777778,0.0029755576437347957
16.730555555555558,-0.003928865866585002
16.733333333333334,-0.02345521928350364
16.73611111111111,0.09130244471988844
16.73888888888889,0.060715410481745606
16.741666666666667,-0.005861931624475903
16.744444444444444,0.008132569612724913
16.747222222222224,0.04027119180165972
16.75,0.046512961383894935
16.75277777777778,0.010759781697325724
16.755555555555556,0.02610778493473344
16.758333333333333,0.04060083196422039
16.761111111111113,0.0156854203073448
16.76388888888889,-0.02482599798252401
16.766666666666666,0.035619069709419166
16.769444444444446,0.03315625750257535
16.772222222222222,0.06545238780935964
16.775000000000002,0.013700243951144976
16.77777777777778,0.1682212491833473
16.780555555555555,0.14041275622267152
16.783333333333335,0.1372366189658146
16.78611111111111,0.1577550196200388
16.788888888888888,0.17116390052483796
16.791666666666668,0.19682998983032038
16.794444444444444,0.1955259934091449
16.797222222222224,0.1729662587678399
16.8,0.16892579347086753
16.802777777777777,0.19579527090017235
16.805555555555557,0.2750319603993283
16.808333333333334,0.1649356932818173
16.81111111111111,0.2063761981211772
16.81388888888889,0.29222350005335307
16.816666666666666,0.2707610881377146
16.819444444444446,0.310939129210902
16.822222222222223,0.2571209821848518
16.825,0.25101596504882495
16.82777777777778,0.2835219863474768
16.830555555555556,0.31364070070335087
16.833333333333336,0.3016902676860013
16.836111111111112,0.32402617399555944
16.83888888888889,0.2926765344675108
16.84166666666667,0.2703238076948497
16.844444444444445,0.32008471386487375
16.84722222222222,0.33680273179533027
16.85,0.26831074571705055
16.852777777777778,0.34071990674286634
16.855555555555558,0.3269332298324595
16.858333333333334,0.3414393698599537
16.86111111111111,0.351934181922475
16.86388888888889,0.30043195317300286
16.866666666666667,0.2765388735834187
16.869444444444444,0.26660577883980946
16.872222222222224,0.24140848008613586
16.875,0.28664883767402805
16.87777777777778,0.26622926967366733
16.880555555555556,0.26652315931847975
16.883333333333333,0.2152716387742464
16.886111111111113,0.26176603593941106
16.88888888888889,0.1978639003503353
16.891666666666666,0.19247020651518285
16.894444444444446,0.19337173020370735
16.897222222222222,0.1576511586182459
16.900000000000002,0.14451967408484814
16.90277777777778,0.1580823017873922
16.905555555555555,0.13600028717390503
16.908333333333335,0.16694165638017425
16.91111111111111,0.1328876527089682
16.913888888888888,0.06951964244364597
16.916666666666668,0.09921094679292114
16.919444444444444,0.017821119226610664
16.922222222222224,0.04941050943333117
16.925,0.01089362369153828
16.927777777777777,0.0519460169852826
16.930555555555557,0.0412403334698735
16.933333333333334,0.007963897119484854
16.93611111111111,0.07711540464729325
16.93888888888889,0.009484255231661545
16.941666666666666,0.012129134972901839
16.944444444444446,0.06829793920841853
16.947222222222223,0.05153545959411908
16.95,0.05535005419980422
16.95277777777778,-0.005308227628251248
16.955555555555556,0.03883511575894883
16.958333333333336,0.05991474573234767
16.961111111111112,0.007601853322755935
16.96388888888889,0.05600871573723412
16.96666666666667,0.017015455109781554
16.969444444444445,0.0596744730758353
16.97222222222222,-0.010688961897004464
16.975,0.03863269367378083
16.977777777777778,0.09510422429060213
16.980555555555558,0.033363507821440215
16.983333333333334,0.019626748171151242
16.98611111111111,0.036227658348608256
16.98888888888889,0.0075490951405673
16.991666666666667,0.06715430466514902
16.994444444444444,0.010714979476302521
16.997222222222224,0.08403407917750788
17.0,0.019591514197429737
17.00277777777778,0.013349919816952317
17.005555555555556,0.02340637212020983
17.008333333333333,0.030159813919330588
17.011111111111113,0.031305820949035
17.01388888888889,0.053285107859612074
17.016666666666666,-0.005413258383974804
17.019444444444446,0.03216259917522584
17.022222222222222,0.041833134156070303
17.025000000000002,0.02889147770562248
17.02777777777778,0.0593395514469694
17.030555555555555,0.021698611117501942
17.033333333333335,0.07159197998948094
17.03611111111111,0.05359016155062236
17.038888888888888,0.061593918205311196
17.041666666666668,0.034263013844503754
17.044444444444444,0.05735781005434859
17.047222222222224,0.04363050881993842
17.05,0.01897188830115388
17.052777777777777,0.046324660846720614
17.055555555555557,0.014531361077890215
17.058333333333334,-0.03312961552398945
17.06111111111111,0.009517174734698236
17.06388888888889,-0.02287800628606281
17.066666666666666,0.022612200844607046
17.069444444444446,0.057207281646942804
17.072222222222223,0.020096987073022494
17.075,0.041957062059598725
17.07777777777778,-0.007390623349458017
17.080555555555556,0.022656096286208745
17.083333333333336,0.010243832993565183
17.086111111111112,0.03440210257855429
17.08888888888889,0.036928428732356695
17.09166666666667,0.025132122822266754
17.094444444444445,0.02170937486175846
17.09722222222222,0.056678355173297404
17.1,-0.010341040020395105
17.102777777777778,0.04052322336774441
17.105555555555558,0.03229536066203762
17.108333333333334,0.038249190346891095
17.11111111111111,-0.00642265050790676
17.11388888888889,0.07028449082856292
17.116666666666667,0.047629311718307116
17.119444444444444,0.028276019538428572
17.122222222222224,0.01964314721407176
17.125,-0.009228742463045995
17.12777777777778,0.07547321224793341
17.130555555555556,0.027321818484391677
17.133333333333333,0.06104712636090144
17.136111111111113,0.0887718518468495
17.13888888888889,-0.03180145827645033
17.141666666666666,0.05067861858091939
17.144444444444446,0.02888992492973386
17.147222222222222,0.030481692483840236
17.150000000000002,0.08820783252141917
17.15277777777778,-0.03123193916475843
17.155555555555555,0.02512622305801797
17.158333333333335,0.07538938116368699
17.16111111111111,0.061931051362566464
17.163888888888888,0.04131771442805424
17.166666666666668,0.04930237005924431
17.169444444444444,0.07971146183474459
17.172222222222224,-0.010835996761080005
17.175,0.04292392993394668
17.177777777777777,0.0481002905668471
17.180555555555557,0.002104269136398988
17.183333333333334,0.017887589456266974
17.18611111111111,0.05567231687164231
17.18888888888889,0.03647593815591463
17.191666666666666,0.02542585636400447
17.194444444444446,0.026477726567238083
17.197222222222223,0.025008289016157374
17.2,0.015345862832960095
17.20277777777778,0.03133083993807035
17.205555555555556,0.02488319620385273
17.208333333333336,0.04902628754876279
17.211111111111112,-0.006978343244834734
17.21388888888889,0.08941259190002221
17.21666666666667,0.08360596143873425
17.219444444444445,0.04735624776283669
17.22222222222222,0.06121464504902983
17.225,0.10676919455282248
17.227777777777778,0.007766508750596583
17.230555555555558,0.04298152042724176
17.233333333333334,0.06135664084663116
17.23611111111111,0.059153915772998535
17.23888888888889,0.017914570683981473
17.241666666666667,0.02012573254265902
17.244444444444444,0.04303290384982709
17.247222222222224,0.00668159095185529
17.25,0.06123183283975041
17.25277777777778,0.0740894031386579
17.255555555555556,0.05753647821916584
17.258333333333333,0.018660296587977875
17.261111111111113,0.06334556747490139
17.26388888888889,0.0891833783656234
17.266666666666666,0.014118026305654799
17.269444444444446,0.08522644448776323
17.272222222222222,0.056015554716488065
17.275000000000002,0.06402582981540815
17.27777777777778,0.02682415148852654
17.280555555555555,0.01624613570534925
17.283333333333335,0.05188539604062592
17.28611111111111,0.07210974035723793
17.288888888888888,0.032842148980713595
17.291666666666668,0.07760272607195715
17.294444444444444,0.052594177355834104
17.297222222222224,0.057743200177336536
17.3,0.03803651409896945
17.302777777777777,0.04739862066609079
17.305555555555557,0.03679136708645756
17.308333333333334,0.02630309425955472
17.31111111111111,0.012822802229677466
17.31388888888889,0.06735890408742698
17.316666666666666,0.034898181270874254
17.319444444444446,0.007890041386222076
17.322222222222223,0.037901841984800594
17.325,0.07864554153909481
17.32777777777778,0.05195396589354197
17.330555555555556,0.07842967863821529
17.333333333333336,0.04679339176058454
17.336111111111112,0.03768374240540469
17.33888888888889,0.06411145525352574
17.34166666666667,0.03240407405342823
17.344444444444445,0.11175034982969896
17.34722222222222,0.07648008159864403
17.35,0.04816979913802098
17.352777777777778,0.009147979013257014
17.355555555555558,0.04941089945507358
17.358333333333334,0.003987090044127763
17.36111111111111,0.06587540074670968
17.36388888888889,0.04134360091261039
17.366666666666667,0.04487494271872968
17.369444444444444,0.10945066871533013
17.372222222222224,0.1473203335800849
17.375,0.11977906859112625
17.37777777777778,0.13921453958148858
17.380555555555556,0.1003638635819919
17.383333333333333,0.13211967048506423
17.386111111111113,0.09107895004870657
17.38888888888889,0.15862718348594113
17.391666666666666,0.18368993676199014
17.394444444444446,0.16319894095492773
17.397222222222222,0.20116776213287405
17.400000000000002,0.18219356742035492
17.40277777777778,0.18900267574894972
17.405555555555555,0.20047948701565668
17.408333333333335,0.24819454580523181
17.41111111111111,0.18805495553694637
17.413888888888888,0.1626363777481292
17.416666666666668,0.21377714648567572
17.419444444444444,0.16350580802806072
17.422222222222224,0.1516541629006348
17.425,0.11123795353265764
17.427777777777777,0.09810816472848413
17.430555555555557,0.10042768413318116
17.433333333333334,0.03129283183729084
17.43611111111111,0.13553893695231434
17.43888888888889,0.08250251322764636
17.441666666666666,0.07237273673116697
17.444444444444446,-0.01018434724593141
17.447222222222223,0.07378698337461992
17.45,0.08633458685601045
17.45277777777778,0.018750038628341695
17.455555555555556,0.0441050660948948
17.458333333333336,0.020019366023000702
17.461111111111112,0.034538511379286554
17.46388888888889,0.02804850075178301
17.46666666666667,0.054315561510898544
17.469444444444445,0.059608903070850414
17.47222222222222,0.01996654157884663
17.475,0.03923270992674636
17.477777777777778,0.0182639311377781
17.480555555555558,-0.04081757681119542
17.483333333333334,-0.02871147577972919
17.48611111111111,-0.13787584738571532
17.48888888888889,-0.14747214053327468
17.491666666666667,-0.1857514984737259
17.494444444444444,-0.10169412231819513
17.497222222222224,-0.14904840495555463
17.5,-0.11096846215973002
17.50277777777778,-0.08040940524845128
17.505555555555556,0.044320685276094396
17.508333333333333,0.5746518719715253
17.511111111111113,1.016864210931582
17.51388888888889,1.3847265272277156
17.516666666666666,1.5305096863067933
17.519444444444446,1.5566613080991096
17.522222222222222,1.380051124435868
17.525000000000002,1.027724482253378
17.52777777777778,0.5540335678899944
17.530555555555555,0.04896683992691373
17.533333333333335,-0.04539163279576988
17.53611111111111,-0.11829959538796071
17.538888888888888,-0.2505257864727572
17.541666666666668,-0.26489370317635286
17.544444444444444,-0.26432788073431507
17.547222222222224,-0.24658948590233146
17.55,-0.17428804403086365
17.552777777777777,-0.17329261451535574
17.555555555555557,-0.07383601969799915
17.558333333333334,0.05541520330922288
17.56111111111111,0.05862479238585641
17.56388888888889,0.0658401690425347
17.566666666666666,0.13275303711368525
17.569444444444446,0.08932626496468238
17.572222222222223,0.08746320643658996
17.575,0.03350099687550976
17.57777777777778,0.027812270669348667
17.580555555555556,0.03878898955711409
17.583333333333336,0.035092861148487905
17.586111111111112,0.08493957090350707
17.58888888888889,0.013941070883734995
17.59166666666667,0.0982878473349976
17.594444444444445,0.05289083543355557
17.59722222222222,0.05599237244949168
17.6,0.055716363999333204
17.602777777777778,0.11268092734466173
17.605555555555558,0.02699002826758315
17.608333333333334,0.11670326407666073
17.61111111111111,0.1679464555824731
17.61388888888889,0.16169907281358376
17.616666666666667,0.141882967670928
17.619444444444444,0.17299569014833502
17.622222222222224,0.20659752622877625
17.625,0.21174904387722562
17.62777777777778,0.19258454259296703
17.630555555555556,0.1905128991628187
17.633333333333333,0.25232168970841073
17.636111111111113,0.3064096942940166
17.63888888888889,0.2651740474594638
17.641666666666666,0.23209003865685188
17.644444444444446,0.31964235425993437
17.647222222222222,0.2988776899744636
17.650000000000002,0.34827730445184435
17.65277777777778,0.3194068306877196
17.655555555555555,0.321096857506341
17.658333333333335,0.3147212688471603
17.66111111111111,0.33157417705892306
17.663888888888888,0.3049463135381985
17.666666666666668,0.3034721473535275
17.669444444444444,0.3536111021929451
17.672222222222224,0.3673465176429321
17.675,0.34755532400052763
17.677777777777777,0.33921033777079235
17.680555555555557,0.3773550432115276
17.683333333333334,0.3191743819523561
17.686111111111114,0.36395340563173856
17.68888888888889,0.33567507937730934
17.691666666666666,0.3199374341652563
17.694444444444446,0.3235988598587209
17.697222222222223,0.3313800002408812
17.7,0.33410933858137126
17.70277777777778,0.3084678619989732
17.705555555555556,0.3283129984153955
17.708333333333336,0.3081162884592999
17.711111111111112,0.2736429131478421
17.71388888888889,0.27297748519515963
17.71666666666667,0.28194212016819636
17.719444444444445,0.27081108102850976
17.72222222222222,0.19447207561737026
17.725,0.25283125935593315
17.727777777777778,0.17786571494128134
17.730555555555558,0.20960898335577302
17.733333333333334,0.17206745411410862
17.73611111111111,0.132383121216277
17.73888888888889,0.18885581875025417
17.741666666666667,0.11449696191390173
17.744444444444444,0.13328298722781665
17.747222222222224,0.12830476100316557
17.75,0.07047869589812608
17.75277777777778,0.13857716427889327
17.755555555555556,0.1187952655769462
17.758333333333333,0.04336303893116833
17.761111111111113,0.0539394775097603
17.76388888888889,0.08557992194360929
17.766666666666666,0.030187958863718112
17.769444444444446,-0.010680553600137109
17.772222222222222,0.032457384397798036
17.775000000000002,0.11930012885847166
17.77777777777778,0.05667365554915863
17.780555555555555,0.0447896976520318
17.783333333333335,0.046386363149841243
17.78611111111111,0.023592387861480744
17.788888888888888,0.07594337311530158
17.791666666666668,0.05714523486249794
17.794444444444444,0.08837133323161597
17.797222222222224,0.04797710828953422
17.8,0.05764187428243216
17.802777777777777,0.016013936528491125
17.805555555555557,0.06465402028548392
17.808333333333334,0.006243682531702474
17.811111111111114,0.039644637163453775
17.81388888888889,0.0801260540286019
17.816666666666666,0.04039621434526335
17.819444444444446,0.05976889769876226
17.822222222222223,0.021946716107913974
17.825,0.012156815299583044
17.82777777777778,0.07147155472811753
17.830555555555556,0.022680215061531308
17.833333333333336,0.0903788499925117
17.836111111111112,0.09552988182589967
17.83888888888889,0.011376833160772277
17.84166666666667,0.06237886213345805
17.844444444444445,-0.03671722838812558
17.84722222222222,0.0426794875572432
17.85,0.010367837641222618
17.852777777777778,0.04304799392302212
17.855555555555558,0.049639703619986625
17.858333333333334,0.053413304303165085
17.86111111111111,0.018493184539501353
17.86388888888889,0.061660861254545125
17.866666666666667,0.05157663259380565
17.869444444444444,0.007487739631309227
17.872222222222224,0.04914902390861287
17.875,0.05286351176768034
17.87777777777778,0.05215750202716717
17.880555555555556,0.02475097802358761
17.883333333333333,0.05528186943857861
17.886111111111113,0.013560220627605396
17.88888888888889,-0.016912824462380717
17.891666666666666,0.02130900353200704
17.894444444444446,0.024858651328088517
17.897222222222222,-0.026811219586632885
17.900000000000002,0.02078050816759382
17.90277777777778,0.025000814665537455
17.905555555555555,0.01603697282380976
17.908333333333335,0.00575857502411916
17.91111111111111,-0.0016738614205950852
17.913888888888888,0.0588769011447204
17.916666666666668,0.02269276822246078
17.919444444444444,0.036427880994733895
17.922222222222224,0.059680029863276744
17.925,0.03471658567062466
17.927777777777777,-0.01124986849460717
17.930555555555557,-0.015173917853699245
17.933333333333334,0.052310701077779576
17.936111111111114,-0.005771529604957366
17.93888888888889,-0.008363148141622125
17.941666666666666,0.08810809442851242
17.944444444444446,0.01861590309038029
17.947222222222223,0.05002946850703481
17.95,0.00522268253018696
17.95277777777778,0.05170118003212251
17.955555555555556,0.02239484891894001
17.958333333333336,0.11774443078296366
17.961111111111112,0.0001678838474078112
17.96388888888889,0.05086467844538918
17.96666666666667,0.04300099144637051
17.969444444444445,0.04913214412669892
17.97222222222222,0.02083559495263736
17.975,0.0534112963268434
17.977777777777778,0.02355877589666019
17.980555555555558,0.05681796297970519
17.983333333333334,0.009922836729534458
17.98611111111111,0.04161304543491785
17.98888888888889,0.04445048398252591
17.991666666666667,0.0481173241547141
17.994444444444444,0.04099463164523357
17.997222222222224,0.05922824888072606
18.0,0.030605238522036032
18.00277777777778,0.022865990054145368
18.005555555555556,0.003541302944077125
18.008333333333333,0.04042120830236377
18.011111111111113,0.06525200361555511
18.01388888888889,0.058409833296488356
18.016666666666666,0.09072750603351865
18.019444444444446,0.06260337587978163
18.022222222222222,0.04375391913670275
18.025000000000002,-0.011522830465476992
18.02777777777778,0.02874934491415757
18.030555555555555,-0.009689808172117603
18.033333333333335,0.04500840421613692
18.03611111111111,0.038258031060699756
18.038888888888888,0.03952571396348579
18.041666666666668,0.00011016232678948135
18.044444444444444,0.021937308228594132
18.047222222222224,0.006087469693144287
18.05,0.03001227188437696
18.052777777777777,-0.005077892013050155
18.055555555555557,0.02205247020443748
18.058333333333334,0.07481866203178544
18.061111111111114,0.010990782778594896
18.06388888888889,0.004115678738045862
18.066666666666666,0.01477357391086839
18.069444444444446,0.03821981289648341
18.072222222222223,0.04948750134583671
18.075,-0.004866694748634971
18.07777777777778,0.036286856016337576
18.080555555555556,0.05952098865079032
18.083333333333336,0.0248732869687907
18.086111111111112,0.05041553056675157
18.08888888888889,0.03798825625606105
18.09166666666667,0.07063542603130188
18.094444444444445,0.005491810730592024
18.09722222222222,0.04287375877442466
18.1,0.03563275986937022
18.102777777777778,0.03402155365059898
18.105555555555558,0.059407574972665265
18.108333333333334,-0.029077287568647345
18.11111111111111,0.038036139249299744
18.11388888888889,0.021204694385585317
18.116666666666667,-0.01624527481235221
18.119444444444444,-0.007069949977488835
18.122222222222224,-0.034805243156851066
18.125,0.0071539120867082345
18.12777777777778,0.009564019984696137
18.130555555555556,0.011515254058805435
18.133333333333333,0.08370742212513721
18.136111111111113,0.04335635209613649
18.13888888888889,0.016198262781208415
18.141666666666666,-0.0017700624331496786
18.144444444444446,-0.013154759759024876
18.147222222222222,0.03369272499028138
18.150000000000002,0.07343751871610976
18.15277777777778,0.04125537276462958
18.155555555555555,0.11926672120024565
18.158333333333335,0.1486284828555337
18.16111111111111,0.10128596883977514
18.163888888888888,0.06101126018615178
18.166666666666668,0.08862451206330528
18.169444444444444,0.10703638748311314
18.172222222222224,0.1416835450159703
18.175,0.1390223689879937
18.177777777777777,0.18111885310771336
18.180555555555557,0.16218192192821268
18.183333333333334,0.11291538222608333
18.186111111111114,0.16733856351064394
18.18888888888889,0.1658445480384775
18.191666666666666,0.15674992642305302
18.194444444444446,0.17788854135092558
18.197222222222223,0.17042872754319868
18.2,0.1827082649244883
18.20277777777778,0.07132051522222577
18.205555555555556,0.09176949006049132
18.208333333333336,0.08793395857459473
18.211111111111112,0.10995291531193777
18.21388888888889,0.08066798206361611
18.21666666666667,0.04954627763512568
18.219444444444445,0.025312776321677798
18.22222222222222,0.03841540442220379
18.225,0.05702064977965436
18.227777777777778,0.03298402418302676
18.230555555555558,0.0009005293004585562
18.233333333333334,0.04233285061120057
18.23611111111111,0.03412475882204328
18.23888888888889,0.008564770762964528
18.241666666666667,-0.0016234007501232418
18.244444444444444,-0.008089594725219728
18.247222222222224,0.04083669452880159
18.25,-0.011770206676889822
18.25277777777778,-0.004254820548837961
18.255555555555556,-0.017080588528695748
18.258333333333333,-0.0032397169600500795
18.261111111111113,0.04119269109059737
18.26388888888889,0.02508518424028152
18.266666666666666,-0.05197343696246576
18.269444444444446,-0.09105249894250478
18.272222222222222,-0.17987228834386465
18.275000000000002,-0.18364960662117835
18.27777777777778,-0.19351005448252626
18.280555555555555,-0.16413551256347117
18.283333333333335,-0.11742761067809311
18.28611111111111,-0.11693514593952696
18.288888888888888,-0.029385980234362924
18.291666666666668,0.543021081282811
18.294444444444444,0.9058870331879
18.297222222222224,1.3183911741053107
18.3,1.4596357420273296
18.302777777777777,1.4987828959384455
18.305555555555557,1.3225314908190808
18.308333333333334,0.9720339401408271
18.311111111111114,0.5634239922430545
18.31388888888889,-0.000654784320729125
18.316666666666666,-0.024487188439079086
18.319444444444446,-0.14684876183722154
18.322222222222223,-0.21999175109666522
18.325,-0.1998359301782464
18.32777777777778,-0.3262757632325484
18.330555555555556,-0.2424934528271671
18.333333333333336,-0.2361014418128034
18.336111111111112,-0.2088381950935722
18.33888888888889,-0.12530719615579822
18.34166666666667,0.020276350236838877
18.344444444444445,-0.005009165217772516
18.34722222222222,0.01815559215740604
18.35,-0.0003176436359263351
18.352777777777778,0.020548545627914132
18.355555555555558,-0.0636328983452006
18.358333333333334,-0.0390344144429612
18.36111111111111,0.0048723112731094646
18.36388888888889,-0.025716599002340426
18.366666666666667,0.033903464700022645
18.369444444444444,0.00833093467853023
18.372222222222224,0.010130068262804043
18.375,-0.028838388764625175
18.37777777777778,-0.04774495855093736
18.380555555555556,-0.011831674727135918
18.383333333333333,0.04978214730269028
18.386111111111113,0.030892582705877854
18.38888888888889,-0.004386615530571965
18.391666666666666,0.08269556557212163
18.394444444444446,0.07875741842358885
18.397222222222222,0.07506770521285405
18.400000000000002,0.14550170618810226
18.40277777777778,0.09207395723658059
18.405555555555555,0.15846831177268142
18.408333333333335,0.1331167742911703
18.41111111111111,0.2257088138294679
18.413888888888888,0.2055676762165625
18.416666666666668,0.18043793911415545
18.419444444444444,0.27394194312892994
18.422222222222224,0.23664101726775053
18.425,0.24099636385439743
18.427777777777777,0.2116833799032653
18.430555555555557,0.2621381796215889
18.433333333333334,0.27921237892242984
18.436111111111114,0.2791636156158517
18.43888888888889,0.24131126849598095
18.441666666666666,0.27651408398261446
18.444444444444446,0.26729022115926443
18.447222222222223,0.31622714987020245
18.45,0.3095151106692936
18.45277777777778,0.36387084981124923
18.455555555555556,0.34617399810812854
18.458333333333336,0.27446276812337134
18.461111111111112,0.27832804809826933
18.46388888888889,0.25124689932076094
18.46666666666667,0.23411762995598323
18.469444444444445,0.318006409680727
18.47222222222222,0.23906445833289638
18.475,0.2533615272906589
18.477777777777778,0.268362645562569
18.480555555555558,0.27207637659211514
18.483333333333334,0.23243821333813616
18.48611111111111,0.2367247959607983
18.48888888888889,0.21879249748689292
18.491666666666667,0.20070073573848607
18.494444444444444,0.20588197273880005
18.497222222222224,0.22797790209754784
18.5,0.23298208836261844
18.50277777777778,0.22795473996285162
18.505555555555556,0.15468190587311112
18.508333333333333,0.13135871789258813
18.511111111111113,0.1679097119435666
18.51388888888889,0.0684173573778733
18.516666666666666,0.12012403450900451
18.519444444444446,0.18867216255023436
18.522222222222222,0.10103549718167988
18.525000000000002,0.06884396681292382
18.52777777777778,0.06557612064527639
18.530555555555555,-0.012287314647593736
18.533333333333335,0.03220837434286269
18.53611111111111,0.02764755001537459
18.538888888888888,-0.023635965627636455
18.541666666666668,-0.018460424382764448
18.544444444444444,-0.03603057818441034
18.547222222222224,0.01731638690571452
18.55,0.03810235740374879
18.552777777777777,-0.045518242706503995
18.555555555555557,-0.0014381847615759225
18.558333333333334,-0.0436450183907757
18.561111111111114,-0.06562540712373796
18.56388888888889,0.0033908062017303543
18.566666666666666,-0.05246822463910353
18.569444444444446,-0.022869478084072872
18.572222222222223,-0.042900129690081765
18.575,-0.008759022098567165
18.57777777777778,-0.03671455490041284
18.580555555555556,-0.015532017824753894
18.583333333333336,-0.03328563519797956
18.586111111111112,-0.04391363215461655
18.58888888888889,-0.043187976504840006
18.59166666666667,-0.003321331526104074
18.594444444444445,-0.020537282779243056
18.59722222222222,-0.013547879464456574
18.6,-0.02387260743430068
18.602777777777778,-0.032783878618632835
18.605555555555558,-0.03362565200256425
18.608333333333334,-0.017202509409931996
18.61111111111111,-0.013641192631527972
18.61388888888889,-0.061881639507580896
18.616666666666667,-0.002557012176751673
18.619444444444444,-0.07648574093062255
18.622222222222224,-0.025795749596936843
18.625,0.008379243849760257
18.62777777777778,-0.019643268615792686
18.630555555555556,-0.0026817573498627775
18.633333333333333,-0.01847080626960562
18.636111111111113,-0.04235974366309437
18.63888888888889,-0.015234631965313146
18.641666666666666,-0.039112490540386506
18.644444444444446,-0.0074103097932049465
18.647222222222222,-0.015847957213523108
18.650000000000002,-0.008023442792117703
18.65277777777778,-0.030110952626919266
18.655555555555555,-0.0642943073427766
18.658333333333335,-0.03666776094499633
18.66111111111111,-0.07466366397887213
18.663888888888888,-0.01906801505702544
18.666666666666668,-0.04907274494093899
18.669444444444444,0.00248482129129822
18.672222222222224,0.010215774899806782
18.675,-0.06105911662171101
18.677777777777777,-0.059541707807966346
18.680555555555557,-0.049837077002592836
18.683333333333334,0.005427329720153553
18.686111111111114,-0.020981563583997796
18.68888888888889,-0.004526774803783884
18.691666666666666,0.028510386545439567
18.694444444444446,0.02094869891641664
18.697222222222223,-0.002148134966229058
18.7,-0.019436347559633742
18.70277777777778,0.01263330186466919
18.705555555555556,-0.06654531329326442
18.708333333333336,-0.06469496809785474
18.711111111111112,-0.02156701439075396
18.71388888888889,-0.07583854823042877
18.71666666666667,-0.050646232114954726
18.719444444444445,-0.028570919944805786
18.72222222222222,-0.04742460301019264
18.725,-0.031094650358360273
18.727777777777778,-0.003292694573280835
18.730555555555558,-0.033370423342750595
18.733333333333334,-0.05809949034169436
18.73611111111111,-0.02441666099789394
18.73888888888889,-0.029028595316801103
18.741666666666667,-0.055849683518289533
18.744444444444444,0.011595413934259953
18.747222222222224,-0.07727335371978566
18.75,-0.039266729108897155
18.75277777777778,-0.030426813735666712
18.755555555555556,-0.0655232052585967
18.758333333333333,-0.03158401690549233
18.761111111111113,-0.06053430724571625
18.76388888888889,-0.020633800581661622
18.766666666666666,0.005481777822149876
18.769444444444446,0.01123355680489068
18.772222222222222,-0.023677178089723222
18.775000000000002,-0.04025073135054481
18.77777777777778,0.03321939320784096
18.780555555555555,-0.021846885454049066
18.783333333333335,-0.01694956762983516
18.78611111111111,-0.029341054868569763
18.788888888888888,-0.06263941248499405
18.791666666666668,-0.02764966460516669
18.794444444444444,-0.00857770346089021
18.797222222222224,-0.05671332893837269
18.8,-0.060088293392317915
18.802777777777777,-0.014442860868709634
18.805555555555557,-0.04354952971076639
18.808333333333334,-0.046313725521739325
18.811111111111114,-0.031006544542823894
18.81388888888889,-0.0068833989702936915
18.816666666666666,-0.05062848707797411
18.819444444444446,-0.0829098714293276
18.822222222222223,-0.011507224837855198
18.825,-0.03938702507319089
18.82777777777778,-0.049621449497323195
18.830555555555556,-0.024081258052673422
18.833333333333336,-0.08328785497047236
18.836111111111112,-0.0906716644611302
18.83888888888889,-0.07753918177584922
18.84166666666667,-0.03721422042721791
18.844444444444445,-0.047087470261267805
18.84722222222222,-0.04822085553292493
18.85,0.03658308511185017
18.852777777777778,-0.08889940086212908
18.855555555555558,-0.05210263738626898
18.858333333333334,-0.041134381978634546
18.86111111111111,-0.06126091311187529
18.86388888888889,-0.07675692459318326
18.866666666666667,-0.07124504155520449
18.869444444444444,0.039634572805089606
18.872222222222224,-0.031383593335597065
18.875,-0.058077336393402845
18.87777777777778,-0.023797990435781118
18.880555555555556,-0.02472182578318508
18.883333333333333,-0.0613468126117674
18.886111111111113,-0.00909038984811282
18.88888888888889,-0.08541373868572527
18.891666666666666,-0.06337150280108117
18.894444444444446,-0.0276467416272623
18.897222222222222,-0.03878472015140643
18.900000000000002,-0.034282039083856505
18.90277777777778,-0.024417067051475647
18.905555555555555,-0.09966969473488275
18.908333333333335,-0.04647325739300689
18.91111111111111,-0.06307635269666104
18.913888888888888,0.010565051733847898
18.916666666666668,-0.01778997765467746
18.919444444444444,-0.04899021599912143
18.922222222222224,-0.09410143853141123
18.925,-0.047730853751278404
18.927777777777777,-0.004229454938535784
18.930555555555557,-0.03479816438847686
18.933333333333334,-0.045994247293850044
18.936111111111114,-0.06304765041274031
18.93888888888889,-0.05068990504014052
18.941666666666666,-0.08991720254487998
18.944444444444446,-0.025950217778940975
18.947222222222223,-0.07750855960349093
18.95,-0.06461249006041986
18.95277777777778,-0.07462965123993921
18.955555555555556,-0.07490224943399144
18.958333333333336,-0.06577359418583559
18.961111111111112,-0.020693397271984083
18.96388888888889,-0.04285716961573243
18.96666666666667,-0.07924713330416641
18.969444444444445,0.007889566705887585
18.97222222222222,-0.07258945844125964
18.975,-0.024695362466151748
18.977777777777778,-0.09718480448488498
18.980555555555558,-0.008502107221653156
18.983333333333334,-0.008732755524585877
18.98611111111111,-0.08771738039678989
18.98888888888889,-0.03169561707453157
18.991666666666667,-0.05927325143029881
18.994444444444444,-0.08288724370666113
18.997222222222224,-0.04285370180632438
19.0,-0.06430038649167596
19.00277777777778,-0.030331556273669083
19.005555555555556,-0.029761797548914025
19.008333333333333,-0.05786035751562971
19.011111111111113,-0.031215803656542744
19.01388888888889,-0.05720585173020519
19.016666666666666,-0.06261904623141748
19.019444444444446,-0.0424559030861446
19.022222222222222,-0.014873425720320682
19.025000000000002,-0.013039071073366326
19.02777777777778,-0.018732073681865934
19.030555555555555,0.018742252897167563
19.033333333333335,0.04083666563570684
19.03611111111111,0.08535184555445166
19.038888888888888,0.08405917777113814
19.041666666666668,0.10098443681268977
19.044444444444444,0.046407239238135695
19.047222222222224,0.0956693222953964
19.05,0.09571806164634723
19.052777777777777,0.11092658111732637
19.055555555555557,0.03739326944133087
19.058333333333334,0.13036174966842545
19.061111111111114,0.07515932843517602
19.06388888888889,0.09758283867838892
19.066666666666666,0.03922860389460631
19.069444444444446,0.06456215748004283
19.072222222222223,0.016757400935172605
19.075,0.0668600488316965
19.07777777777778,0.07857818800435946
19.080555555555556,0.07520845823585323
19.083333333333336,0.0016427340112563325
19.086111111111112,-0.047603004342958014
19.08888888888889,0.014439135504607237
19.09166666666667,-0.019218540298092522
19.094444444444445,-0.020576270477234555
19.09722222222222,-0.11247528050725428
19.1,-0.08770327316630427
19.102777777777778,-0.05827437150499605
19.105555555555558,-0.01390307784554086
19.108333333333334,-0.002984325006510219
19.11111111111111,-0.036427081250304486
19.11388888888889,-0.016564452402473465
19.116666666666667,-0.06167392184261082
19.119444444444444,-0.053845626152317805
19.122222222222224,-0.04145819417725669
19.125,-0.02623826790901414
19.12777777777778,-0.04502196945467353
19.130555555555556,-0.05573537615382158
19.133333333333333,-0.03081897275013394
19.136111111111113,-0.042025071090741294
19.13888888888889,-0.09079620893885934
19.141666666666666,-0.1627651705633676
19.144444444444446,-0.2297192026951085
19.147222222222222,-0.2306897675868882
19.150000000000002,-0.2552883049786155
19.15277777777778,-0.20971571789567364
19.155555555555555,-0.18437595703234114
19.158333333333335,-0.1282225273783382
19.16111111111111,-0.014946360622354521
19.163888888888888,0.4762314113453622
19.166666666666668,0.8606553114944487
19.169444444444444,1.250600299192535
19.172222222222224,1.4579468939063964
19.175,1.3900321061752134
19.177777777777777,1.2578923508942828
19.180555555555557,0.9327432764276472
19.183333333333334,0.5089822599354725
19.186111111111114,-0.061133486077846945
19.18888888888889,-0.1372947741959038
19.191666666666666,-0.2689995310519257
19.194444444444446,-0.27307100061481654
19.197222222222223,-0.30967671516607537
19.2,-0.3596319220683173
19.20277777777778,-0.30737195262888084
19.205555555555556,-0.28523314587860704
19.208333333333336,-0.1604163669453544
19.211111111111112,-0.07249027327817445
19.21388888888889,-0.051313580380935316
19.21666666666667,-0.04864609478511913
19.219444444444445,-0.11337129996222986
19.22222222222222,-0.0361147664435391
19.225,-0.09174323589788763
19.227777777777778,-0.028275938331758364
19.230555555555558,-0.027166815142726584
19.233333333333334,-0.08783965282942774
19.23611111111111,-0.06371518739865387
19.23888888888889,-0.05014003684657165
19.241666666666667,-0.04063999751679877
19.244444444444444,-0.08859377619921349
19.247222222222224,-0.0011316216780949753
19.25,0.012374592010492923
19.25277777777778,-0.07223036103244604
19.255555555555556,-0.05488116364202014
19.258333333333333,-0.03469947810114836
19.261111111111113,0.03736344742037932
19.26388888888889,-0.0375967666682892
19.266666666666666,0.06113781363148296
19.269444444444446,0.03661842580738247
19.272222222222222,0.04207136198488892
19.275000000000002,0.08078188394596837
19.27777777777778,0.0757614373526224
19.280555555555555,0.1266795018139607
19.283333333333335,0.1043782515307072
19.28611111111111,0.16591035434476264
19.288888888888888,0.21857353512807332
19.291666666666668,0.16613666342087763
19.294444444444444,0.18278858844875692
19.297222222222224,0.17710514222762616
19.3,0.18502192268116197
19.302777777777777,0.19251869952784775
19.305555555555557,0.25215540393413005
19.308333333333334,0.20949486376450874
19.311111111111114,0.21733229942953236
19.31388888888889,0.21556342973425044
19.316666666666666,0.24263172423132753
19.319444444444446,0.21878657951711097
19.322222222222223,0.23737724638255966
19.325,0.26585219702032303
19.32777777777778,0.3022090148379252
19.330555555555556,0.2629948349244285
19.333333333333336,0.2744595876377218
19.336111111111112,0.23406106484261785
19.33888888888889,0.26054857181490987
19.34166666666667,0.27199355437004935
19.344444444444445,0.2326443854786271
19.34722222222222,0.21775239335076202
19.35,0.1945349659153059
19.352777777777778,0.23271896112553603
19.355555555555558,0.2694542916289441
19.358333333333334,0.19695068112109787
19.36111111111111,0.2542423620108274
19.36388888888889,0.2266067270125329
19.366666666666667,0.23698831399586953
19.369444444444444,0.19720428661043815
19.372222222222224,0.16847073469856025
19.375,0.09418220193501974
19.37777777777778,0.14954740707286596
19.380555555555556,0.15547855526431018
19.383333333333333,0.10311301999003099
19.386111111111113,0.1079788126804506
19.38888888888889,0.0934928363596383
19.391666666666666,0.09851642921391324
19.394444444444446,0.0669855684090764
19.397222222222222,0.04914050171482476
19.400000000000002,0.013758648465371785
19.40277777777778,0.051982606149824744
19.405555555555555,0.009166614923150906
19.408333333333335,-0.048566839394311105
19.41111111111111,-0.005357095896969512
19.413888888888888,-0.0043342888712740515
19.416666666666668,-0.053285807158363854
19.419444444444444,-0.02218619077903903
19.422222222222224,-0.07510975795198771
19.425,0.0019830415682894273
19.427777777777777,-0.020917233584083688
19.430555555555557,-0.027742902203161546
19.433333333333334,-0.10223916032977928
19.436111111111114,-0.01786423174950914
19.43888888888889,-0.05444901889387035
19.441666666666666,-0.05265023281149658
19.444444444444446,-0.034989632969123094
19.447222222222223,-0.09051488197073186
19.45,-0.0027117089940850367
19.45277777777778,-0.08573179473129033
19.455555555555556,-0.07903866946452781
19.458333333333336,-0.009219098861324986
19.461111111111112,-0.02308738851039142
19.46388888888889,0.015437887783786873
19.46666666666667,-0.0551220202409676
19.469444444444445,-0.09221669566120928
19.47222222222222,-0.0203171918461021
19.475,-0.09155796111020002
19.477777777777778,-0.0351736043415215
19.480555555555558,-0.022256634695546815
19.483333333333334,-0.04256165971741853
19.48611111111111,-0.03321660960124451
19.48888888888889,-0.03430033035487376
19.491666666666667,-0.021371821037422117
19.494444444444444,-0.03473681068599313
19.497222222222224,-0.055910688384522025
19.5,-0.0844375617847681
19.50277777777778,-0.04053407527427519
19.505555555555556,-0.11054934436696214
19.508333333333333,-0.07112447163507413
19.511111111111113,-0.006165531322368245
19.51388888888889,-0.025777301120524315
19.516666666666666,-0.02125605165906061
19.519444444444446,-0.04201893822585627
19.522222222222222,-0.06661317064540165
19.525000000000002,-0.049754126238003314
19.52777777777778,-0.04517565480454077
19.530555555555555,-0.05259495614619437
19.533333333333335,-0.08247031143250363
19.53611111111111,-0.03487697877711002
19.538888888888888,-0.0567420196147501
19.541666666666668,-0.027749605774454754
19.544444444444444,-0.08498052502512149
19.547222222222224,-0.059720418615840945
19.55,-0.01163153065940184
19.552777777777777,-0.04663492239563895
19.555555555555557,-0.07840845658559409
19.558333333333334,-0.0046910668027648275
19.561111111111114,-0.03492034991881915
19.56388888888889,-0.0397901030917767
19.566666666666666,-0.051083006877396024
19.569444444444446,-0.02279933373715635
19.572222222222223,-0.06198039302633537
19.575,-0.008815498370223943
19.57777777777778,-0.00023689010573112873
19.580555555555556,-0.0534071203468231
19.583333333333336,-0.03326240466332877
19.586111111111112,-0.08225207816669186
19.58888888888889,-0.05398689601169229
19.59166666666667,-0.04399233480395722
19.594444444444445,-0.05678294913183497
19.59722222222222,-0.01642515985197117
19.6,-0.08308996634006047
19.602777777777778,-0.02060121386693812
19.605555555555558,-0.06555698569848722
19.608333333333334,-0.04392747505233986
19.61111111111111,-0.04637853994072062
19.61388888888889,0.035058244945708146
19.616666666666667,-0.020647153507036664
19.619444444444444,-0.04130545224705889
19.622222222222224,-0.02282515567856893
19.625,0.00587702799306019
19.62777777777778,-0.06389562245781832
19.630555555555556,-0.059910187542775224
19.633333333333333,0.022505348451199787
19.636111111111113,-0.01660918050543636
19.63888888888889,-0.04380311135330531
19.641666666666666,-0.10077958333903303
19.644444444444446,-0.014252084602575339
19.647222222222222,-0.06096608032354697
19.650000000000002,-0.014218912528249094
19.65277777777778,-0.08390607257643226
19.655555555555555,-0.0928748786393937
19.658333333333335,-0.013894206021700915
19.66111111111111,-0.04246634073055135
19.66388888888889,-0.035996570723969744
19.666666666666668,-0.027673901375562797
19.669444444444444,-0.013442902130847412
19.672222222222224,-0.04628071677798054
19.675,-0.00955177016422824
19.677777777777777,-0.07855599052075231
19.680555555555557,0.04164636803179028
19.683333333333334,-0.02893851306928066
19.686111111111114,-0.057000346694640644
19.68888888888889,-0.038317257623598805
19.691666666666666,-0.06735039454694858
19.694444444444446,-0.022155517596646836
19.697222222222223,0.028639142080257286
19.7,-0.035844700758474055
19.70277777777778,-0.03259620026687405
19.705555555555556,-0.05648310244635399
19.708333333333336,0.0031273094808541985
19.711111111111112,-0.05328668978329786
19.71388888888889,-0.04365615702350816
19.71666666666667,-0.02704311902622483
19.719444444444445,0.005657932386285449
19.72222222222222,-0.026804144320642997
19.725,-0.039411002925285515
19.727777777777778,0.027199169543523107
19.730555555555558,-0.016028455787698313
19.733333333333334,-0.04598147129548777
19.73611111111111,0.03737032261675069
19.73888888888889,-0.049835214493813576
19.741666666666667,-0.04169408245376616
19.744444444444444,-0.05114968023857478
19.747222222222224,-0.09201977238199387
19.75,-0.003922292804778179
19.75277777777778,-0.019086592668504297
19.755555555555556,-0.04621442121857622
19.758333333333333,0.007590774249589691
19.761111111111113,-0.038081004342534835
19.76388888888889,0.014954138289435478
19.766666666666666,0.019511508518085235
19.769444444444446,-0.05867366985402097
19.772222222222222,-0.03683388695481968
19.775000000000002,-0.01758979837667629
19.77777777777778,-0.011834876917433818
19.780555555555555,0.014809017874685672
19.783333333333335,0.007155512105336194
19.78611111111111,-0.013556312269978919
19.78888888888889,-0.05341662792609653
19.791666666666668,-0.028396226493359086
19.794444444444444,-0.002848190639145265
19.797222222222224,-0.011074039046213565
19.8,-0.08860617100349853
19.802777777777777,-0.04079337439678114
19.805555555555557,-0.02088693373713236
19.808333333333334,0.01894964181381103
19.811111111111114,-0.07588472730470999
19.81388888888889,-0.0024523047179126553
19.816666666666666,-0.0034374754622951377
19.819444444444446,-0.013626374252813041
19.822222222222223,0.0430055883609704
19.825,-0.002339954709691887
19.82777777777778,0.040132198662236857
19.830555555555556,0.12146679393834045
19.833333333333336,0.12710608228519724
19.836111111111112,0.15126253511855686
19.83888888888889,0.1337391502417076
19.84166666666667,0.10710614953777321
19.844444444444445,0.14746044844494466
19.84722222222222,0.13452288574916804
19.85,0.09997489355914181
19.852777777777778,0.12028506503239512
19.855555555555558,0.17407198445949656
19.858333333333334,0.19414466685138168
19.86111111111111,0.133354299677538
19.86388888888889,0.1260395457064935
19.866666666666667,0.1403522200415925
19.869444444444444,0.09212938122498285
19.872222222222224,0.12030599035739564
19.875,0.06879540684084476
19.87777777777778,0.07931925599933172
19.880555555555556,0.012313940117071612
19.883333333333333,-0.02123516648032573
19.886111111111113,0.05204143181045
19.88888888888889,-0.003770721988333725
19.891666666666666,-0.0587096726908176
19.894444444444446,-0.025320157847989452
19.897222222222222,-0.0534146308905865
19.900000000000002,-0.021731653571770704
19.90277777777778,-0.01842666266338832
19.905555555555555,-0.007898819878862519
19.908333333333335,-0.03418392489642638
19.91111111111111,-0.006209362288961564
19.91388888888889,-0.013462304320248999
19.916666666666668,-0.014696757331203885
19.919444444444444,-0.042550235628332156
19.922222222222224,0.018748062664934742
19.925,0.027869782591243356
19.927777777777777,-0.01747190725814954
19.930555555555557,-0.013982863265044297
19.933333333333334,0.03653851722977698
19.936111111111114,-0.005161260624693645
19.93888888888889,-0.16918620128957096
19.941666666666666,-0.15678885477383964
19.944444444444446,-0.19457300991730594
19.947222222222223,-0.24593674266457413
19.95,-0.15537270414315577
19.95277777777778,-0.11397638146074196
19.955555555555556,-0.09459191963550014
19.958333333333336,-0.05084622203449259
19.961111111111112,0.5292708789437032
19.96388888888889,0.9307668892647388
19.96666666666667,1.3113674428895656
19.969444444444445,1.505387713567896
19.97222222222222,1.4476939001837779
19.975,1.3107701905540736
19.977777777777778,0.9443926593018255
19.980555555555558,0.5268312205244294
19.983333333333334,0.06331323355441096
19.98611111111111,-0.11202008593936327
19.98888888888889,-0.16948180986143246
19.991666666666667,-0.19737919606079182
19.994444444444444,-0.28853265877302553
19.997222222222224,-0.23676723322308346
20.0,-0.3296114149841647
20.00277777777778,-0.21654619623904187
20.005555555555556,-0.20071687975360525
20.008333333333333,-0.08619093068786407
20.011111111111113,0.018427421348020966
20.01388888888889,-0.007169190515469563
20.016666666666666,0.03626330372255929
20.019444444444446,0.012972622397081973
20.022222222222222,0.010176762304192451
20.025000000000002,-0.040257579416503105
20.02777777777778,0.007669813643220192
20.030555555555555,0.03415144920109311
20.033333333333335,0.018343087312105596
20.03611111111111,-0.05677223058651949
20.03888888888889,-0.023594710510794696
20.041666666666668,0.049035592583933404
20.044444444444444,-0.05792866351193292
20.047222222222224,0.07548855964073337
20.05,-0.01916829704420368
20.052777777777777,0.06118119637900235
20.055555555555557,-0.0017465791345838907
20.058333333333334,0.02563867485836438
20.061111111111114,0.04378477860585305
20.06388888888889,0.08645238662396042
20.066666666666666,0.1878349290557318
20.069444444444446,0.12898521271547733
20.072222222222223,0.17867878635854298
20.075,0.11320062214557745
20.07777777777778,0.19417876055623337
20.080555555555556,0.18008696839621813
20.083333333333336,0.177697766953831
20.086111111111112,0.17826754784457974
20.08888888888889,0.2551864023654222
20.09166666666667,0.26455956920457924
20.094444444444445,0.21998060850999013
20.09722222222222,0.23081620996293326
20.1,0.3046363791375809
20.102777777777778,0.23463385405491644
20.105555555555558,0.22257579573034394
20.108333333333334,0.2696837440424158
20.11111111111111,0.2662106929568524
20.11388888888889,0.31482106956366507
20.116666666666667,0.30679983929507726
20.119444444444444,0.2512509699055273
20.122222222222224,0.2672229662771131
20.125,0.3370134040694483
20.12777777777778,0.3080949469799603
20.130555555555556,0.30114246635326697
20.133333333333333,0.24310523449493188
20.136111111111113,0.27134477215087666
20.13888888888889,0.30915681833343717
20.141666666666666,0.36236283922545165
20.144444444444446,0.3149004055022667
20.147222222222222,0.29095252638765434
20.150000000000002,0.3308913089704772
20.15277777777778,0.22474093738191842
20.155555555555555,0.29399526245658775
20.158333333333335,0.2635585754214859
20.16111111111111,0.2537466653022039
20.16388888888889,0.21336818210070063
20.166666666666668,0.2107254954714232
20.169444444444444,0.24560850973778267
20.172222222222224,0.2518001167079897
20.175,0.17882133715905085
20.177777777777777,0.23027477129454393
20.180555555555557,0.14634141637698986
20.183333333333334,0.1525090442064798
20.186111111111114,0.12176721231004221
20.18888888888889,0.11559181055064302
20.191666666666666,0.1498160783666131
20.194444444444446,0.09177075983204563
20.197222222222223,0.09972121340866383
20.2,0.06307261126407906
20.20277777777778,0.07887887355750085
20.205555555555556,0.07812106813741504
20.208333333333336,0.04281328546357533
20.211111111111112,0.058434004676053426
20.21388888888889,0.0476378771378993
20.21666666666667,-0.018708612940598716
20.219444444444445,0.020508340513266304
20.22222222222222,0.047032671844290476
20.225,0.03033162360290407
20.227777777777778,0.06880103535593417
20.230555555555558,0.04811316123288012
20.233333333333334,0.007350067039424689
20.23611111111111,0.02828020496306197
20.23888888888889,0.019162693690721527
20.241666666666667,0.0602011216803902
20.244444444444444,0.05264397716587832
20.247222222222224,0.051451913915452105
20.25,0.03110535775979518
20.25277777777778,-0.06082275990282124
20.255555555555556,0.040138043540248386
20.258333333333333,0.0023758280139371743
20.261111111111113,-0.0018022382153059548
20.26388888888889,0.017613383685183462
20.266666666666666,-0.002930344854435444
20.269444444444446,0.03105690803152137
20.272222222222222,0.027881316031152265
20.275000000000002,-0.00990981757945475
20.27777777777778,0.0054864937556550475
20.280555555555555,0.02558848616994807
20.283333333333335,-0.015306861203360552
20.28611111111111,0.004412788315364388
20.28888888888889,-0.049190172388802564
20.291666666666668,0.024898652212641044
20.294444444444444,0.05200723332532502
20.297222222222224,-0.005917634211990305
20.3,-0.018904444916354606
20.302777777777777,0.005794002096925502
20.305555555555557,0.021591420086635768
20.308333333333334,0.05561612813501958
20.311111111111114,0.01670072273706956
20.31388888888889,0.030921310797725175
20.316666666666666,0.054879113489252035
20.319444444444446,0.08357513081750437
20.322222222222223,0.0655330694100644
20.325,0.020546757962647426
20.32777777777778,0.05157125933024889
20.330555555555556,0.0169345098113764
20.333333333333336,0.004793256919715445
20.336111111111112,0.046198400086725884
20.33888888888889,-0.005731498570583381
20.34166666666667,0.011879639847134148
20.344444444444445,0.031073447575012934
20.34722222222222,0.011159809271844071
20.35,0.007682216834565308
20.352777777777778,0.013799126194490488
20.355555555555558,0.04824243573584605
20.358333333333334,0.016879874839880203
20.36111111111111,-0.007260808693631486
20.36388888888889,0.04321215250219038
20.366666666666667,0.05005387964140487
20.369444444444444,-0.014767950647027898
20.372222222222224,0.008688091896001369
20.375,0.027434680985355685
20.37777777777778,0.0146669402311966
20.380555555555556,0.01837234979919361
20.383333333333333,0.06991732615975077
20.386111111111113,0.013598999252727208
20.38888888888889,0.03769813853332363
20.391666666666666,0.014363874001424647
20.394444444444446,0.01832801935896467
20.397222222222222,-0.03011808198910438
20.400000000000002,0.08517026619754262
20.40277777777778,0.08404440855583492
20.405555555555555,0.03261348425364773
20.408333333333335,0.08742856732991997
20.41111111111111,0.02853730409186554
20.41388888888889,0.04989399614664371
20.416666666666668,0.035231766144372755
20.419444444444444,0.024259777983990375
20.422222222222224,-0.001244613166733452
20.425,0.019238402915018726
20.427777777777777,0.03129318139792173
20.430555555555557,0.025092643242203144
20.433333333333334,0.07969786174220869
20.436111111111114,0.018837207974017684
20.43888888888889,0.06756165377823872
20.441666666666666,0.030850923958604982
20.444444444444446,0.054423703994598366
20.447222222222223,0.06545077882002312
20.45,0.0263036723983757
20.45277777777778,0.055320814225946736
20.455555555555556,0.007407486887275366
20.458333333333336,0.03778161568775105
20.461111111111112,0.0748991715222198
20.46388888888889,0.02370782620628186
20.46666666666667,-0.027839238519167947
20.469444444444445,0.06385032783156348
20.47222222222222,-0.004925760969218547
20.475,0.013666852889324167
20.477777777777778,0.05296826999249412
20.480555555555558,0.07903192223640541
20.483333333333334,0.0699397957214744
20.48611111111111,0.06893629446319106
20.48888888888889,0.07726723880646436
20.491666666666667,0.02011872284409194
20.494444444444444,0.05600127973598496
20.497222222222224,0.036109250809652535
20.5,0.040014921574289805
20.50277777777778,0.037036391556057785
20.505555555555556,0.008440604969365266
20.508333333333333,0.04011195509128708
20.511111111111113,0.05899653639006344
20.51388888888889,0.06041612186246796
20.516666666666666,0.03622079253076635
20.519444444444446,0.06867774830901217
20.522222222222222,0.11994047348849712
20.525000000000002,0.1010185221258055
20.52777777777778,0.010885304197584336
20.530555555555555,0.029810077153058577
20.533333333333335,0.055480440083193736
20.53611111111111,0.04558936694588219
20.53888888888889,0.03252280863745722
20.541666666666668,0.02221066861086411
20.544444444444444,0.06453486365480889
20.547222222222224,0.05680851755870034
20.55,0.016710979503733132
20.552777777777777,0.02032351363404298
20.555555555555557,0.10599113836173589
20.558333333333334,0.040780584001598764
20.561111111111114,0.037085743648398235
20.56388888888889,0.061252149851725377
20.566666666666666,-0.04091245442294289
20.569444444444446,0.04440797442108218
20.572222222222223,0.01893079927368577
20.575,0.04693262600225756
20.57777777777778,0.0024794675515150966
20.580555555555556,0.05325005806969572
20.583333333333336,0.016335273121870598
20.586111111111112,0.09158130968016186
20.58888888888889,0.06548653535860238
20.59166666666667,0.07916834866568057
20.594444444444445,-0.008999780935523442
20.59722222222222,0.05001472535689909
20.6,0.09846890183143808
20.602777777777778,0.026951849645513108
20.605555555555558,0.06244901144675628
20.608333333333334,0.06916468132073893
20.61111111111111,0.006727444746422992
20.61388888888889,0.04551500529221545
20.616666666666667,0.08283701247654425
20.619444444444444,0.08194214542656855
20.622222222222224,0.02108236954319114
20.625,0.04803471826463147
20.62777777777778,0.04783307903895662
20.630555555555556,0.05930359784041685
20.633333333333333,0.038191259607710616
20.636111111111113,0.04160563022602121
20.63888888888889,0.07072200683553287
20.641666666666666,0.0403964133014436
20.644444444444446,0.047327487263611696
20.647222222222222,0.03407269230507621
20.650000000000002,0.122234798664598
20.65277777777778,0.03820015397135878
20.655555555555555,0.045962140804020266
20.658333333333335,0.06010738702197558
20.66111111111111,0.07013355657925192
20.66388888888889,0.09846415405863351
20.666666666666668,0.04307693284007634
20.669444444444444,0.04981827689092682
20.672222222222224,0.03921828622072993
20.675,0.07082487493586859
20.677777777777777,0.06420159840840904
20.680555555555557,0.10136544302941991
20.683333333333334,0.18990062334079266
20.686111111111114,0.15578091423633306
20.68888888888889,0.10235343564542604
20.691666666666666,0.16459226567320984
20.694444444444446,0.12990757840709402
20.697222222222223,0.18889922945681117
20.7,0.18800562893532105
20.70277777777778,0.23619942182658465
20.705555555555556,0.16082635457903763
20.708333333333336,0.1297180316581213
20.711111111111112,0.12980432944329218
20.71388888888889,0.15170414823998626
20.71666666666667,0.19693231448561516
20.719444444444445,0.21240438353890648
20.72222222222222,0.160491306923632
20.725,0.1872493607457523
20.727777777777778,0.1751498949757233
20.730555555555558,0.14872268326911176
20.733333333333334,0.14606026204817604
20.73611111111111,0.10647943163127079
20.73888888888889,0.09380704341589542
20.741666666666667,0.11559229764231892
20.744444444444444,0.12448189216213285
20.747222222222224,0.04034276423762308
20.75,0.07473829807652155
20.75277777777778,0.03679965471919035
20.755555555555556,0.02621156786305034
20.758333333333333,0.04278002881791321
20.761111111111113,0.04476823011882566
20.76388888888889,-0.0053366962651287195
20.766666666666666,0.07950265903364194
20.769444444444446,0.08718740806129158
20.772222222222222,0.053263297038698
20.775000000000002,0.07535569989655994
20.77777777777778,0.09283678970802547
20.780555555555555,0.07219473582212517
20.783333333333335,0.023373720930172537
20.78611111111111,0.08949255800742094
20.78888888888889,0.018395291696804546
20.791666666666668,-0.024930759760037398
20.794444444444444,-0.08262309441033375
20.797222222222224,-0.0639633552518441
20.8,-0.1501056240342517
20.802777777777777,-0.1634020013930359
20.805555555555557,-0.12608678401007323
20.808333333333334,-0.06909394575014954
20.811111111111114,-0.029057119489438947
20.81388888888889,0.05471194741700046
20.816666666666666,0.5421012054256457
20.819444444444446,1.0350650766190814
20.822222222222223,1.3617153818740386
20.825,1.541036351356383
20.82777777777778,1.515410982666274
20.830555555555556,1.3679705115967549
20.833333333333336,1.0284382879765017
20.836111111111112,0.49726268533653334
20.83888888888889,0.08037742050562345
20.84166666666667,-0.022591330294428696
20.844444444444445,-0.19163031399523117
20.84722222222222,-0.17010191029233165
20.85,-0.22651878659867564
20.852777777777778,-0.2436986322598218
20.855555555555558,-0.23982945051471644
20.858333333333334,-0.12438680818458282
20.86111111111111,-0.18334296639552217
20.86388888888889,-0.08161062836577311
20.866666666666667,0.09079223286925031
20.869444444444444,-0.024472140201568238
20.872222222222224,0.09634478228235968
20.875,0.048485325104560495
20.87777777777778,0.007411601504138651
20.880555555555556,0.08606445886008529
20.883333333333333,0.06975657931589918
20.886111111111113,0.047862521173801395
20.88888888888889,0.06302729814736521
20.891666666666666,0.10661857310616998
20.894444444444446,0.040176118899714855
20.897222222222222,0.03378993236008147
20.900000000000002,0.0482469377933554
20.90277777777778,-0.002905264275391971
20.905555555555555,0.0392839098860661
20.908333333333335,0.10700693123275162
20.91111111111111,0.031225592687296244
20.91388888888889,0.06561753878134538
20.916666666666668,0.13509907583654376
20.919444444444444,0.08348605395642172
20.922222222222224,0.1513281507653269
20.925,0.22396069306846708
20.927777777777777,0.22099674545648795
20.930555555555557,0.18323138194122823
20.933333333333334,0.20026363519917106
20.936111111111114,0.19958584826800882
20.93888888888889,0.24715460612073414
20.941666666666666,0.27348979800705747
20.944444444444446,0.27004400099138975
20.947222222222223,0.27023380361206306
20.95,0.287143827818851
20.95277777777778,0.3169593458272933
20.955555555555556,0.2456451030241371
20.958333333333336,0.26722161327571214
20.961111111111112,0.29894702758000596
20.96388888888889,0.3637174826481959
20.96666666666667,0.34128787588718296
20.969444444444445,0.34307609971511904
20.97222222222222,0.30191081545868736
20.975,0.3708801846603582
20.977777777777778,0.35915967864490206
20.980555555555558,0.33202546716279935
20.983333333333334,0.33634755088510215
20.98611111111111,0.3824347900531961
20.98888888888889,0.29748160523145323
20.991666666666667,0.3334102651005812
20.994444444444444,0.33665987597928965
20.997222222222224,0.3292762364057792
21.0,0.3574780533541841
21.00277777777778,0.3438915373186561
21.005555555555556,0.3421163555028359
21.008333333333333,0.35569949083812674
21.011111111111113,0.31160889944331766
21.01388888888889,0.2817895366025189
21.016666666666666,0.30953674116416896
21.019444444444446,0.288026793995219
21.022222222222222,0.28207661658221356
21.025000000000002,0.24891459019984163
21.02777777777778,0.24027476371844195
21.030555555555555,0.23126130982075427
21.033333333333335,0.22969241671790866
21.03611111111111,0.21482908396684589
21.03888888888889,0.1528890882024316
21.041666666666668,0.22851911057648833
21.044444444444444,0.2157683060304669
21.047222222222224,0.17766905177969422
21.05,0.12020465863436103
21.052777777777777,0.10829394673186284
21.055555555555557,0.12612194418108583
21.058333333333334,0.15283266683645627
21.061111111111114,0.10349697358300544
21.06388888888889,0.03175315524801314
21.066666666666666,0.0764656694631689
21.069444444444446,0.03857350909517242
21.072222222222223,0.08101711118789803
21.075,0.0486697170045385
21.07777777777778,0.013077279776198061
21.080555555555556,0.055297028628863355
21.083333333333336,0.008466017951163071
21.086111111111112,0.03873644149501482
21.08888888888889,0.05621570919439719
21.09166666666667,0.04405612802576808
21.094444444444445,0.03791738518824198
21.09722222222222,0.01746733555699997
21.1,0.03798961992947379
21.102777777777778,0.021189009263473696
21.105555555555558,0.016059346233485684
21.108333333333334,-0.03524215042418498
21.11111111111111,0.04398911520922134
21.11388888888889,0.027110044160839855
21.116666666666667,0.06474307587174556
21.119444444444444,0.09294552845171175
21.122222222222224,0.018795283552458006
21.125,0.017995945584345977
21.12777777777778,0.08083071872161808
21.130555555555556,0.014688836188708566
21.133333333333333,0.05736346117120648
21.136111111111113,0.0641297419819093
21.13888888888889,0.032475410671769414
21.141666666666666,0.019766363410633946
21.144444444444446,0.046490938192593916
21.147222222222222,0.08994327419105194
21.150000000000002,0.03655876206048682
21.15277777777778,0.024443132492593996
21.155555555555555,0.038418610924894056
21.158333333333335,0.07690326675711724
21.16111111111111,-0.007584059796107309
21.16388888888889,0.042207250231542336
21.166666666666668,0.016662850832207178
21.169444444444444,-0.00904228676254893
21.172222222222224,0.03716712919201489
21.175,0.02695179508324471
21.177777777777777,0.027822615355744575
21.180555555555557,0.006114378303444107
21.183333333333334,0.04900336023740126
21.186111111111114,0.0602708226391688
21.18888888888889,0.06353640823030617
21.191666666666666,0.08490051897173008
21.194444444444446,-0.013701040290440107
21.197222222222223,0.06623396971946693
21.2,0.053405720607258546
21.20277777777778,0.007822556908117045
21.205555555555556,0.0649042590547889
21.208333333333336,0.0568033060946247
21.211111111111112,0.00458572137029499
21.21388888888889,0.0391923810911146
21.21666666666667,0.004590934500079399
21.219444444444445,0.07930876137897713
21.22222222222222,0.009662605957828127
21.225,0.01751673213162781
21.227777777777778,0.031135051047120034
21.230555555555558,-0.007531335781165618
21.233333333333334,0.020564667004334503
21.23611111111111,0.04549898139428013
21.23888888888889,0.050131735570685274
21.241666666666667,-0.02622679409370208
21.244444444444444,0.011630858793496433
21.247222222222224,0.008994817674536693
21.25,0.06406163697095921
21.25277777777778,0.0166529949096745
21.255555555555556,0.04031408292322172
21.258333333333333,0.05080924937318075
21.261111111111113,0.006499460784350118
21.26388888888889,0.0348584348339609
21.266666666666666,0.04201101162684632
21.269444444444446,0.09803524658319471
21.272222222222222,0.028808074340953043
21.275000000000002,0.027188633673735287
21.27777777777778,-0.010430732825055536
21.280555555555555,0.04166160806712459
21.283333333333335,0.02473687547346183
21.28611111111111,0.020069415623964484
21.28888888888889,0.03336475661407127
21.291666666666668,0.09513591721948492
21.294444444444444,-0.061942602312988426
21.297222222222224,0.01451251760968203
21.3,0.036445858575455625
21.302777777777777,-0.03124648576982518
21.305555555555557,-0.0020571098205162744
21.308333333333334,0.0012057345389321454
21.311111111111114,0.07504701331288505
21.31388888888889,-0.002473553628065256
21.316666666666666,0.04557143455338959
21.319444444444446,0.08245329830743754
21.322222222222223,0.03008591692471842
21.325,0.02144636739541636
21.32777777777778,-0.010921123527070815
21.330555555555556,-0.03644664423038095
21.333333333333336,-0.01762668830960412
21.336111111111112,0.06525071799028315
21.33888888888889,0.0269320382261391
21.34166666666667,0.06842910858873025
21.344444444444445,0.03478542806974475
21.34722222222222,0.07311454629546509
21.35,0.03720003838618769
21.352777777777778,0.013751277230119477
21.355555555555558,0.02347887530868471
21.358333333333334,-0.030532645522429548
21.36111111111111,-0.021705860736726874
21.36388888888889,-0.013429166316989267
21.366666666666667,0.008454057966136838
21.369444444444444,0.02986102149601181
21.372222222222224,0.06608056837715748
21.375,0.03219954705597369
21.37777777777778,0.006348822409796586
21.380555555555556,0.08597071373432114
21.383333333333333,0.02937622872387095
21.386111111111113,0.06162917187504771
21.38888888888889,0.002804411722508577
21.391666666666666,-0.011366258479316181
21.394444444444446,0.023454338971622656
21.397222222222222,0.00366331427451512
21.400000000000002,0.020235234290415408
21.40277777777778,0.03363518025326939
21.405555555555555,0.023728279719410328
21.408333333333335,0.00612231135703661
21.41111111111111,-0.00843310507786954
21.41388888888889,-0.008965971802083767
21.416666666666668,0.015611162820752592
21.419444444444444,0.08775085990747618
21.422222222222224,0.05626358102407134
21.425,0.04194672599406006
21.427777777777777,0.057483795731149444
21.430555555555557,0.0021494101133074234
21.433333333333334,0.030663948040912395
21.436111111111114,0.0038432694256422574
21.43888888888889,0.04459867685712303
21.441666666666666,0.07414493615212414
21.444444444444446,0.005915007010756434
21.447222222222223,0.026617980686518182
21.45,0.0726017368826658
21.45277777777778,0.0007564113146345322
21.455555555555556,-0.06483287800100736
21.458333333333336,-0.005305357796114449
21.461111111111112,-0.05111814496666843
21.46388888888889,0.035863110437616266
21.46666666666667,0.054232504366275636
21.469444444444445,0.01005606087760381
21.47222222222222,0.009360629667321365
21.475,0.01119271796846891
21.477777777777778,0.026211341721628097
21.480555555555558,0.02594814073789859
21.483333333333334,-0.0423549505306202
21.48611111111111,0.006956471986885223
21.48888888888889,-0.014309674735281
21.491666666666667,0.004595057502325582
21.494444444444444,0.041026830140042866
21.497222222222224,-0.0006902656424103877
21.5,-0.015944442000306425
21.50277777777778,0.00975338171689193
21.505555555555556,-0.04862617328630761
21.508333333333333,0.024056295103528642
21.511111111111113,0.07295420304562936
21.51388888888889,0.05927363766618155
21.516666666666666,0.05433626845503006
21.519444444444446,0.1256454638765948
21.522222222222222,0.09537646960916966
21.525000000000002,0.11181139412561837
21.52777777777778,0.08868683035673224
21.530555555555555,0.13686230478646358
21.533333333333335,0.10673238975467031
21.53611111111111,0.14667714885193772
21.53888888888889,0.1338433412775129
21.541666666666668,0.12052169265026515
21.544444444444444,0.1531996355772712
21.547222222222224,0.14158848603279753
21.55,0.15057519011484544
21.552777777777777,0.16804077700193965
21.555555555555557,0.17064930687691246
21.558333333333334,0.1598376356753561
21.561111111111114,0.16636890615910563
21.56388888888889,0.13009667000804553
21.566666666666666,0.14211050719086582
21.569444444444446,0.102374294492328
21.572222222222223,0.1252694321812632
21.575,0.08701069744554309
21.57777777777778,0.0977009239423581
21.580555555555556,0.06250092061293641
21.583333333333336,0.05773925184235963
21.586111111111112,0.06704571089598384
21.58888888888889,-0.02049666662823273
21.59166666666667,-0.04370757539802933
21.594444444444445,0.039081205336224445
21.59722222222222,0.0632325658607613
21.6,-0.029977728091481755
21.602777777777778,-0.0349307052188835
21.605555555555558,-0.034699342782951954
21.608333333333334,-0.0037314840911850857
21.61111111111111,0.03386211515859043
21.61388888888889,0.029835750431113996
21.616666666666667,-0.0174888015034723
21.619444444444444,0.05310402676645181
21.622222222222224,0.050272399537167646
21.625,-0.011897576474783383
21.62777777777778,0.02274711109320304
21.630555555555556,-0.058956727360455645
21.633333333333333,-0.13216160153892734
21.636111111111113,-0.18549207724257097
21.63888888888889,-0.1764835674957827
21.641666666666666,-0.22695477453887408
21.644444444444446,-0.11426611746054258
21.647222222222222,-0.14208133023513342
21.650000000000002,-0.0331539592388967
21.65277777777778,0.007425437912713451
21.655555555555555,0.528891995307881
21.658333333333335,1.0156270187063132
21.66111111111111,1.3335013200070998
21.66388888888889,1.4927377280235523
21.666666666666668,1.5285400489825518
21.669444444444444,1.322139100686946
21.672222222222224,0.9398141526287775
21.675,0.5183234160468299
21.677777777777777,-0.009097571117483421
21.680555555555557,-0.14299893968499408
21.683333333333334,-0.12861770140968098
21.686111111111114,-0.2753681643274188
21.68888888888889,-0.3234343529266458
21.691666666666666,-0.3276059945887544
21.694444444444446,-0.24722541126514497
21.697222222222223,-0.24548010715860363
21.7,-0.20334734740782312
21.70277777777778,-0.06048999282877599
21.705555555555556,0.026074287265971538
21.708333333333336,-0.041199478890574126
21.711111111111112,0.025468710493228356
21.71388888888889,-0.037430225153141636
21.71666666666667,-0.04000863297210375
21.719444444444445,-0.03163018511223896
21.72222222222222,-0.01240015296919321
21.725,-0.000474441164710261
21.727777777777778,0.027221791736008742
21.730555555555558,-0.002233661593639298
21.733333333333334,-0.04323454474420583
21.73611111111111,-0.006671990592448717
21.73888888888889,0.034509250024728017
21.741666666666667,0.018176472772575163
21.744444444444444,0.03195543033878212
21.747222222222224,0.01265875849836615
21.75,0.06045770834491426
21.75277777777778,0.05243401249685521
21.755555555555556,0.07154388002776514
21.758333333333333,0.12084253090375062
21.761111111111113,0.09208599210490327
21.76388888888889,0.08709444301980351
21.76666666666667,0.15941734942573915
21.769444444444446,0.1793153350664748
21.772222222222222,0.13707794708470664
21.775000000000002,0.1264850340872615
21.77777777777778,0.19819067700011112
21.780555555555555,0.1789897671739469
21.783333333333335,0.23652465596453642
21.78611111111111,0.1866040971051418
21.78888888888889,0.2851011026846876
21.791666666666668,0.23313782197406854
21.794444444444444,0.1897654540921054
21.797222222222224,0.24038720274979644
21.8,0.23919739530265027
21.802777777777777,0.2805882123592528
21.805555555555557,0.21899003043098347
21.808333333333334,0.3088531055814473
21.811111111111114,0.23732620877091787
21.81388888888889,0.3102095234055089
21.816666666666666,0.2801486414924659
21.819444444444446,0.37138689772235034
21.822222222222223,0.2634607631028781
21.825,0.32978926565586747
21.82777777777778,0.31502497938033586
21.830555555555556,0.29078452196913457
21.833333333333336,0.16215287834072423
21.836111111111112,0.2624427998764596
21.83888888888889,0.27911811533408587
21.84166666666667,0.28967757758630774
21.844444444444445,0.22012212443727622
21.84722222222222,0.23015913556750595
21.85,0.2105422089765583
21.852777777777778,0.2515156366020484
21.855555555555558,0.17546883057941443
21.858333333333334,0.17581329500068052
21.86111111111111,0.23024572795813963
21.86388888888889,0.18471470814380322
21.866666666666667,0.1460575658126784
21.869444444444444,0.14930364306281496
21.872222222222224,0.14365687411944322
21.875,0.15935965215167908
21.87777777777778,0.12149698239855186
21.880555555555556,0.06746023879327798
21.883333333333333,0.11382656457122577
21.886111111111113,0.1038434621718505
21.88888888888889,0.0855410879890545
21.89166666666667,0.05821004174217818
21.894444444444446,0.038299665079740856
21.897222222222222,0.02097311310160074
21.900000000000002,-0.001448412173693377
21.90277777777778,0.02386636506278144
21.905555555555555,-0.06296322974854651
21.908333333333335,-0.03699468688900022
21.91111111111111,0.020549076304266466
21.91388888888889,-0.01142648438958459
21.916666666666668,0.06423840991956775
21.919444444444444,-0.00404391841759175
21.922222222222224,-0.033316360892968536
21.925,-0.04685247352273664
21.927777777777777,-0.026053722506035788
21.930555555555557,0.004545679324860538
21.933333333333334,-0.07925902578559418
21.936111111111114,-0.03797536686075001
21.93888888888889,-0.009775097430513323
21.941666666666666,-0.00873381866106774
21.944444444444446,0.006913693182786066
21.947222222222223,-0.039774045988168395
21.95,-0.024515378796113745
21.95277777777778,-0.018003344196681807
21.955555555555556,-0.011360113917659542
21.958333333333336,-0.0017943235907113275
21.961111111111112,0.023791081242978913
21.96388888888889,-0.02002780661805611
21.96666666666667,-0.041706383187531414
21.969444444444445,-0.009404805278412753
21.97222222222222,0.037560707300937794
21.975,-0.0030295154839416402
21.977777777777778,-0.014357348471606784
21.980555555555558,-0.038995611475067624
21.983333333333334,0.02412150267654211
21.98611111111111,0.02623038376030741
21.98888888888889,-0.01668449427034332
21.991666666666667,0.005922358996076127
21.994444444444444,0.0029050427811364854
21.997222222222224,0.020137137627423182
22.0,-0.014587287809003324
22.00277777777778,-0.00985330280676543
22.005555555555556,0.014731787126985516
22.008333333333333,-0.054183471997832834
22.011111111111113,0.015710716564271733
22.01388888888889,-0.006011333769178666
22.01666666666667,-0.05589675297587851
22.019444444444446,0.02636306259659299
22.022222222222222,-0.021581588255711485
22.025000000000002,-0.017138443330632323
22.02777777777778,0.025979774367642663
22.030555555555555,-0.04493772276546648
22.033333333333335,-0.05513039273453617
22.03611111111111,-0.07512227269929943
22.03888888888889,-0.02899874807747401
22.041666666666668,0.0009248602797624003
22.044444444444444,-0.0050833022635472895
22.047222222222224,-0.05591057943911587
22.05,-0.01441979842488558
22.052777777777777,-0.003781501230612227
22.055555555555557,-0.04075908772319768
22.058333333333334,-0.05941362229325835
22.061111111111114,-0.07022286619576593
22.06388888888889,-0.028070930426138268
22.066666666666666,-0.03922356461164481
22.069444444444446,-0.052954414003543726
22.072222222222223,0.022953594235780188
22.075,-0.020304707275221018
22.07777777777778,-0.03416331118230677
22.080555555555556,-0.10709882601456797
22.083333333333336,-0.048245945626181924
22.086111111111112,-0.054140611679354675
22.08888888888889,-0.02513653007184269
22.09166666666667,0.03308628614227755
22.094444444444445,-0.0702720643153341
22.09722222222222,-0.0354021022301031
22.1,-0.03659924862111216
22.102777777777778,-0.05407043034656335
22.105555555555558,-0.010556062812811413
22.108333333333334,-0.06636385564403241
22.11111111111111,-0.013405859600534607
22.11388888888889,-0.06190631865158297
22.116666666666667,-0.025652483428779377
22.119444444444444,-0.06340634591730636
22.122222222222224,-0.04836282258892539
22.125,-0.0023351955048445186
22.12777777777778,-0.018700453195826562
22.130555555555556,-0.04018437785991317
22.133333333333333,-0.07095027156325892
22.136111111111113,-0.03127760394826109
22.13888888888889,0.006815949672813168
22.14166666666667,-0.058054877602433975
22.144444444444446,-0.08964683782510283
22.147222222222222,-0.07457010276960079
22.150000000000002,-0.011229972337590911
22.15277777777778,-0.04086531924306683
22.155555555555555,-0.07181183048385187
22.158333333333335,-0.05301147593673976
22.16111111111111,0.02011166474897156
22.16388888888889,-0.05179579741545976
22.166666666666668,-0.08683157079935036
22.169444444444444,-0.041897229114024624
22.172222222222224,-0.03243931814716152
22.175,-0.035115119507002
22.177777777777777,-0.02612272000416925
22.180555555555557,-0.062382411817962516
22.183333333333334,-0.040159142468603436
22.186111111111114,-0.05812231683699948
22.18888888888889,-0.010139670102040955
22.191666666666666,-0.0020203243002524587
22.194444444444446,-0.016378605270324958
22.197222222222223,-0.04161783640315562
22.2,-0.02200768661643966
22.20277777777778,-0.034999677087084693
22.205555555555556,-0.11062869859850319
22.208333333333336,-0.0869907115304531
22.211111111111112,-0.04890503456060375
22.21388888888889,-0.0794258979869385
22.21666666666667,-0.08413998236563083
22.219444444444445,-0.08242860773578323
22.22222222222222,-0.017832503247999974
22.225,-0.06949479258294529
22.227777777777778,-0.11383995187597293
22.230555555555558,0.02595788968675379
22.233333333333334,-0.06620241199600047
22.23611111111111,-0.06471652337478023
22.23888888888889,-0.08010762139383379
22.241666666666667,-0.03062530091992081
22.244444444444444,0.003720102345891124
22.247222222222224,-0.07532052041145641
22.25,0.00882546411629185
22.25277777777778,-0.053649595607983755
22.255555555555556,-0.07522550511434599
22.258333333333333,-0.0399391040257502
22.261111111111113,-0.048252463323811
22.26388888888889,-0.09167607132637645
22.26666666666667,-0.07232230703002583
22.269444444444446,-0.04646008030835674
22.272222222222222,-0.06475095062498001
22.275000000000002,-0.081835721874752
22.27777777777778,-0.10271490446782339
22.280555555555555,-0.04694266450362498
22.283333333333335,-0.0814730072490876
22.28611111111111,-0.049622472542586116
22.28888888888889,-0.03413374307328177
22.291666666666668,-0.02648897208919118
22.294444444444444,-0.049745067170340516
22.297222222222224,-0.02247147810546278
22.3,-0.04900686275857635
22.302777777777777,-0.026683610465486618
22.305555555555557,-0.05501649566528848
22.308333333333334,-0.001861016338758452
22.311111111111114,-0.010007427138820364
22.31388888888889,-0.08246429123905155
22.316666666666666,-0.08790704922682883
22.319444444444446,-0.03939945375100631
22.322222222222223,-0.047668272950212046
22.325,-0.07828550649270116
22.32777777777778,0.008739670460302752
22.330555555555556,-0.08282880148888715
22.333333333333336,-0.04964158516949627
22.336111111111112,-0.03781874835638431
22.33888888888889,-0.040690776753045894
22.34166666666667,0.0039674221654299666
22.344444444444445,-0.0577803708387897
22.34722222222222,0.008549066919809238
22.35,0.042962626916430054
22.352777777777778,0.04184773341509275
22.355555555555558,0.04728612767330637
22.358333333333334,0.09921790907865335
22.36111111111111,0.08009931236385961
22.36388888888889,0.07351953363884906
22.366666666666667,0.087435287843458
22.369444444444444,0.07525940765039511
22.372222222222224,0.1157190362957784
22.375,0.1361992084779406
22.37777777777778,0.11150292745620784
22.380555555555556,0.05882255197881903
22.383333333333333,0.11023621466572814
22.386111111111113,0.0642984680714439
22.38888888888889,0.09160562249745577
22.39166666666667,0.09614744629751744
22.394444444444446,0.06238482890215449
22.397222222222222,0.03422158608575036
22.400000000000002,0.02759131164803603
22.40277777777778,0.043043473274893565
22.405555555555555,0.02161304544947623
22.408333333333335,-0.0012752750232406258
22.41111111111111,0.006468354719619785
22.41388888888889,0.006855956192798936
22.416666666666668,0.038294914383767614
22.419444444444444,-0.007096909882642721
22.422222222222224,-0.03396286334813138
22.425,-0.04909496797967593
22.427777777777777,-0.0001614015425678919
22.430555555555557,-0.027070078303875242
22.433333333333334,-0.06919781491724969
22.436111111111114,-0.0043848091603643224
22.43888888888889,-0.07976785854274718
22.441666666666666,-0.03359181495691704
22.444444444444446,-0.0658323672327333
22.447222222222223,-0.009222793522718951
22.45,-0.062291582692245835
22.45277777777778,-0.035830743986456574
22.455555555555556,-0.01378163253004664
22.458333333333336,-0.07976988546431671
22.461111111111112,-0.09490864355470957
22.46388888888889,-0.11680615056270162
22.46666666666667,-0.2550366649633531
22.469444444444445,-0.22947775663751896
22.47222222222222,-0.26088926668917656
22.475,-0.23646676224703694
22.477777777777778,-0.16558437201284068
22.480555555555558,-0.14306059777645372
22.483333333333334,-0.07284863077895962
22.48611111111111,0.47332027952191436
22.48888888888889,0.9352456474585122
22.491666666666667,1.2772096924345828
22.494444444444444,1.431334095860571
22.497222222222224,1.420542562554085
22.5,1.2857512475751638
22.50277777777778,0.914629828434479
22.505555555555556,0.45817351406257123
22.508333333333333,-0.034355517481888836
22.511111111111113,-0.19271759027931873
22.51388888888889,-0.23031532620058193
22.51666666666667,-0.2784583435007824
22.519444444444446,-0.35115676566818665
22.522222222222222,-0.3072537482806661
22.525000000000002,-0.32269834441438777
22.52777777777778,-0.3140639928339979
22.530555555555555,-0.2978805050567869
22.533333333333335,-0.11778158149187189
22.53611111111111,-0.09398825654901422
22.53888888888889,-0.07665488564402458
22.541666666666668,-0.042294038726885225
22.544444444444444,-0.026884379661200313
22.547222222222224,-0.005633492161519593
22.55,-0.09416449116689873
22.552777777777777,-0.02961241624797587
22.555555555555557,-0.06833675875109561
22.558333333333334,-0.053926761058969035
22.561111111111114,-0.018191661951548234
22.56388888888889,-0.07704343949229175
22.566666666666666,-0.020360591159089555
22.569444444444446,-0.043060527004261585
22.572222222222223,-0.12116695664901739
22.575,-0.09367103928839503
22.57777777777778,-0.040085915995849965
22.580555555555556,-0.027587420842101282
22.583333333333336,-0.008579072560924751
22.586111111111112,0.026799737194677858
22.58888888888889,0.02068088587170472
22.59166666666667,0.09028782120374923
22.594444444444445,0.06936175093940887
22.59722222222222,0.07163005974932019
22.6,0.06784021525888556
22.602777777777778,0.10396973024943267
22.605555555555558,0.1068432470640364
22.608333333333334,0.12913557128170008
22.61111111111111,0.09959844422982801
22.61388888888889,0.1966259946353956
22.616666666666667,0.1556315464656253
22.619444444444444,0.2099917942649248
22.622222222222224,0.16954416890048712
22.625,0.1700772672121653
22.62777777777778,0.2627807072607369
22.630555555555556,0.23768385904128733
22.633333333333333,0.31354842687459605
22.636111111111113,0.24499293979869022
22.63888888888889,0.24807236091136045
22.64166666666667,0.2400864526516849
22.644444444444446,0.22917922287986117
22.647222222222222,0.23452639424260324
22.650000000000002,0.2030292871861995
22.65277777777778,0.2113625647559056
22.655555555555555,0.24503602986235867
22.658333333333335,0.23002424163014926
22.66111111111111,0.22866106350152673
22.66388888888889,0.2800814717865678
22.666666666666668,0.22432909771784298
22.669444444444444,0.2292207417047713
22.672222222222224,0.23797573917530673
22.675,0.1940589722749446
22.677777777777777,0.29059409172274403
22.680555555555557,0.19502506427324684
22.683333333333334,0.1900625767910588
22.686111111111114,0.20967917018201296
22.68888888888889,0.2247387588337212
22.691666666666666,0.14477415757597517
22.694444444444446,0.13375896162173104
22.697222222222223,0.2084763255258244
22.7,0.14082701244737564
22.70277777777778,0.13227731773837956
22.705555555555556,0.1288421057116889
22.708333333333336,0.0807044370598213
22.711111111111112,0.06531547496517259
22.71388888888889,0.09671886005476422
22.71666666666667,0.06451361159202788
22.719444444444445,0.09264565482836795
22.72222222222222,0.029997664173286552
22.725,0.018231221150596822
22.727777777777778,-0.09328087007775052
22.730555555555558,0.022836717573005032
22.733333333333334,-0.01912549695109835
22.73611111111111,-0.05479916415937976
22.73888888888889,-0.015660756705537758
22.741666666666667,-0.02840292841109724
22.744444444444444,-0.10890941187181569
22.747222222222224,-0.04292940777679961
22.75,-0.08256816653888097
22.75277777777778,-0.04920561454697601
22.755555555555556,0.020120304729294124
22.758333333333333,-0.0629985077969614
22.761111111111113,-0.059082704414648426
22.76388888888889,-0.08875327280103114
22.76666666666667,-0.002955445769647083
22.769444444444446,-0.05035532759082555
22.772222222222222,-0.0014258021708160734
22.775000000000002,-0.0658533874164117
22.77777777777778,-0.05162065529380379
22.780555555555555,-0.06300901413250137
22.783333333333335,-0.04773449099591922
22.78611111111111,-0.055150143113157364
22.78888888888889,-0.07385254744742684
22.791666666666668,-0.00022902140491903866
22.794444444444444,-0.0990507464481988
22.797222222222224,-0.015158373228089536
22.8,-9.614955529597263e-05
22.802777777777777,-0.010912464890153434
22.805555555555557,-0.07135446760502995
22.808333333333334,-0.012039935510660883
22.811111111111114,-0.09283183467344372
22.81388888888889,-0.04757465370249949
22.816666666666666,-0.06335818823736802
22.819444444444446,-0.027772792687833066
22.822222222222223,-0.089408148011279
22.825,-0.014529070799018537
22.82777777777778,-0.04371754846782414
22.830555555555556,-0.031129535395227406
22.833333333333336,-0.04853933000034479
22.836111111111112,-0.0541098836977528
22.83888888888889,-0.08233996045416936
22.84166666666667,-0.04533459484636365
22.844444444444445,-0.07144738016154248
22.84722222222222,-0.07365113312041988
22.85,-0.02765828813630839
22.852777777777778,-0.0013707078529400854
22.855555555555558,-0.06339529047646164
22.858333333333334,-0.037980108362169245
22.86111111111111,-0.008388541152211309
22.86388888888889,-0.040220593271642284
22.866666666666667,0.023446853487407257
22.869444444444444,-0.023446012077278384
22.872222222222224,0.021907714895334593
22.875,-0.04683012905014428
22.87777777777778,-0.04958873497043602
22.880555555555556,-0.027020583826832173
22.883333333333333,-0.05878697847298133
22.886111111111113,0.010028361535616738
22.88888888888889,-0.0037883976489154272
22.89166666666667,-0.06766188462116327
22.894444444444446,-0.06300015741698749
22.897222222222222,-0.055279634559202526
22.900000000000002,-0.03396156111060358
22.90277777777778,-0.040941421164304145
22.905555555555555,0.01417451435188067
22.908333333333335,-0.030387815519928384
22.91111111111111,-0.05532160226147846
22.91388888888889,-0.031320806743651064
22.916666666666668,-0.016690505535579367
22.919444444444444,-0.0745639715379304
22.922222222222224,-0.032306696649468954
22.925,0.006933175552870298
22.927777777777777,-0.052596243588844474
22.930555555555557,-0.0647588137125217
22.933333333333334,-0.05739039293081167
22.936111111111114,-0.07299709949726876
22.93888888888889,-0.04668190271546187
22.941666666666666,-0.01151052102688008
22.944444444444446,-0.08285162935211299
22.947222222222223,-0.06057718404118989
22.95,0.04660384152982851
22.95277777777778,-0.06906350848165697
22.955555555555556,-0.05347233480528853
22.958333333333336,-0.04946549670297229
22.961111111111112,-0.04974084271974527
22.96388888888889,-0.024578158424619575
22.96666666666667,-0.02682199996124341
22.969444444444445,-0.07961994641942832
22.97222222222222,-0.01754285460909809
22.975,-0.04847722106790109
22.977777777777778,-0.0057674552899214145
22.980555555555558,-0.011474648486153625
22.983333333333334,0.011843936920677603
22.98611111111111,-0.003097217972621639
22.98888888888889,-0.01791152179734169
22.991666666666667,-0.022830301364652104
22.994444444444444,0.01855277209901728
22.997222222222224,0.032990589867964396
23.0,-0.05269781199939542
23.00277777777778,-0.04622038049396954
23.005555555555556,-0.021293384962212496
23.008333333333333,-0.022122529520215335
23.011111111111113,0.02910569133605325
23.01388888888889,-0.0014269594591530751
23.01666666666667,-0.029126437852324515
23.019444444444446,0.0002057653940081526
23.022222222222222,0.008542656722676602
23.025000000000002,-0.05755611125337762
23.02777777777778,-0.053382479765951465
23.030555555555555,-0.04988079381419133
23.033333333333335,-0.008440992900439107
23.03611111111111,0.02531176967405517
23.03888888888889,-0.0768616910822735
23.041666666666668,-0.003801431021830455
23.044444444444444,-0.0037787265283270206
23.047222222222224,0.018336598020759983
23.05,-0.02083340639433689
23.052777777777777,-0.031185093213723647
23.055555555555557,0.03299710889911525
23.058333333333334,-0.008109183566216604
23.061111111111114,-0.03704661853517713
23.06388888888889,-0.019305226238284928
23.066666666666666,-0.07448254890586466
23.069444444444446,0.010901487601498217
23.072222222222223,-0.04126786439034687
23.075,0.03479648280710592
23.07777777777778,-0.033090751255655866
23.080555555555556,0.007291853121488813
23.083333333333336,-0.044352828796612176
23.086111111111112,-0.0047006471556333765
23.08888888888889,-0.009717787217104161
23.09166666666667,-0.035166284713809066
23.094444444444445,0.05777052680956095
23.09722222222222,-0.06744091246107078
23.1,0.018632647098818178
23.102777777777778,-0.0839405165273154
23.105555555555558,-0.08607531643630882
23.108333333333334,-0.0038138572124979814
23.11111111111111,-0.04745869233733712
23.11388888888889,-0.04015344664281531
23.116666666666667,-0.025634859218252353
23.119444444444444,-0.020957099435462617
23.122222222222224,0.0024379485765894764
23.125,-0.0320160306853384
23.12777777777778,-0.03547005129783485
23.130555555555556,-9.764730064192734e-05
23.133333333333333,-0.0523860945807678
23.136111111111113,0.018184185872569873
23.13888888888889,-0.049479514796801655
23.14166666666667,-0.06293194476108326
23.144444444444446,-0.06681041013762543
23.147222222222222,-0.00902008744128371
23.150000000000002,0.014325378039930323
23.15277777777778,0.04755381643777155
23.155555555555555,-0.015013755289438858
23.158333333333335,-0.07849711524868985
23.16111111111111,-0.015062043955247663
23.16388888888889,-0.009606298689789138
23.166666666666668,-0.08253296504518619
23.169444444444444,-0.006709032160050966
23.172222222222224,0.016714901605042062
23.175,0.042429684417951884
23.177777777777777,0.07318351708727802
23.180555555555557,-0.003441220985027596
23.183333333333334,0.11997272855995213
23.186111111111114,0.06228133953051572
23.18888888888889,0.06847057970760259
23.191666666666666,0.11356380691423848
23.194444444444446,0.12131287236492785
23.197222222222223,0.16597758841499752
23.2,0.09905389509412538
23.20277777777778,0.1510406783148279
23.205555555555556,0.1330463398305906
23.208333333333336,0.12865928091389606
23.211111111111112,0.11392148810055826
23.21388888888889,0.1572815277598632
23.21666666666667,0.10064246162147589
23.219444444444445,0.09294352591913078
23.22222222222222,0.1098326295549948
23.225,0.12356259499140287
23.227777777777778,0.1338029682908547
23.230555555555558,0.0799227131919418
23.233333333333334,0.042814495932612336
23.23611111111111,0.051395145580147
23.23888888888889,0.02336040882078912
23.241666666666667,0.04113557068440873
23.244444444444444,-0.015128503827478282
23.247222222222224,0.07686735164916836
23.25,-0.05470479051460061
23.25277777777778,-0.00012057500789270162
23.255555555555556,-0.02768077514087419
23.258333333333333,0.035380842614144245
23.261111111111113,-0.03526125981534213
23.26388888888889,-0.03147247066184619
23.26666666666667,-0.06580820839762895
23.269444444444446,-0.005304329369208945
23.272222222222222,0.001174600024056346
23.275000000000002,-0.0008476305679347611
23.27777777777778,-0.032858321510441345
23.280555555555555,0.04812919218191603
23.283333333333335,-0.020118957531999576
23.28611111111111,-0.1088497988506413
23.28888888888889,-0.14278079632831614
23.291666666666668,-0.20392416570228142
23.294444444444444,-0.17685238880149287
23.297222222222224,-0.19629994004123985
23.3,-0.1784999371074381
23.302777777777777,-0.1820724399072013
23.305555555555557,-0.05464923656457374
23.308333333333334,0.04399850864036552
23.311111111111114,0.5580273727263203
23.31388888888889,0.9624292352434873
23.316666666666666,1.330222924493734
23.319444444444446,1.4963905077098942
23.322222222222223,1.504605103629591
23.325,1.2665432982421487
23.32777777777778,0.9276533571041182
23.330555555555556,0.5302970895937617
23.333333333333336,0.07361026909041056
23.336111111111112,-0.17767335566038658
23.33888888888889,-0.23132763953864327
23.34166666666667,-0.23830354260234027
23.344444444444445,-0.34244792369755683
23.34722222222222,-0.31730534566069596
23.35,-0.3342916801630777
23.352777777777778,-0.21974362217387283
23.355555555555558,-0.18194695448062037
23.358333333333334,-0.026797994213984058
23.36111111111111,0.02827636836054015
23.36388888888889,0.002255712053685634
23.366666666666667,0.04027659394238854
23.369444444444444,0.0566000309101815
23.372222222222224,-0.03794939016112182
23.375,0.04865014682065411
23.37777777777778,-0.03356995175888172
23.380555555555556,-0.018567875307630165
23.383333333333333,0.027817805560959658
23.386111111111113,-0.002858712524700739
23.38888888888889,0.002841159237064465
23.39166666666667,-0.009777869128234327
23.394444444444446,0.03097425463028408
23.397222222222222,-0.028261522091975796
23.400000000000002,-0.000579521458561061
23.40277777777778,0.004212616425445636
23.405555555555555,0.06458920473508108
23.408333333333335,0.0517462896213865
23.41111111111111,0.04532277583600151
23.41388888888889,0.09603643687150641
23.416666666666668,0.0743180637224934
23.419444444444444,0.1352935379089082
23.422222222222224,0.19003837744815275
23.425,0.12899754979953076
23.427777777777777,0.1564935163797265
23.430555555555557,0.17532041818615135
23.433333333333334,0.1853530902681153
23.436111111111114,0.18342833693258886
23.43888888888889,0.25691289984430676
23.441666666666666,0.20667557663470926
23.444444444444446,0.2718991634757994
23.447222222222223,0.28121245987062193
23.45,0.19497743475419765
23.45277777777778,0.2891087885439552
23.455555555555556,0.305725857391967
23.458333333333336,0.23673960989259601
23.461111111111112,0.274910124729841
23.46388888888889,0.26800346256517144
23.46666666666667,0.3092054196462901
23.469444444444445,0.323897766638679
23.47222222222222,0.3101015106210708
23.475,0.3148658093557302
23.477777777777778,0.2595938799342689
23.480555555555558,0.32496826984470506
23.483333333333334,0.2945596706659653
23.48611111111111,0.31004606997120254
23.48888888888889,0.3227699760568894
23.491666666666667,0.2878066103157859
23.494444444444444,0.2828539888526926
23.497222222222224,0.34494067862804334
23.5,0.26470762101092904
23.50277777777778,0.34108233558339834
23.505555555555556,0.26936078113755646
23.508333333333333,0.23219832917347993
23.511111111111113,0.2946648411864784
23.51388888888889,0.26928948165530836
23.51666666666667,0.20962391475916486
23.519444444444446,0.26779729103713923
23.522222222222222,0.21034034059806372
23.525000000000002,0.2291760320181666
23.52777777777778,0.2458256437088178
23.530555555555555,0.19146482791979744
23.533333333333335,0.1577535608154253
23.53611111111111,0.17772920973092796
23.53888888888889,0.17365978037700966
23.541666666666668,0.11829761642196271
23.544444444444444,0.09581487525471531
23.547222222222224,0.06526508979105525
23.55,0.0771385655080506
23.552777777777777,0.10678958162771299
23.555555555555557,0.017790359783970998
23.558333333333334,0.08773108736227112
23.561111111111114,0.07086216194370726
23.56388888888889,0.0643440803241606
23.566666666666666,-0.007354177461889325
23.569444444444446,-0.017423454317133977
23.572222222222223,-0.019257552600325526
23.575,0.015893350683701703
23.57777777777778,0.02703970720234223
23.580555555555556,0.04492442033531455
23.583333333333336,0.008651262585396755
23.586111111111112,-0.028837750753986847
23.58888888888889,0.018762365361472855
23.59166666666667,0.053790445123179584
23.594444444444445,0.03335414585099538
23.59722222222222,0.022017535946904098
23.6,0.04206810304293523
23.602777777777778,-0.01251103492888658
23.605555555555558,0.017655916134595263
23.608333333333334,0.022889236878273565
23.61111111111111,0.015527256769320388
23.61388888888889,0.022426225616434037
23.616666666666667,0.017632310708681678
23.619444444444444,-0.014927975097105708
23.622222222222224,0.007242067403701917
23.625,0.012050806183940747
23.62777777777778,0.019486014306430474
23.630555555555556,0.055253456738677105
23.633333333333333,0.010606623612195616
23.636111111111113,0.013619063429810214
23.63888888888889,0.05366219735380018
23.64166666666667,0.027474624219394807
23.644444444444446,0.004168027997745828
23.647222222222222,-0.03464467164117885
23.650000000000002,0.031142260461394927
23.65277777777778,0.027259549511178014
23.655555555555555,0.03791902050577847
23.658333333333335,0.026594590667832405
23.66111111111111,0.0728653876458921
23.66388888888889,0.03635722812841541
23.666666666666668,0.03176121794300169
23.669444444444444,0.05891908420258804
23.672222222222224,-0.0016674032737589925
23.675,-0.008605930575494566
23.677777777777777,-0.03368277255281202
23.680555555555557,0.07441914262200042
23.683333333333334,-0.0001054824245097126
23.686111111111114,0.050275209908246285
23.68888888888889,0.04863152146475401
23.691666666666666,-0.02648995233804559
23.694444444444446,0.03608426566725954
23.697222222222223,0.03472349134230793
23.7,0.06283605752317027
23.70277777777778,-0.0036470716663277516
23.705555555555556,0.058692901800478134
23.708333333333336,0.018327218909652394
23.711111111111112,-0.023764155140721575
23.71388888888889,-0.02022896124515891
23.71666666666667,-0.007327204026110097
23.719444444444445,0.003687529859177252
23.72222222222222,0.047290729612135166
23.725,0.05471903881951434
23.727777777777778,0.07004169830282221
23.730555555555558,-0.01830681974692211
23.733333333333334,0.032162641103763774
23.73611111111111,0.020343374977390527
23.73888888888889,0.08122778187497334
23.741666666666667,0.04158581726740035
23.744444444444444,0.09582991624736269
23.747222222222224,-0.015426015771775478
23.75,-0.028809241973690745
23.75277777777778,0.03709390845418385
23.755555555555556,0.025225356005571624
23.758333333333333,0.019884264501989348
23.761111111111113,0.016042521490214044
23.76388888888889,0.02009421946210876
23.76666666666667,0.06444997253683502
23.769444444444446,0.04327426933890025
23.772222222222222,0.06515628826072738
23.775000000000002,0.04477920500879896
23.77777777777778,0.07316201998827543
23.780555555555555,0.034355810985033035
23.783333333333335,0.10321297551215827
23.78611111111111,0.060242177409063985
23.78888888888889,0.06335546102777839
23.791666666666668,0.038512313749212164
23.794444444444444,-0.003687050464848518
23.797222222222224,3.220539832014119e-05
23.8,0.05833293571558072
23.802777777777777,0.024490975081127218
23.805555555555557,0.07751189044679946
23.808333333333334,0.08799648950222005
23.811111111111114,0.09451217089812045
23.81388888888889,0.03949127034134748
23.816666666666666,-0.0015483749625210888
23.819444444444446,-0.015289142891579184
23.822222222222223,-0.004271831864764548
23.825,0.05728943810143486
23.82777777777778,0.12581973832601562
23.830555555555556,0.07301226906181575
23.833333333333336,0.010881542598979822
23.836111111111112,0.03462256018264153
23.83888888888889,0.04072126870054649
23.84166666666667,0.02763222516289688
23.844444444444445,0.028776110693479018
23.84722222222222,0.04388475507680426
23.85,0.029277802047870394
23.852777777777778,0.03730790162603003
23.855555555555558,-0.011624745863533952
23.858333333333334,0.05803212658880941
23.86111111111111,0.03610838212575812
23.86388888888889,0.038907741721477464
23.866666666666667,0.05758505331650251
23.869444444444447,0.04736420840519514
23.872222222222224,0.037483292108080074
23.875,0.0013895749729846904
23.87777777777778,0.003995327698460824
23.880555555555556,0.007575831291596516
23.883333333333333,0.05715559915689114
23.886111111111113,0.028933936880325625
23.88888888888889,0.04264256272526181
23.89166666666667,0.09779317918650174
23.894444444444446,0.018777789548561224
23.897222222222222,0.02064565891175406
23.900000000000002,0.0702034414849207
23.90277777777778,0.09341016910651742
23.905555555555555,0.09060719985773479
23.908333333333335,-0.02322760254938546
23.91111111111111,0.023300901090381035
23.91388888888889,0.0224146928147252
23.916666666666668,0.04539540343797628
23.919444444444444,0.03529331418798367
23.922222222222224,0.04804640919425811
23.925,0.03809545658957885
23.927777777777777,-0.0032888200535533124
23.930555555555557,0.06796302040788416
23.933333333333334,0.09898818016987654
23.936111111111114,-0.01902991906938336
23.93888888888889,-2.7470798213337366e-05
23.941666666666666,0.08461337177605432
23.944444444444446,0.0251788873936518
23.947222222222223,0.06756931108324261
23.95,0.06507136812952109
23.95277777777778,0.04049673896399384
23.955555555555556,0.026544237181335063
23.958333333333336,0.030832458990361734
23.961111111111112,0.0675048703393826
23.96388888888889,0.049537503043511094
23.96666666666667,0.0316432075512483
23.969444444444445,0.00710568306287674
23.97222222222222,0.012555190848454308
23.975,0.015340051802243668
23.977777777777778,0.04333212177629809
23.980555555555558,0.03177053418042432
23.983333333333334,0.08191352038945718
23.98611111111111,0.09855748397201705
23.98888888888889,0.045521897587511545
23.991666666666667,0.05181597648626121
23.994444444444447,0.023986646914400885
23.997222222222224,0.05196836199313623
24.0,0.1110133800486427
24.00277777777778,0.11010870010837483
24.005555555555556,0.11735684813341278
24.008333333333333,0.07853971070153756
24.011111111111113,0.16620382837038936
24.01388888888889,0.13297621419063138
24.01666666666667,0.15400846283925354
24.019444444444446,0.13171248091720877
24.022222222222222,0.2088200061912924
24.025000000000002,0.21153712563656232
24.02777777777778,0.17941459674174676
24.030555555555555,0.247512680685448
24.033333333333335,0.226733042029201
24.03611111111111,0.2064667162893929
24.03888888888889,0.15613292565098988
24.041666666666668,0.1873376330400706
24.044444444444444,0.16360773659546093
24.047222222222224,0.17452227571650133
24.05,0.2193823590071936
24.052777777777777,0.19392563925192657
24.055555555555557,0.17611832170976843
24.058333333333334,0.07961411862405733
24.061111111111114,0.1523652739048449
24.06388888888889,0.09399935733312141
24.066666666666666,0.09666208098108524
24.069444444444446,0.11014682260454846
24.072222222222223,0.07315726767226956
24.075,0.11276138939631196
24.07777777777778,0.07993360303274723
24.080555555555556,0.08285235669340454
24.083333333333336,0.017255311554317573
24.086111111111112,0.05414815672269796
24.08888888888889,0.06566347151539902
24.09166666666667,0.07408882653855622
24.094444444444445,0.06999243562618428
24.09722222222222,0.03685998824328396
24.1,0.04303616389324246
24.102777777777778,0.07985918895781553
24.105555555555558,0.0772843226657193
24.108333333333334,0.025039175772343825
24.11111111111111,0.11870235629008871
24.11388888888889,0.028470223143567168
24.116666666666667,0.10213890387155132
24.119444444444447,0.047505796936881346
24.122222222222224,-0.10169877361525803
24.125,-0.09465533949602663
24.12777777777778,-0.14401070030105956
24.130555555555556,-0.12484970809641703
24.133333333333333,-0.13035288470213324
24.136111111111113,-0.07162452519319205
24.13888888888889,-0.060845843366821896
24.14166666666667,0.057153510552057744
24.144444444444446,0.549763552071091
24.147222222222222,1.0593465158890802
24.150000000000002,1.3420837913712322
24.15277777777778,1.5095859430227676
24.155555555555555,1.5429037324974657
24.158333333333335,1.286949573423792
24.16111111111111,0.9809589390992748
24.16388888888889,0.5725204508040848
24.166666666666668,-0.004035732612022315
24.169444444444444,-0.06646516398303044
24.172222222222224,-0.1508307213057588
24.175,-0.19211524495799967
24.177777777777777,-0.24213534221630575
24.180555555555557,-0.2735478334004623
24.183333333333334,-0.24908641090326228
24.186111111111114,-0.18152940224927164
24.18888888888889,-0.10927736679076366
24.191666666666666,-0.07097321897252232
24.194444444444446,0.012124935220146002
24.197222222222223,0.0802843997711301
24.2,0.08809414254783578
24.20277777777778,0.0733927440680878
24.205555555555556,0.07584923038131806
24.208333333333336,0.1067961860405135
24.211111111111112,0.045625934996488114
24.21388888888889,0.05960179741452587
24.21666666666667,0.027049695547615247
24.219444444444445,0.04492973054517346
24.22222222222222,0.05333124945015189
24.225,0.018553604536045678
24.227777777777778,0.07088938084114399
24.230555555555558,0.04658482802147188
24.233333333333334,0.02472811924291122
24.23611111111111,0.09724360248489239
24.23888888888889,0.08356309345415121
24.241666666666667,0.0785074071040759
24.244444444444447,0.05697305866563453
24.247222222222224,0.1380685023090942
24.25,0.13384068607134514
24.25277777777778,0.11629251118169666
24.255555555555556,0.20003033998820374
24.258333333333333,0.1367867763640157
24.261111111111113,0.24237072504192914
24.26388888888889,0.2297415364186044
24.26666666666667,0.22452206436148842
24.269444444444446,0.19035828748660383
24.272222222222222,0.20436984423326238
24.275000000000002,0.24781276066125435
24.27777777777778,0.2931666075130162
24.280555555555555,0.2957492451141601
24.283333333333335,0.2716995606792968
24.28611111111111,0.3025120452936745
24.28888888888889,0.34633073193343267
24.291666666666668,0.29758757360353616
24.294444444444444,0.35823269374181327
24.297222222222224,0.33362777048487824
24.3,0.35408669998963177
24.302777777777777,0.3407481375778718
24.305555555555557,0.323420553877306
24.308333333333334,0.36401566557459675
24.311111111111114,0.38626931687093363
24.31388888888889,0.3346028296617729
24.316666666666666,0.3499262935460513
24.319444444444446,0.38168248527401083
24.322222222222223,0.30959849093016956
24.325,0.3018833172473304
24.32777777777778,0.2898360924126579
24.330555555555556,0.3491081687954927
24.333333333333336,0.2580841397691103
24.336111111111112,0.31416037127617885
24.33888888888889,0.2723331514864667
24.34166666666667,0.33917657768195975
24.344444444444445,0.34120745882812814
24.34722222222222,0.2920813204957891
24.35,0.2790991655842245
24.352777777777778,0.24041607149683047
24.355555555555558,0.24750854280090037
24.358333333333334,0.2569975975182328
24.36111111111111,0.22359411931315987
24.36388888888889,0.2020606735017894
24.366666666666667,0.1848284818125978
24.369444444444447,0.20773411086766486
24.372222222222224,0.1770090486019533
24.375,0.17892339732455123
24.37777777777778,0.14258985819864
24.380555555555556,0.1368358711413543
24.383333333333333,0.08241152707800833
24.386111111111113,0.1310007100158127
24.38888888888889,0.08995202797965735
24.39166666666667,0.025822706060998353
24.394444444444446,0.07729917212148633
24.397222222222222,0.037142391469948154
24.400000000000002,0.02366980202975276
24.40277777777778,0.03675039733262474
24.405555555555555,0.0785695374542117
24.408333333333335,0.10216653646825441
24.41111111111111,0.024221488546240663
24.41388888888889,0.0971485380915705
24.416666666666668,0.08038150581755175
24.419444444444444,0.040528466555419855
24.422222222222224,0.04239637521582441
24.425,0.05534426998986631
24.427777777777777,0.08154706148096566
24.430555555555557,0.0710469688434675
24.433333333333334,0.041418206124034684
24.436111111111114,0.1014663280810966
24.43888888888889,0.07162085740105663
24.441666666666666,0.04928568358385969
24.444444444444446,0.04848033030793026
24.447222222222223,0.01648952551380295
24.45,0.0113476983093471
24.45277777777778,0.0721411466967218
24.455555555555556,0.08490073919563364
24.458333333333336,0.004292257725826636
24.461111111111112,0.06672810871167412
24.46388888888889,0.05408927250665105
24.46666666666667,0.09805065518333902
24.469444444444445,0.021998766630431436
24.47222222222222,0.01752969673854337
24.475,0.03391358467318171
24.477777777777778,0.0738855030076724
24.480555555555558,0.01789177275775146
24.483333333333334,0.004519820536309553
24.48611111111111,0.021551705424352263
24.48888888888889,0.027049297775123687
24.491666666666667,0.03174026574859499
24.494444444444447,0.029661013211361317
24.497222222222224,0.07327113678982108
24.5,0.014106750637769418
24.50277777777778,0.06939125624670547
24.505555555555556,0.07336565464849044
24.508333333333333,0.08919700592074514
24.511111111111113,0.02991330826570019
24.51388888888889,0.020596028601912442
24.51666666666667,-0.0066943492615285025
24.519444444444446,0.044671857687268855
24.522222222222222,0.04218240598582458
24.525000000000002,-0.012172891337773419
24.52777777777778,0.0018204798347783435
24.530555555555555,-0.013930672291414842
24.533333333333335,0.09865240966722197
24.53611111111111,-0.003964800636839197
24.53888888888889,-0.009424916098873089
24.541666666666668,0.037384346002585854
24.544444444444444,0.057527112245251366
24.547222222222224,0.051877060281710845
24.55,-0.020910478747491038
24.552777777777777,0.001162689408493997
24.555555555555557,0.007808727736876853
24.558333333333334,0.026514226925607426
24.561111111111114,0.04108211659235824
24.56388888888889,0.05403771093817013
24.566666666666666,0.06211386420463587
24.569444444444446,0.04778388420405917
24.572222222222223,0.03045884378492223
24.575,-0.028248088416404964
24.57777777777778,-0.008763806028477747
24.580555555555556,0.06166932886592813
24.583333333333336,0.06794837617454687
24.586111111111112,0.006082646380186792
24.58888888888889,0.05061851131343822
24.59166666666667,0.026443222681495654
24.594444444444445,0.009269599921924002
24.59722222222222,0.08025974954095648
24.6,0.053710169524460574
24.602777777777778,0.03642385982723108
24.605555555555558,0.015515170872486848
24.608333333333334,-0.038459487462726184
24.61111111111111,0.03505292864334481
24.61388888888889,0.017260537524442312
24.616666666666667,-0.006550251668837985
24.619444444444447,0.06395729631946381
24.622222222222224,0.05521229300409797
24.625,0.06095806787620466
24.62777777777778,0.06368325346205567
24.630555555555556,0.04307728361202237
24.633333333333333,0.010869424162811246
24.636111111111113,-0.02969829071585533
24.63888888888889,0.10735400453445142
24.64166666666667,0.04018134213786856
24.644444444444446,0.08333455627976938
24.647222222222222,0.04084395383723681
24.650000000000002,0.04043278916889316
24.65277777777778,-0.007817483847717955
24.655555555555555,-0.009545246970183413
24.658333333333335,0.010442895565893735
24.66111111111111,0.009409068370221246
24.66388888888889,0.0235572000186225
24.666666666666668,0.01898651363593016
24.669444444444444,0.03293823895541854
24.672222222222224,-0.025790301370769292
24.675,0.03785819349215003
24.677777777777777,0.02795759944443756
24.680555555555557,0.06038322768230379
24.683333333333334,0.00682150254418528
24.686111111111114,0.05248490760412619
24.68888888888889,0.06833788477448466
24.691666666666666,0.01188756022407832
24.694444444444446,-0.004571261775458885
24.697222222222223,0.01944134003004763
24.7,0.03965342233034035
24.70277777777778,0.0033663278473294936
24.705555555555556,-0.035281579299837516
24.708333333333336,-0.0091118823676603
24.711111111111112,0.025041462231945786
24.71388888888889,0.019946453816234208
24.71666666666667,0.0807013937239418
24.719444444444445,0.03315045180376717
24.72222222222222,0.035539101599613904
24.725,0.022697475198832737
24.727777777777778,-0.03024734894315891
24.730555555555558,0.01967672846323573
24.733333333333334,0.004720249752368365
24.73611111111111,0.044102453762042096
24.73888888888889,0.055811599717037454
24.741666666666667,0.005798835797368413
24.744444444444447,0.06097642959730093
24.747222222222224,0.012716671526765966
24.75,0.017233701675332606
24.75277777777778,0.07038054130985147
24.755555555555556,0.040745203936949796
24.758333333333333,-3.137620297536184e-05
24.761111111111113,0.02656229145974913
24.76388888888889,-0.006506320737384896
24.76666666666667,0.047813857273531574
24.769444444444446,0.0386100740269199
24.772222222222222,-9.491269914753409e-05
24.775000000000002,-0.0038418553808354725
24.77777777777778,-0.022046348877066812
24.780555555555555,-0.00891846558216607
24.783333333333335,0.010457637539731985
24.78611111111111,-0.0007839636553299903
24.78888888888889,0.058547613229444205
24.791666666666668,0.050525688126720494
24.794444444444444,-0.0012517621334169893
24.797222222222224,0.03995856880733427
24.8,0.038800543456210715
24.802777777777777,0.03283749913755146
24.805555555555557,-0.020707096550601958
24.808333333333334,-0.026647961654088313
24.811111111111114,0.017283303132621913
24.81388888888889,-0.027358087871241343
24.816666666666666,0.026939108534084297
24.819444444444446,0.00667613067302651
24.822222222222223,0.023269744800235536
24.825,0.0444142906756944
24.82777777777778,-0.00888171537801168
24.830555555555556,-0.029777228032471157
24.833333333333336,-0.006192125995042357
24.836111111111112,0.017496333522255738
24.83888888888889,-0.009670781533136833
24.84166666666667,-0.01533407496156956
24.844444444444445,-0.007662920955455031
24.84722222222222,0.009564639678298997
24.85,-0.0027278217927290474
24.852777777777778,0.04057930844241287
24.855555555555558,-0.00043097449357317255
24.858333333333334,0.030182782377320375
24.86111111111111,-0.004920316164197951
24.86388888888889,0.04189254579790069
24.866666666666667,0.02814459670595825
24.869444444444447,0.0816945146859939
24.872222222222224,0.09888721281124958
24.875,0.10267221938637494
24.87777777777778,0.08475889793688225
24.880555555555556,0.09275849756725134
24.883333333333333,0.16423398081401572
24.886111111111113,0.1185744196704591
24.88888888888889,0.174926229988464
24.89166666666667,0.1345975435404954
24.894444444444446,0.11752025181690862
24.897222222222222,0.16782029460096126
24.900000000000002,0.14933853190985005
24.90277777777778,0.2176462481230191
24.905555555555555,0.12312187783482739
24.908333333333335,0.12177895014670077
24.91111111111111,0.1742989835038928
24.91388888888889,0.15539237812311327
24.916666666666668,0.15193576912373902
24.919444444444444,0.11883562406616502
24.922222222222224,0.08646767505580726
24.925,0.0967680889976391
24.927777777777777,0.05659569379807289
24.930555555555557,0.05153357083167592
24.933333333333334,0.03958516155992237
24.936111111111114,0.04717913640471098
24.93888888888889,0.03424566105785177
24.941666666666666,0.08603145837978574
24.944444444444446,-0.010616008715596838
24.947222222222223,0.0127573392738228
24.95,-0.005288282200078683
24.95277777777778,6.67327496737544e-05
24.955555555555556,0.012948105543809369
24.958333333333336,0.012567141067834174
24.961111111111112,3.2375621288118026e-05
24.96388888888889,0.043896627164591966
24.96666666666667,0.02812788152252249
24.969444444444445,0.04904944845247696
24.97222222222222,-0.021200760916982114
24.975,0.010550486777107869
24.977777777777778,0.024439084660306733
24.980555555555558,-0.02955474054895317
24.983333333333334,-0.017338261275966223
24.98611111111111,-0.13721048981575984
24.98888888888889,-0.1537071350884211
24.991666666666667,-0.20494695378434277
24.994444444444447,-0.23909811320948546
24.997222222222224,-0.20955553005846567
25.0,-0.13504164098424049
25.00277777777778,-0.031575170486021036
25.005555555555556,-0.01681658494127064
25.008333333333333,0.515759091911134
25.011111111111113,0.9801009615977256
25.01388888888889,1.3065855918772045
25.01666666666667,1.4792332057830477
25.019444444444446,1.5192510942252617
25.022222222222222,1.320992089927669
25.025000000000002,0.962252150193788
25.02777777777778,0.44095211097000225
25.030555555555555,-0.05173447369087396
25.033333333333335,-0.10847062538363123
25.03611111111111,-0.25499374182716394
25.03888888888889,-0.231490152421752
25.041666666666668,-0.2790863609264569
25.044444444444444,-0.3140534538379174
25.047222222222224,-0.30062823533608507
25.05,-0.3140122971449697
25.052777777777777,-0.2405575680476934
25.055555555555557,-0.14214182028505948
25.058333333333334,-0.012331726049557045
25.061111111111114,-0.023578869501843666
25.06388888888889,-0.024610463111227863
25.066666666666666,0.010701018363360015
25.069444444444446,0.011546627816477261
25.072222222222223,0.037273644625944666
25.075,0.022777303869467008
25.07777777777778,0.041320151526412115
25.080555555555556,0.0014775716518628974
25.083333333333336,0.045985886783453805
25.086111111111112,0.01189910793334956
25.08888888888889,0.021152935347406886
25.09166666666667,-0.04103163727041525
25.094444444444445,-0.04567690464423421
25.09722222222222,-0.04117834578045857
25.1,0.03468815632590302
25.102777777777778,0.016410189913245266
25.105555555555558,0.06911045541424277
25.108333333333334,0.07265418661405838
25.11111111111111,0.030779800619092218
25.11388888888889,0.07585938860731263
25.116666666666667,0.07791531073483934
25.119444444444447,0.11005151506679199
25.122222222222224,0.12817294009794877
25.125,0.11499993327854087
25.12777777777778,0.10451869510894482
25.130555555555556,0.2072252279368042
25.133333333333333,0.24625905481258564
25.136111111111113,0.16898284297074062
25.13888888888889,0.19549266362318216
25.14166666666667,0.26472786352417516
25.144444444444446,0.2520504796251401
25.147222222222222,0.22784382739590764
25.150000000000002,0.26457855250258877
25.15277777777778,0.26831213206807236
25.155555555555555,0.19404185263853818
25.158333333333335,0.3129150880343798
25.16111111111111,0.2588319077475926
25.16388888888889,0.2965597958474613
25.166666666666668,0.2795295182426199
25.169444444444444,0.28658238404163466
25.172222222222224,0.30470594920982325
25.175,0.2880682828857794
25.177777777777777,0.258768209268348
25.180555555555557,0.28037858060110193
25.183333333333334,0.35236673837803983
25.186111111111114,0.2929848313208949
25.18888888888889,0.25803630121211735
25.191666666666666,0.28050765603642847
25.194444444444446,0.25386796820539737
25.197222222222223,0.20355980993313882
25.2,0.19935205148694563
25.20277777777778,0.23633714135685044
25.205555555555556,0.26473820344113996
25.208333333333336,0.24790989143085518
25.211111111111112,0.2007404994503182
25.21388888888889,0.19712547741759306
25.21666666666667,0.1833614042763987
25.219444444444445,0.12854085351060657
25.22222222222222,0.1480713983211547
25.225,0.14747433902006732
25.227777777777778,0.1097713511898771
25.230555555555558,0.11863623421066574
25.233333333333334,0.11835825579365486
25.23611111111111,0.14325485685837772
25.23888888888889,0.016155691485240806
25.241666666666667,0.07783571587209347
25.244444444444447,-0.0028923081232444386
25.247222222222224,0.029904129332089198
25.25,-0.022549573953738918
25.25277777777778,-0.02106325144606828
25.255555555555556,0.03713709741830369
25.258333333333333,-0.07327582682413243
25.261111111111113,-0.0013965520702333874
25.26388888888889,0.021107278643640464
25.26666666666667,-0.031719330109136544
25.269444444444446,-0.06386485112447612
25.272222222222222,-0.044994588080172974
25.275000000000002,-0.006308877940221332
25.27777777777778,-0.08808043582614875
25.280555555555555,-0.035498527808443925
25.283333333333335,-0.037615388102820085
25.28611111111111,-0.03195872387404081
25.28888888888889,-0.007533821489572223
25.291666666666668,0.004037127296514724
25.294444444444444,-0.03513797947976828
25.297222222222224,-0.046552164218858105
25.3,0.011470243755649267
25.302777777777777,-0.024205474280132023
25.305555555555557,-0.03585056771060899
25.308333333333334,-0.02624608377567528
25.311111111111114,0.04560321475842942
25.31388888888889,-0.0519028546955321
25.316666666666666,-0.02671054267317465
25.319444444444446,-0.026315012026071914
25.322222222222223,-0.027247304685973753
25.325,-0.014986820208871652
25.32777777777778,-0.030893694398968653
25.330555555555556,-0.025433276451173412
25.333333333333336,-0.029261568940557536
25.336111111111112,-0.08449727303796638
25.33888888888889,-0.0681964058706339
25.34166666666667,-0.038090859558818205
25.344444444444445,-0.026222707709449015
25.34722222222222,-0.03666863800401098
25.35,-0.00936062779707211
25.352777777777778,0.019049860908103677
25.355555555555558,-0.027675602007885217
25.358333333333334,-0.05371847193947306
25.36111111111111,-0.0027414361331588727
25.36388888888889,-0.01240624686096994
25.366666666666667,-0.00886116789792872
25.369444444444447,-0.05376523924525638
25.372222222222224,-0.04453514629587498
25.375,-0.03879455415484685
25.37777777777778,-0.020420764087722816
25.380555555555556,-0.02529079078533789
25.383333333333333,-0.023094366985394722
25.386111111111113,-0.034602525328600336
25.38888888888889,-0.0297247184826856
25.39166666666667,-0.04727372198797594
25.394444444444446,-0.02337236931790851
25.397222222222222,-0.02398034952031628
25.400000000000002,-0.08374560304908665
25.40277777777778,-0.012623739279119108
25.405555555555555,-0.03923960430464987
25.408333333333335,-0.07471848515261047
25.41111111111111,0.0066880825837161775
25.41388888888889,-0.021097361515859267
25.416666666666668,-0.04245662438178967
25.419444444444444,-0.04116001784243272
25.422222222222224,-0.0051861628445714625
25.425,-0.022564824289086873
25.427777777777777,0.0017437368984636326
25.430555555555557,-0.04644350984944021
25.433333333333334,0.0015656176263427676
25.436111111111114,-0.021424168147556065
25.43888888888889,-0.04233367945344355
25.441666666666666,-0.06396111173938936
25.444444444444446,0.005943325840564596
25.447222222222223,-0.057144081440228686
25.45,-0.06172353502230217
25.45277777777778,-0.017209096853036097
25.455555555555556,-0.025233649109334372
25.458333333333336,0.005457602543600969
25.461111111111112,-0.03645533348630071
25.46388888888889,-0.04249727171484787
25.46666666666667,-0.0350761653020488
25.469444444444445,-0.01417799319225788
25.47222222222222,-0.0845224647568878
25.475,-0.06253011402779554
25.477777777777778,-0.04663618816486042
25.480555555555558,-0.05788441543356068
25.483333333333334,-0.03995111761536502
25.48611111111111,-0.05415727493007508
25.48888888888889,-0.07178327324986619
25.491666666666667,-0.09502135667879119
25.494444444444447,-0.08552810685687548
25.497222222222224,-0.06685169225700245
25.5,-0.05561261575181351
25.50277777777778,0.0029525977218526483
25.505555555555556,-0.04922160536872518
25.508333333333333,-0.08306263608150968
25.511111111111113,-0.05160698797804036
25.51388888888889,-0.036740981322065665
25.51666666666667,-0.029598926321899796
25.519444444444446,-0.055799091215204516
25.522222222222222,-0.03211938569958417
25.525000000000002,-0.07684251608424589
25.52777777777778,-0.06505174322687944
25.530555555555555,-0.030932429212368596
25.533333333333335,-0.014440709994743027
25.53611111111111,-0.04019045327199146
25.53888888888889,-0.057721629997391756
25.541666666666668,-0.00903481813554724
25.544444444444444,-0.08498177382995073
25.547222222222224,-0.013077753773326192
25.55,-0.02126868131861031
25.552777777777777,-0.006812818980580941
25.555555555555557,-0.07513090557232784
25.558333333333334,-0.08424333801081538
25.561111111111114,-0.03719598801925954
25.56388888888889,-0.07843083689749714
25.566666666666666,-0.04876274454393599
25.569444444444446,-0.02776752738385402
25.572222222222223,-0.043793981092428734
25.575,0.024048842926051923
25.57777777777778,-0.06364277722850378
25.580555555555556,-0.07056081651710212
25.583333333333336,-0.02484365414567761
25.586111111111112,-0.017768018534633254
25.58888888888889,-0.01829061641288488
25.59166666666667,-0.056041096342434794
25.594444444444445,-0.03895412923019699
25.59722222222222,-0.04069476637831557
25.6,-0.02993470542953057
25.602777777777778,-0.014622955496355075
25.605555555555558,-0.013725782593227598
25.608333333333334,-0.07579112682830189
25.61111111111111,-0.04440145188549647
25.61388888888889,-0.04828610564286273
25.616666666666667,-0.01804574034239915
25.619444444444447,-0.03599340849936138
25.622222222222224,-0.04821140159009343
25.625,-0.06966345854411124
25.62777777777778,-0.006671449695427066
25.630555555555556,-0.05264495861473359
25.633333333333333,-0.07877080947546508
25.636111111111113,-0.02439082586380739
25.63888888888889,-0.06998881916434634
25.64166666666667,-0.08380937769985394
25.644444444444446,-0.04342669645931052
25.647222222222222,-0.08646242767768823
25.650000000000002,-0.07394131582588967
25.65277777777778,-0.023264143186717583
25.655555555555555,-0.09259859598040832
25.658333333333335,-0.06461552954707298
25.66111111111111,-0.069633532320284
25.66388888888889,-0.07980197765924268
25.666666666666668,-0.078610850397502
25.669444444444444,-0.054616749569891224
25.672222222222224,-0.016855348939610035
25.675,-0.05025387716461913
25.677777777777777,-0.07717582295440911
25.680555555555557,0.01625351995810831
25.683333333333334,-0.040072276370284626
25.686111111111114,-0.015562607839034036
25.68888888888889,-0.029135972823172724
25.691666666666666,-0.04030944977909166
25.694444444444446,-0.04968711218453503
25.697222222222223,0.01258139605002252
25.7,-0.020330856914099076
25.70277777777778,0.02137955592940294
25.705555555555556,0.03916111567927741
25.708333333333336,0.015215600929637245
25.711111111111112,0.055996222531648855
25.71388888888889,0.047370138856515726
25.71666666666667,0.0979241558177627
25.719444444444445,0.08271603555369605
25.72222222222222,0.09775306117723627
25.725,0.08534229769427212
25.727777777777778,0.09812212509239676
25.730555555555558,0.07418387882109018
25.733333333333334,0.15119629188256803
25.73611111111111,0.05504462375494307
25.73888888888889,0.11180991704996028
25.741666666666667,0.08848325146795914
25.744444444444447,0.0882824170961381
25.747222222222224,0.06285132044273023
25.75,0.07738290758929989
25.75277777777778,0.06193939537504757
25.755555555555556,0.013041174327637203
25.758333333333333,-0.03255984114509551
25.761111111111113,0.01350250517916445
25.76388888888889,-0.009291671127109217
25.76666666666667,-0.01942679532484362
25.769444444444446,-0.010700427960934435
25.772222222222222,-0.03334388414147274
25.775000000000002,-0.08141625462110882
25.77777777777778,-0.022029192913769393
25.780555555555555,-0.06028815993244352
25.783333333333335,-0.09833818174123149
25.78611111111111,-0.033522707070117556
25.78888888888889,-0.06393049334432441
25.791666666666668,-0.039504046484041586
25.794444444444444,-0.030754158802473723
25.797222222222224,-0.07519667274577908
25.8,-0.04935900647693924
25.802777777777777,0.0190514568954604
25.805555555555557,-0.07384638505235325
25.808333333333334,-0.11082021796562938
25.811111111111114,-0.12491651574930226
25.81388888888889,-0.19041506501573024
25.816666666666666,-0.23346374876041714
25.819444444444446,-0.32916536720598655
25.822222222222223,-0.2790088314968584
25.825,-0.19962848888226337
25.82777777777778,-0.1906582626236647
25.830555555555556,-0.1514786319146961
25.833333333333336,0.038989702346915775
25.836111111111112,0.4826414797464879
25.83888888888889,0.8984426837249659
25.84166666666667,1.2138318113290505
25.844444444444445,1.4354391841139031
25.84722222222222,1.4180218468512928
25.85,1.2180357832480397
25.852777777777778,0.9407160492401245
25.855555555555558,0.3939053398859688
25.858333333333334,-0.08550120750668694
25.86111111111111,-0.1434855715627524
25.86388888888889,-0.21574416464265392
25.866666666666667,-0.3376385905349259
25.869444444444447,-0.34890434707585194
25.872222222222224,-0.3477694406189464
25.875,-0.3194033605365034
25.87777777777778,-0.27694670426930146
25.880555555555556,-0.2601124783893665
25.883333333333333,-0.15528109092443595
25.886111111111113,-0.006341133784176396
25.88888888888889,-0.04282191740347434
25.89166666666667,-0.011671862880930826
25.894444444444446,-0.05719712374942879
25.897222222222222,-0.043451243574139146
25.900000000000002,-0.06309315072898397
25.90277777777778,-0.03676129597915174
25.905555555555555,-0.03770005840672501
25.908333333333335,-0.0953011027400942
25.91111111111111,-0.046754305393453245
25.91388888888889,-0.029182369503483945
25.916666666666668,-0.04879330149257667
25.919444444444444,-0.04597975087878827
25.922222222222224,-0.09499957235446332
25.925,-0.045330768758688855
25.927777777777777,-0.010852546727036692
25.930555555555557,-0.07872232921834783
25.933333333333334,-0.01071789467907168
25.936111111111114,0.009516644475310103
25.93888888888889,0.035722181710637256
25.941666666666666,0.04150253360079872
25.944444444444446,0.005038303231251873
25.947222222222223,0.05348536085003801
25.95,0.08367241582046886
25.95277777777778,0.13787231293619828
25.955555555555556,0.12648887677437848
25.958333333333336,0.12187185440132903
25.961111111111112,0.1694269988363508
25.96388888888889,0.20848246259343034
25.96666666666667,0.1688058442549584
25.969444444444445,0.21370371016783976
25.972222222222225,0.14884908917229459
25.975,0.22174377107239396
25.977777777777778,0.15557253794982365
25.980555555555558,0.21546486862261963
25.983333333333334,0.20592000976393857
25.98611111111111,0.2813240741550161
25.98888888888889,0.26634585371002284
25.991666666666667,0.2755082590707828
25.994444444444447,0.2452602343013523
25.997222222222224,0.17116393183609463
26.0,0.2167991999696118
26.00277777777778,0.2834687055005056
26.005555555555556,0.2612691398336567
26.008333333333333,0.18129454040384702
26.011111111111113,0.2826281725762315
26.01388888888889,0.24949366059058148
26.01666666666667,0.27306470652694526
26.019444444444446,0.20669538884738103
26.022222222222222,0.32917972201386275
26.025000000000002,0.24341601825481166
26.02777777777778,0.18318636185597018
26.030555555555555,0.19940986626584067
26.033333333333335,0.21731152072611382
26.03611111111111,0.16967736350201962
26.03888888888889,0.18243591359505948
26.041666666666668,0.16004965084809067
26.044444444444444,0.17881476966198429
26.047222222222224,0.16054574917309894
26.05,0.14891957246056023
26.052777777777777,0.09926782305966363
26.055555555555557,0.1681578935422304
26.058333333333334,0.13972915971861774
26.061111111111114,0.12426665580660663
26.06388888888889,0.058494027273381904
26.066666666666666,0.08858619765539809
26.069444444444446,0.03174838922379085
26.072222222222223,0.05548497811030835
26.075,0.07731020818746791
26.07777777777778,-0.0026007940395422835
26.080555555555556,-0.005627448408398227
26.083333333333336,-0.016630651658654932
26.086111111111112,-0.06184528412975071
26.08888888888889,-0.049169344931055514
26.09166666666667,0.005909874713878278
26.094444444444445,-0.04011936954310821
26.097222222222225,0.0017235445645394712
26.1,-0.05158169503516384
26.102777777777778,-0.002248312492372992
26.105555555555558,-0.057739890055711514
26.108333333333334,-0.017907217387628013
26.11111111111111,-0.03232520207329174
26.11388888888889,-0.07269809429894995
26.116666666666667,-0.06251539726318367
26.119444444444447,-0.04890112415880962
26.122222222222224,-0.029568453214892595
26.125,-0.025282186640496827
26.12777777777778,-0.06152994794916966
26.130555555555556,-0.008112219741500386
26.133333333333333,-0.05497899744719424
26.136111111111113,-0.06650645757312516
26.13888888888889,-0.03885669211005868
26.14166666666667,-0.05563048348333639
26.144444444444446,-0.04814632433049934
26.147222222222222,-0.04211930271000304
26.150000000000002,-0.07712117737525769
26.15277777777778,-0.019478577678668046
26.155555555555555,-0.07212240148249732
26.158333333333335,-0.020896000444718576
26.16111111111111,-0.040210865609903425
26.16388888888889,-0.04404145612106766
26.166666666666668,-0.04235377321569494
26.169444444444444,-0.03601033114299887
26.172222222222224,-0.07884810690744892
26.175,-0.02402676608228886
26.177777777777777,-0.03397309717472051
26.180555555555557,-0.04749873910203702
26.183333333333334,-0.012159022831484227
26.186111111111114,-0.01612137220819505
26.18888888888889,-0.037546238164354775
26.191666666666666,-0.006010455418061958
26.194444444444446,-0.0756705412072752
26.197222222222223,-0.0011783138500244678
26.2,-0.006673738909772339
26.20277777777778,-0.05335913283926856
26.205555555555556,-0.0385468793220104
26.208333333333336,0.0051891235696435375
26.211111111111112,-0.054982981049896504
26.21388888888889,-0.07815381134264703
26.21666666666667,-0.0726905469728358
26.219444444444445,-0.01670667533782552
26.222222222222225,-0.05331941460459656
26.225,-0.003201762261278135
26.227777777777778,-0.07002283963504435
26.230555555555558,-0.007489516773549136
26.233333333333334,-0.04145621983631965
26.23611111111111,-0.04959580647065912
26.23888888888889,0.019247282294788753
26.241666666666667,-0.023147106648792833
26.244444444444447,-0.12606848099913323
26.247222222222224,-0.0502932847888201
26.25,-0.0790691511421074
26.25277777777778,-0.06800346668230835
26.255555555555556,-0.030832539307790768
26.258333333333333,-0.022596037375034753
26.261111111111113,-0.02526051792481558
26.26388888888889,-0.02325403847558366
26.26666666666667,-0.027205773187157105
26.269444444444446,-0.035903671282796
26.272222222222222,-0.03297430263578395
26.275000000000002,-0.02491871435280031
26.27777777777778,-0.006093082716284153
26.280555555555555,-0.07810737925078942
26.283333333333335,-0.02224545178056224
26.28611111111111,-0.03907320364497229
26.28888888888889,0.013966895487246646
26.291666666666668,-0.02176347285922592
26.294444444444444,-0.041866853822754936
26.297222222222224,-0.08973150983326368
26.3,-0.051869039823128245
26.302777777777777,-0.035359627960401145
26.305555555555557,0.00866976835276833
26.308333333333334,-0.05571665577525925
26.311111111111114,-0.0978829199871667
26.31388888888889,-0.04260585352069603
26.316666666666666,-0.046828379261910275
26.319444444444446,0.0069593074939991
26.322222222222223,-0.04802816031171474
26.325,-0.04864566264274499
26.32777777777778,0.03353011160678393
26.330555555555556,-0.022568423914721237
26.333333333333336,-0.03377869514047524
26.336111111111112,-0.051000854965741776
26.33888888888889,0.015063220838523152
26.34166666666667,-0.08590815391862955
26.344444444444445,-0.06564927192459745
26.347222222222225,-0.05979442408988138
26.35,-0.0373314000600619
26.352777777777778,-0.05392345770635474
26.355555555555558,-0.015377831436638612
26.358333333333334,-0.004264199580229434
26.36111111111111,-0.07990849664898081
26.36388888888889,-0.05142124335165162
26.366666666666667,-0.026016844437822154
26.369444444444447,-0.019163326984601922
26.372222222222224,0.009172882264105758
26.375,-0.05584207727785468
26.37777777777778,0.03790051725700005
26.380555555555556,0.007660353406700612
26.383333333333333,0.002278688996748379
26.386111111111113,-0.04348780215284652
26.38888888888889,-0.011791349873297658
26.39166666666667,-6.209989554853412e-05
26.394444444444446,-0.04935695018391775
26.397222222222222,-0.010665129455625548
26.400000000000002,-0.048163895633951855
26.40277777777778,-0.0222694529985115
26.405555555555555,-0.004448053032943815
26.408333333333335,-0.04462956404291936
26.41111111111111,-0.0064003572361520655
26.41388888888889,0.006552647500935177
26.416666666666668,-0.0319990106519461
26.419444444444444,0.018137036882425545
26.422222222222224,-0.06259328413809642
26.425,-0.039657230171572674
26.427777777777777,-0.0515157164470631
26.430555555555557,0.0016812149360776983
26.433333333333334,0.016119866846998197
26.436111111111114,-0.05796053376756191
26.43888888888889,-0.06761888303297006
26.441666666666666,-0.02630730015912412
26.444444444444446,-0.008791258109524218
26.447222222222223,-0.02731692230672298
26.45,-0.008181894208765906
26.45277777777778,0.00017066253643565482
26.455555555555556,0.007877498016556971
26.458333333333336,-0.06062528411022158
26.461111111111112,-0.05011212336538333
26.46388888888889,-0.015194723326800086
26.46666666666667,-0.07925342364715304
26.469444444444445,-0.06691706096203004
26.472222222222225,0.0004195999738585178
26.475,-0.025426131371172177
26.477777777777778,-0.03203368554950749
26.480555555555558,-0.012620063997629652
26.483333333333334,0.01804899787278798
26.48611111111111,-0.029874675415328872
26.48888888888889,0.025087671152383834
26.491666666666667,-0.0044427507080782285
26.494444444444447,-0.04073845474546919
26.497222222222224,-0.033355558863395585
26.5,-0.0026577726080562886
26.50277777777778,-0.002466443918859933
26.505555555555556,-0.05013738125865305
26.508333333333333,-0.019452569194420784
26.511111111111113,0.01339825852883503
26.51388888888889,0.04497035904666598
26.51666666666667,-0.04170461912389691
26.519444444444446,0.010801905293137548
26.522222222222222,-0.06447195498291422
26.525000000000002,-0.007950091816564385
26.52777777777778,0.028182097081603526
26.530555555555555,0.027390379606971604
26.533333333333335,0.07794227019786693
26.53611111111111,0.08985514545582485
26.53888888888889,0.04427285648486783
26.541666666666668,0.07010638621691793
26.544444444444444,0.11355724105899194
26.547222222222224,0.16213346372710102
26.55,0.1314418927335531
26.552777777777777,0.0907698365587137
26.555555555555557,0.1480629224366434
26.558333333333334,0.09800437529345572
26.561111111111114,0.16343196820996125
26.56388888888889,0.13576027398522522
26.566666666666666,0.13147215180741878
26.569444444444446,0.10332854204905556
26.572222222222223,0.15583533917364212
26.575,0.1510380924356392
26.57777777777778,0.09951407801794204
26.580555555555556,0.08802769492922176
26.583333333333336,0.07765806773377283
26.586111111111112,0.07506263725809972
26.58888888888889,0.05937385835190817
26.59166666666667,0.0316156546333558
26.594444444444445,0.032363142593672616
26.597222222222225,0.01157795603565761
26.6,0.015148235701561139
26.602777777777778,0.010225650274889274
26.605555555555558,-0.001703663626956775
26.608333333333334,0.022943495758559675
26.61111111111111,-0.03264539359746998
26.61388888888889,0.021834044236577362
26.616666666666667,0.0032474328808050493
26.619444444444447,-0.007264673458379437
26.622222222222224,-0.01806989913707605
26.625,-0.04712546839415455
26.62777777777778,-0.017742534260685866
26.630555555555556,0.0069777391360774455
26.633333333333333,-0.009708819412113996
26.636111111111113,0.0029960491071114956
26.63888888888889,0.0021569226084201883
26.64166666666667,-0.03698267311692546
26.644444444444446,-0.04701798393117301
26.647222222222222,-0.11235168835607949
26.650000000000002,-0.24082621989251768
26.65277777777778,-0.22273240920603266
26.655555555555555,-0.1953727078172992
26.658333333333335,-0.17801529294641377
26.66111111111111,-0.1308133261158344
26.66388888888889,-0.0685769674551046
26.666666666666668,0.035065309787283006
26.669444444444444,0.4912593732250816
26.672222222222224,0.8987017860448986
26.675,1.3058525212355985
26.677777777777777,1.510321608098348
26.680555555555557,1.526437122207279
26.683333333333334,1.2836349519917543
26.686111111111114,0.9836626397931774
26.68888888888889,0.5711734795061333
26.691666666666666,-0.008509603198376429
26.694444444444446,-0.09636034332581994
26.697222222222223,-0.18788187602367373
26.7,-0.2299301581029837
26.70277777777778,-0.2543714525580329
26.705555555555556,-0.2992586029042156
26.708333333333336,-0.24507923778885313
26.711111111111112,-0.2471350861105097
26.71388888888889,-0.17917532912062678
26.71666666666667,-0.06264460976868909
26.719444444444445,-0.007855353628281136
26.722222222222225,0.009247894991561898
26.725,-0.002189929380589431
26.727777777777778,0.005525115227831817
26.730555555555558,0.016018119684957092
26.733333333333334,-0.025164247906639695
26.73611111111111,-0.015189057040398628
26.73888888888889,0.034073112650430226
26.741666666666667,0.04417311730884607
26.744444444444447,0.023888177641831654
26.747222222222224,0.007347621814550534
26.75,-0.03244588843672999
26.75277777777778,-0.002041421565578584
26.755555555555556,0.006884398103829577
26.758333333333333,0.0074253610384281635
26.761111111111113,0.0748150701036599
26.76388888888889,0.029268326802833457
26.76666666666667,0.07187227127570409
26.769444444444446,0.05726624616499566
26.772222222222222,0.06439780496287088
26.775000000000002,0.1061472795699221
26.77777777777778,0.2021994566579824
26.780555555555555,0.14554335049298245
26.783333333333335,0.1287768884801498
26.78611111111111,0.22243824647056654
26.78888888888889,0.20295926947947887
26.791666666666668,0.1516849207895139
26.794444444444444,0.19933521329450085
26.797222222222224,0.25619776228791735
26.8,0.19968618889989098
26.802777777777777,0.2492021698875668
26.805555555555557,0.24329410911105737
26.808333333333334,0.2734523420020984
26.811111111111114,0.27060988196891567
26.81388888888889,0.26211039571018435
26.816666666666666,0.28512947491847385
26.819444444444446,0.2992428774283966
26.822222222222223,0.2937858840734386
26.825,0.3190397314411019
26.82777777777778,0.29646662103970967
26.830555555555556,0.3305718542504384
26.833333333333336,0.3406357378793155
26.836111111111112,0.298861890051221
26.83888888888889,0.2896620236288144
26.84166666666667,0.3151697506976825
26.844444444444445,0.25452428514613323
26.847222222222225,0.2863865414736211
26.85,0.30008084730765183
26.852777777777778,0.3649312710233467
26.855555555555558,0.30709839276921663
26.858333333333334,0.2875416839596399
26.86111111111111,0.29435760969477065
26.86388888888889,0.2977253450275656
26.866666666666667,0.25763600498298
26.869444444444447,0.24333401982447295
26.872222222222224,0.23860068770369025
26.875,0.23702199235332594
26.87777777777778,0.18467009047350488
26.880555555555556,0.21645905171704174
26.883333333333333,0.1920062980298965
26.886111111111113,0.17581214402403253
26.88888888888889,0.2731108027248358
26.89166666666667,0.1611487689133255
26.894444444444446,0.1620901071062844
26.897222222222222,0.18026424093927818
26.900000000000002,0.17390280015614584
26.90277777777778,0.1269602633937625
26.905555555555555,0.0977284971307385
26.908333333333335,0.13393944383935108
26.91111111111111,0.055582563374491495
26.91388888888889,0.05925736066382877
26.916666666666668,0.009517196693803898
26.919444444444444,0.045320236158895646
26.922222222222224,0.01841197546935976
26.925,0.08219537612094903
26.927777777777777,0.004841854491620352
26.930555555555557,0.01649226384357677
26.933333333333334,0.02893401067089762
26.936111111111114,0.03573876420181649
26.93888888888889,0.11605465872555305
26.941666666666666,0.02487433955221613
26.944444444444446,0.04499960497713311
26.947222222222223,0.03569442434363644
26.95,0.025931317745214368
26.95277777777778,0.07807278522509825
26.955555555555556,0.0393762236019858
26.958333333333336,0.0767174693065649
26.961111111111112,0.014034605867395656
26.96388888888889,0.032805580112663456
26.96666666666667,0.051498908439470206
26.969444444444445,0.035843247392948745
26.972222222222225,-0.01947683548322749
26.975,0.025771099010515573
26.977777777777778,-0.0009381321127737118
26.980555555555558,-0.011077387741197164
26.983333333333334,0.04324012489825647
26.98611111111111,0.03910151639519688
26.98888888888889,0.0007140489669544108
26.991666666666667,0.010622132756001962
26.994444444444447,-0.0347912639806878
26.997222222222224,0.04218532038662472
27.0,0.0010088360076430068
27.00277777777778,0.018833811170290038
27.005555555555556,-0.009833759224393585
27.008333333333333,0.041809135965784464
27.011111111111113,0.09098233464982443
27.01388888888889,0.06334270858532393
27.01666666666667,-0.0004280500540074783
27.019444444444446,0.04181239048484729
27.022222222222222,0.044787000469187016
27.025000000000002,0.013999290770898825
27.02777777777778,0.05878907425747416
27.030555555555555,0.012487450005942043
27.033333333333335,0.04593973416272533
27.03611111111111,0.046549357777155936
27.03888888888889,0.02836577908459491
27.041666666666668,0.03328767729734798
27.044444444444444,0.02018070909909235
27.047222222222224,0.05584919226976806
27.05,0.06070776356342017
27.052777777777777,-0.035483160955225586
27.055555555555557,0.0590095556625647
27.058333333333334,0.00469130596931383
27.061111111111114,0.0300298507838894
27.06388888888889,0.051124483607784016
27.066666666666666,0.014170644788682834
27.069444444444446,-0.014494782521033915
27.072222222222223,0.08087824595681922
27.075,0.030632928646752336
27.07777777777778,0.0523794270914958
27.080555555555556,0.12281277388271902
27.083333333333336,0.0659134437283264
27.086111111111112,0.025193435798397765
27.08888888888889,-0.0306336654719207
27.09166666666667,0.0016062040929592236
27.094444444444445,0.06524078585448405
27.097222222222225,0.03941057311415895
27.1,0.029534432302971137
27.102777777777778,0.03541816554094197
27.105555555555558,0.09259690043886565
27.108333333333334,0.008097530352775256
27.11111111111111,0.05179634928507584
27.11388888888889,0.05900921352775833
27.116666666666667,-0.0009067229694767684
27.119444444444447,0.040204363220139754
27.122222222222224,-0.015512462477635922
27.125,0.07620339384401054
27.12777777777778,0.009578016466397162
27.130555555555556,0.01316771789801776
27.133333333333333,0.029851752197937793
27.136111111111113,0.020454150336155857
27.13888888888889,0.04107916170663149
27.14166666666667,0.03596995872317993
27.144444444444446,0.06332550683068942
27.147222222222222,0.0117791025797923
27.150000000000002,0.04896971733299251
27.15277777777778,0.010231908381416611
27.155555555555555,0.008776427669681432
27.158333333333335,0.09698046049953035
27.16111111111111,0.046863433394975645
27.16388888888889,0.03899060303247478
27.166666666666668,0.011872448729184467
27.169444444444444,0.016258495229405763
27.172222222222224,0.05183866517029696
27.175,0.011471236017449461
27.177777777777777,0.060400482009141165
27.180555555555557,0.05895249874707818
27.183333333333334,0.05494757003957416
27.186111111111114,0.04200075497122614
27.18888888888889,0.06393908940409257
27.191666666666666,-0.034417607747187356
27.194444444444446,0.04654070176153082
27.197222222222223,0.056875123452518744
27.2,0.10770041870789898
27.20277777777778,0.009648193346350975
27.205555555555556,0.06145348860144684
27.208333333333336,0.10223756731647565
27.211111111111112,0.025737588438538867
27.21388888888889,0.02375068510901669
27.21666666666667,0.07804349378040054
27.219444444444445,0.050237258918463853
27.222222222222225,0.04965012280462787
27.225,-0.003483117114689682
27.227777777777778,0.04178119552533057
27.230555555555558,0.04638670065005338
27.233333333333334,-0.013845373511521368
27.23611111111111,0.00363829489290262
27.23888888888889,0.014428822356192788
27.241666666666667,0.06436240676558125
27.244444444444447,0.06620247564952965
27.247222222222224,0.04872306401748309
27.25,0.044972936161807614
27.25277777777778,0.06817225331607168
27.255555555555556,0.004247636318973375
27.258333333333333,0.014657643997298866
27.261111111111113,0.013031023504406665
27.26388888888889,0.06583585435178449
27.26666666666667,0.04183522035218678
27.269444444444446,0.022767555406864717
27.272222222222222,0.07207145230984188
27.275000000000002,0.011412822349262379
27.27777777777778,-0.02806205190594624
27.280555555555555,0.07162195141928283
27.283333333333335,-9.218121141110064e-05
27.28611111111111,0.03420538305155241
27.28888888888889,0.03683882014419044
27.291666666666668,0.013290295071517806
27.294444444444444,0.05215733830691573
27.297222222222224,0.025794493225481455
27.3,0.06945186823267233
27.302777777777777,0.04876132455484454
27.305555555555557,0.03406749632782109
27.308333333333334,0.07500147708232982
27.311111111111114,0.03579100029737614
27.31388888888889,0.06473403542069497
27.316666666666666,0.09142471023023704
27.319444444444446,0.02109015753335616
27.322222222222223,0.004220433289503243
27.325,0.05664099024195783
27.32777777777778,0.009385916804016417
27.330555555555556,0.04580343206628659
27.333333333333336,0.05989992753442979
27.336111111111112,0.029833816512297797
27.33888888888889,0.0598757377835714
27.34166666666667,0.07515738292584853
27.344444444444445,0.01366576055672123
27.347222222222225,0.09748623865847364
27.35,0.09775653157863332
27.352777777777778,0.10093637311826956
27.355555555555558,0.05752922651612665
27.358333333333334,0.18083450339545754
27.36111111111111,0.10860283901346784
27.36388888888889,0.14680056133277417
27.366666666666667,0.13546610504624884
27.369444444444447,0.23807382528515209
27.372222222222224,0.135286935678262
27.375,0.16893524474611252
27.37777777777778,0.1654090331499726
27.380555555555556,0.20503761473725562
27.383333333333333,0.25975887130351477
27.386111111111113,0.1911314127970638
27.38888888888889,0.15568235129052288
27.39166666666667,0.16929912346169915
27.394444444444446,0.20176321528974925
27.397222222222222,0.22072889608807555
27.400000000000002,0.19101976272891516
27.40277777777778,0.17625433937599208
27.405555555555555,0.18213306582900904
27.408333333333335,0.14410600001221555
27.41111111111111,0.09979251249437612
27.41388888888889,0.1538984395531122
27.416666666666668,0.11731518713997005
27.419444444444444,0.11096481328148641
27.422222222222224,0.12556841637073746
27.425,0.07701221827730603
27.427777777777777,0.03390075834193951
27.430555555555557,0.047852820983740926
27.433333333333334,0.06320751140902886
27.436111111111114,0.10558664199118428
27.43888888888889,0.03958970469105373
27.441666666666666,0.028447872965640487
27.444444444444446,0.02717424126200856
27.447222222222223,0.03829408718832153
27.45,0.08872177763787302
27.45277777777778,0.0673518874960255
27.455555555555556,0.05982623611566011
27.458333333333336,0.1314368399739706
27.461111111111112,0.05874239566453164
27.46388888888889,0.03267267561034667
27.46666666666667,-0.015080986795476257
27.469444444444445,-0.10626369339470737
27.472222222222225,-0.08136315479358444
27.475,-0.18060454420069905
27.477777777777778,-0.1740832573776091
27.480555555555558,-0.1647807204711675
27.483333333333334,-0.050139504556762735
27.48611111111111,-0.005431735087096245
27.48888888888889,0.05978710343726763
27.491666666666667,0.5315728741785899
27.494444444444447,1.0434625431926412
27.497222222222224,1.336916413989275
27.5,1.5159860384150856
27.50277777777778,1.502704055984794
27.505555555555556,1.3671660485039707
27.508333333333333,1.0513413628903743
27.511111111111113,0.5566402296680686
27.51388888888889,0.058380676055459185
27.51666666666667,-0.08514999878228931
27.519444444444446,-0.13313600392936506
27.522222222222222,-0.20727533383753657
27.525000000000002,-0.23186270005005147
27.52777777777778,-0.214039093314194
27.530555555555555,-0.19972030582530986
27.533333333333335,-0.23584065998657577
27.53611111111111,-0.14878242163741098
27.53888888888889,-0.06054535848685551
27.541666666666668,0.03618923681089667
27.544444444444444,0.07265089392204467
27.547222222222224,0.031459854738063876
27.55,-0.001773384539929583
27.552777777777777,0.06560795313225032
27.555555555555557,0.051841784910544766
27.558333333333334,0.09673299028579985
27.561111111111114,0.04131439389263813
27.56388888888889,0.046008515235183234
27.566666666666666,0.07531214306857005
27.569444444444446,0.07281749225037562
27.572222222222223,0.041470423039087184
27.575,0.03738168385671322
27.57777777777778,0.049274246956259024
27.580555555555556,0.036932906492255835
27.583333333333336,0.025988181216473304
27.586111111111112,0.06360216666105123
27.58888888888889,0.10723439770434767
27.59166666666667,0.11327094130991777
27.594444444444445,0.10738629671209271
27.597222222222225,0.1087336298604204
27.6,0.20896270928250657
27.602777777777778,0.1530514917196381
27.605555555555558,0.1529144880492301
27.608333333333334,0.2545582601708954
27.61111111111111,0.222864493017176
27.61388888888889,0.2544060634514999
27.616666666666667,0.2520966690139684
27.619444444444447,0.2518774063716711
27.622222222222224,0.2965419625220154
27.625,0.3155367753848512
27.62777777777778,0.25680703211170586
27.630555555555556,0.2689997440438377
27.633333333333333,0.2868683522108634
27.636111111111113,0.3482748319921178
27.63888888888889,0.3563485558281353
27.64166666666667,0.3401425599604707
27.644444444444446,0.3496285729196828
27.647222222222222,0.32944778591219165
27.650000000000002,0.34723017431336917
27.65277777777778,0.3729586153003331
27.655555555555555,0.339112142615483
27.658333333333335,0.29862113264692
27.66111111111111,0.3390243011095361
27.66388888888889,0.3353762669360411
27.666666666666668,0.35135373692370675
27.669444444444444,0.36773114351034064
27.672222222222224,0.313161020835143
27.675,0.3324548699379361
27.677777777777777,0.30351522309345513
27.680555555555557,0.3395889613916478
27.683333333333334,0.34966520815244534
27.686111111111114,0.2968666127815878
27.68888888888889,0.30565400840176704
27.691666666666666,0.274252490032481
27.694444444444446,0.2123204197711513
27.697222222222223,0.27424155281076656
27.7,0.2845833767177141
27.70277777777778,0.24096722281349298
27.705555555555556,0.23265262783732596
27.708333333333336,0.26409568582761905
27.711111111111112,0.22814619245516918
27.71388888888889,0.22956974305658487
27.71666666666667,0.19989998608871204
27.719444444444445,0.15724780316575634
27.722222222222225,0.17848341019678904
27.725,0.1266921845758907
27.727777777777778,0.13552150408764868
27.730555555555558,0.13722446601621704
27.733333333333334,0.042053043472464746
27.73611111111111,0.08753044679652372
27.73888888888889,0.12571434620979777
27.741666666666667,0.02901074870824477
27.744444444444447,0.07308078559417906
27.747222222222224,0.02664222702744602
27.75,0.07320584328917715
27.75277777777778,0.081766201914723
27.755555555555556,0.02915464918201275
27.758333333333333,0.06175709693971455
27.761111111111113,0.07373856723202406
27.76388888888889,0.06108598089731563
27.76666666666667,0.022918401357439777
27.769444444444446,0.0058794996012763515
27.772222222222222,0.033286096383401964
27.775000000000002,0.06194098514199255
27.77777777777778,0.05307423237465852
27.780555555555555,0.09524103467312071
27.783333333333335,0.03981252283088042
27.78611111111111,0.0494383825919615
27.78888888888889,0.04301840324443063
27.791666666666668,0.07393380290806195
27.794444444444444,0.019967732123133585
27.797222222222224,0.09141634335125742
27.8,0.04960762967524259
27.802777777777777,0.0364515220543787
27.805555555555557,0.07602050992853604
27.808333333333334,0.030417605175008938
27.811111111111114,0.01654487204027804
27.81388888888889,0.06412651207793364
27.816666666666666,0.089777533484485
27.819444444444446,0.03216174345685694
27.822222222222223,0.06139510268801818
27.825,0.022078459166560947
27.82777777777778,0.018910078787665582
27.830555555555556,0.07652291997442923
27.833333333333336,0.03632082536060521
27.836111111111112,0.06824486460971314
27.83888888888889,0.029449830687281374
27.84166666666667,0.02124770842133846
27.844444444444445,0.039407101382090554
27.847222222222225,0.02883741304727986
27.85,0.04349067687969926
27.852777777777778,0.027695646044658677
27.855555555555558,0.032318830699520816
27.858333333333334,0.10879758180077823
27.86111111111111,0.05400288413931709
27.86388888888889,0.03173873290565478
27.866666666666667,0.014494522801103617
27.869444444444447,0.033626538545613455
27.872222222222224,0.040861962570598494
27.875,-0.003932132364480909
27.87777777777778,0.04729640204344352
27.880555555555556,0.06684570232171956
27.883333333333333,0.09454487612493293
27.886111111111113,0.031848530069758005
27.88888888888889,0.038009570885856
27.89166666666667,0.03517757901706705
27.894444444444446,0.02252968352208591
27.897222222222222,0.0042278215888163564
27.900000000000002,0.05785725231706314
27.90277777777778,0.06927036538269032
27.905555555555555,0.053616166912127616
27.908333333333335,0.027102937463710668
27.91111111111111,0.03450048203669519
27.91388888888889,0.04074281352993804
27.916666666666668,0.048314663936984435
27.919444444444444,0.010296144719713025
27.922222222222224,0.06946531067401981
27.925,0.018000894445056446
27.927777777777777,0.03880106441831674
27.930555555555557,0.004730384286970566
27.933333333333334,0.028101994403293418
27.936111111111114,0.08437594684894678
27.93888888888889,0.03901585256373633
27.941666666666666,0.0009817009040242672
27.944444444444446,0.05679591594627251
27.947222222222223,0.0709981205424538
27.950000000000003,0.03395221989638146
27.95277777777778,0.05653415511769003
27.955555555555556,0.06609086504805367
27.958333333333336,0.0334391015321383
27.961111111111112,0.023291881825678186
27.96388888888889,0.07901894052887129
27.96666666666667,0.03484795842485881
27.969444444444445,0.018067049855172587
27.972222222222225,0.0127601099733127
27.975,0.06719757700671725
27.977777777777778,0.005279998814005354
27.980555555555558,-0.01211399168581356
27.983333333333334,0.05241885403903039
27.98611111111111,-0.0350929533600323
27.98888888888889,0.048095680394651466
27.991666666666667,0.03758944649447077
27.994444444444447,0.045985539397806224
27.997222222222224,0.038827244225777345
28.0,0.06366709486265215
28.00277777777778,0.0360071731846592
28.005555555555556,-0.014332088091335477
28.008333333333333,0.04558364959438835
28.011111111111113,0.00373910139612885
28.01388888888889,0.02927168783953786
28.01666666666667,0.050751694026412025
28.019444444444446,-0.004079457370504216
28.022222222222222,0.019918160786435338
28.025000000000002,0.013647754898398675
28.02777777777778,0.012215602499664758
28.030555555555555,0.02307600234390308
28.033333333333335,0.04267567308850754
28.03611111111111,0.04429624233102093
28.03888888888889,0.012965106446052282
28.041666666666668,0.03134811363311067
28.044444444444444,0.008804176293004264
28.047222222222224,0.019846761548334015
28.05,0.005390465385795344
28.052777777777777,0.04974883364803219
28.055555555555557,0.0026335597865127756
28.058333333333334,0.0655939950289869
28.061111111111114,-0.005673548208169555
28.06388888888889,0.016952601840620224
28.066666666666666,0.021616102765552044
28.069444444444446,0.0254254962358901
28.072222222222223,0.03930533897093192
28.075000000000003,0.056590224246876694
28.07777777777778,0.05484581378903422
28.080555555555556,0.03283346850222716
28.083333333333336,-0.0024598097976762656
28.086111111111112,0.0490831943341488
28.08888888888889,-0.013321839392687225
28.09166666666667,0.015975286227183402
28.094444444444445,0.01297720666212243
28.097222222222225,0.020320187445146166
28.1,0.037826071657479754
28.102777777777778,0.022408415325849654
28.105555555555558,0.055857298507111186
28.108333333333334,-0.010588245529425052
28.11111111111111,-0.04185254995201332
28.11388888888889,0.04179505747535289
28.116666666666667,0.035396929677454746
28.119444444444447,0.029634031206575817
28.122222222222224,0.023995182072682652
28.125,0.029768371949120867
28.12777777777778,-0.0021638492585179317
28.130555555555556,0.038486561586098186
28.133333333333333,0.01739134475443247
28.136111111111113,0.020186453003826016
28.13888888888889,-0.009070266221356687
28.14166666666667,0.05806674265184958
28.144444444444446,0.010167708569141747
28.147222222222222,0.03743023123541944
28.150000000000002,0.0396134240057127
28.15277777777778,0.02655660994298656
28.155555555555555,0.017781786403421616
28.158333333333335,0.01569802136631429
28.16111111111111,0.0036131865992055107
28.16388888888889,-0.015525910598520234
28.166666666666668,0.05166160289804479
28.169444444444444,-0.01547138865925272
28.172222222222224,0.014068419297336522
28.175,-0.029712303180086014
28.177777777777777,0.024585028662616124
28.180555555555557,0.011739726083533098
28.183333333333334,-0.006551296462721337
28.186111111111114,0.05668758818046596
28.18888888888889,0.01958270633525017
28.191666666666666,0.044676532016688864
28.194444444444446,0.045309397834415524
28.197222222222223,-0.02346084193826511
28.200000000000003,0.058574471506659634
28.20277777777778,0.007164245876674628
28.205555555555556,0.10618098884862118
28.208333333333336,0.05710061849681148
28.211111111111112,0.0686536684661431
28.21388888888889,0.027427849164711776
28.21666666666667,0.1006314828114725
28.219444444444445,0.11799906986848842
28.222222222222225,0.10789258360259163
28.225,0.13532580164053132
28.227777777777778,0.11307126760202851
28.230555555555558,0.16644706985394567
28.233333333333334,0.1522604054878278
28.23611111111111,0.1326494452446562
28.23888888888889,0.16639177991682333
28.241666666666667,0.1328858782344345
28.244444444444447,0.15110587454357682
28.247222222222224,0.12593159199683207
28.25,0.1980528237493829
28.25277777777778,0.176608317469388
28.255555555555556,0.15963130132439368
28.258333333333333,0.11054025302062698
28.261111111111113,0.08700568800879586
28.26388888888889,0.03845568731339737
28.26666666666667,0.0697375454390381
28.269444444444446,0.06610184827774708
28.272222222222222,0.023513579528906328
28.275000000000002,0.05122589901790571
28.27777777777778,-0.014476584241228972
28.280555555555555,5.7020217822287625e-05
28.283333333333335,0.026356974255266976
28.28611111111111,0.0028066495949055697
28.28888888888889,0.025436490881197014
28.291666666666668,-0.0461523612021424
28.294444444444444,-0.03629519157131586
28.297222222222224,-0.0016562968330359655
28.3,0.036825118499236545
28.302777777777777,-0.0019603514396206462
28.305555555555557,0.009198345586492782
28.308333333333334,0.008939506124183417
28.311111111111114,0.019959963197419415
28.31388888888889,0.06448178873590191
28.316666666666666,0.014597580949528607
28.319444444444446,-0.060036046318905904
28.322222222222223,-0.09642783115952674
28.325000000000003,-0.19142526800541923
28.32777777777778,-0.157051582246132
28.330555555555556,-0.2557275756865308
28.333333333333336,-0.13960514903105153
28.336111111111112,-0.15754497323163053
28.33888888888889,-0.07453282234896666
28.34166666666667,0.005620777190683123
28.344444444444445,0.47088550150719266
28.347222222222225,0.9748370609324488
28.35,1.3051021978872577
28.352777777777778,1.506258190772856
28.355555555555558,1.4294238398631456
28.358333333333334,1.235600407070893
28.36111111111111,1.007758899886183
28.36388888888889,0.5719601121353333
28.366666666666667,-0.04046877373787039
28.369444444444447,-0.11414893073236063
28.372222222222224,-0.15509354614354784
28.375,-0.2778310097843422
28.37777777777778,-0.32175816075067126
28.380555555555556,-0.26965039285790826
28.383333333333333,-0.2954997279602175
28.386111111111113,-0.2416223338575271
28.38888888888889,-0.16282784374995435
28.39166666666667,-0.11850373223531316
28.394444444444446,0.019754343221585514
28.397222222222222,-0.07000356948251996
28.400000000000002,-0.0024024312290722213
28.40277777777778,-0.008471769984957158
28.405555555555555,0.024674865968803486
28.408333333333335,-0.04772181151797289
28.41111111111111,-0.029569883023628972
28.41388888888889,-0.0952351750779622
28.416666666666668,-0.04766653626511752
28.419444444444444,-0.006370869756503575
28.422222222222224,0.016400407633770896
28.425,-0.017321953505133006
28.427777777777777,-0.021769987777833143
28.430555555555557,0.03532939812003312
28.433333333333334,-0.012334111411113648
28.436111111111114,-0.02526875572503687
28.43888888888889,0.0468038873439236
28.441666666666666,0.07900206528922293
28.444444444444446,0.015570545931053233
28.447222222222223,0.10128068800441456
28.450000000000003,0.08102040016500248
28.45277777777778,0.13707216809959188
28.455555555555556,0.12189964837205547
28.458333333333336,0.14302659647491733
28.461111111111112,0.170447434075573
28.46388888888889,0.10629331938685638
28.46666666666667,0.18896313129693112
28.469444444444445,0.17679403271561359
28.472222222222225,0.18755842080929308
28.475,0.17378159125606668
28.477777777777778,0.24928571618958045
28.480555555555558,0.22831260155817204
28.483333333333334,0.242028311396582
28.48611111111111,0.21531205989624358
28.48888888888889,0.28403998569951905
28.491666666666667,0.26716739850436594
28.494444444444447,0.2699400195097341
28.497222222222224,0.26376514088621067
28.5,0.2664679146372571
28.50277777777778,0.2702047510872087
28.505555555555556,0.31782167230417757
28.508333333333333,0.3072575182397649
28.511111111111113,0.3261026696931593
28.51388888888889,0.2944221906133682
28.51666666666667,0.29151538257152787
28.519444444444446,0.27665382078872885
28.522222222222222,0.23558942896612883
28.525000000000002,0.2524424692136997
28.52777777777778,0.2708377258217733
28.530555555555555,0.2592137918421375
28.533333333333335,0.2531723911518104
28.53611111111111,0.2770689501229751
28.53888888888889,0.24004936412704336
28.541666666666668,0.19088127255779497
28.544444444444444,0.2230604985179587
28.547222222222224,0.19472779040359223
28.55,0.19137367122331633
28.552777777777777,0.11655983449786544
28.555555555555557,0.1460241351569878
28.558333333333334,0.12006841836303285
28.561111111111114,0.1582706479714905
28.56388888888889,0.09549159595221121
28.566666666666666,0.09507608889761468
28.569444444444446,0.1474983827757729
28.572222222222223,0.07926939940471303
28.575000000000003,0.09206622148465822
28.57777777777778,0.061935522275200945
28.580555555555556,0.0916575784613077
28.583333333333336,0.06793934405270047
28.586111111111112,0.07082072762820746
28.58888888888889,-0.04343091266090577
28.59166666666667,-0.040108756853126516
28.594444444444445,-2.486454083690942e-05
28.597222222222225,-0.0439441026504884
28.6,-0.046780294049034485
28.602777777777778,0.04497429521139998
28.605555555555558,-0.03239146045168615
28.608333333333334,-0.054761656140333285
28.61111111111111,-0.05313618883150485
28.61388888888889,-0.0042604862926641125
28.616666666666667,-0.04138373770845051
28.619444444444447,-0.07292835538688003
28.622222222222224,0.04243340535487078
28.625,-0.03780708127435724
28.62777777777778,0.03427726247264971
28.630555555555556,-0.007921091662772644
28.633333333333333,-0.027353169111783426
28.636111111111113,-0.05287765224082275
28.63888888888889,-0.08252774023000436
28.64166666666667,-0.06452866164365603
28.644444444444446,0.0277300669758192
28.647222222222222,0.007943984591811948
28.650000000000002,-0.004582440622533639
28.65277777777778,-0.036316341359967044
28.655555555555555,-0.031123341777926673
28.658333333333335,-0.01379020198836417
28.66111111111111,-0.0024692941135892113
28.66388888888889,-0.053940951351743816
28.666666666666668,-0.01384058290283429
28.669444444444444,-0.051675911944019146
28.672222222222224,-0.0160503780891365
28.675,-0.025120193594447098
28.677777777777777,-0.039460848788216873
28.680555555555557,0.007797313539313767
28.683333333333334,-0.013341986510452177
28.686111111111114,-0.08866248351393695
28.68888888888889,0.006363099938497374
28.691666666666666,-0.048443980187198296
28.694444444444446,-0.0534016630410305
28.697222222222223,-0.05681929222403387
28.700000000000003,-0.046010566120895616
28.70277777777778,-0.03219693397160433
28.705555555555556,-0.05443382363748347
28.708333333333336,0.002524631308298962
28.711111111111112,-0.12051417571620887
28.71388888888889,-0.058984822932294775
28.71666666666667,0.013317189506282634
28.719444444444445,-0.003694286043273258
28.722222222222225,-0.07902410754682573
28.725,-0.04248093429288028
28.727777777777778,-0.04829258515947453
28.730555555555558,0.003474013950028061
28.733333333333334,-0.022190619758737803
28.73611111111111,0.004233508751931653
28.73888888888889,-0.04330631633034965
28.741666666666667,-0.07382130875477114
28.744444444444447,-0.0018119814985560825
28.747222222222224,-0.08927462943380117
28.75,-0.02607388802970178
28.75277777777778,-0.049113981020134055
28.755555555555556,0.005380083177970868
28.758333333333333,-0.08609285164682692
28.761111111111113,-0.03187912150626413
28.76388888888889,-0.016854971259339428
28.76666666666667,-0.030432340396313918
28.769444444444446,-0.008961071694775693
28.772222222222222,-0.06334976972997709
28.775000000000002,-0.08215442185466695
28.77777777777778,-0.03214750330409009
28.780555555555555,-0.01692409184715688
28.783333333333335,-0.07638254250584847
28.78611111111111,-0.05197040871895908
28.78888888888889,-0.01585679700446307
28.791666666666668,-0.03015116108731527
28.794444444444444,-0.049062364754608914
28.797222222222224,-0.08187765566413585
28.8,-0.021474634140330334
28.802777777777777,-0.013665441841672593
28.805555555555557,-0.031014967939692144
28.808333333333334,-0.05785895523362637
28.811111111111114,-0.019931054795767345
28.81388888888889,-0.03493688568418495
28.816666666666666,-0.08395251304334894
28.819444444444446,-0.0011470968466343115
28.822222222222223,-0.044049038710626674
28.825000000000003,-0.02217120103984529
28.82777777777778,-0.01469053727915659
28.830555555555556,-0.013998913210505882
28.833333333333336,-0.0973810311308404
28.836111111111112,0.00598195986124677
28.83888888888889,-0.00773186453413513
28.84166666666667,-0.057417165886730806
28.844444444444445,-0.050335825568707145
28.847222222222225,-0.011235977432935931
28.85,-0.06452902039281386
28.852777777777778,-0.054167055495566184
28.855555555555558,-0.06630843431316646
28.858333333333334,0.01932683255001455
28.86111111111111,-0.09000727474475174
28.86388888888889,-0.05635337268021952
28.866666666666667,0.044505700568174496
28.869444444444447,-0.03239726228119516
28.872222222222224,-0.03952955595010579
28.875,-0.10317612827268505
28.87777777777778,-0.031378014581216696
28.880555555555556,-0.06509229270532857
28.883333333333333,-0.033815634206677464
28.886111111111113,-0.028553565242996126
28.88888888888889,-0.03097471219017535
28.89166666666667,-0.06325501433059959
28.894444444444446,-0.08031478917284028
28.897222222222222,-0.07376768302435573
28.900000000000002,-0.003049287851636523
28.90277777777778,-0.0353640117898821
28.905555555555555,-0.038499146734375544
28.908333333333335,-0.048459342756126
28.91111111111111,-0.07924503512893946
28.91388888888889,-0.02462017220411032
28.916666666666668,-0.08058008304942202
28.919444444444444,-0.08172881444335009
28.922222222222224,-0.06843424428908844
28.925,-0.027049720605577164
28.927777777777777,-0.010632893705514151
28.930555555555557,-0.05465078050891528
28.933333333333334,-0.037656120794927514
28.936111111111114,-0.06868697565836089
28.93888888888889,-0.044877670147627995
28.941666666666666,0.02030594805306639
28.944444444444446,-0.09879404607759526
28.947222222222223,-0.057731882969266415
28.950000000000003,-0.03502649079003595
28.95277777777778,-0.05315381388368006
28.955555555555556,-0.015960188402788223
28.958333333333336,-0.04878594466931095
28.961111111111112,-0.10703490444663219
28.96388888888889,-0.05059761774382164
28.96666666666667,-0.023703912772117294
28.969444444444445,-0.0924184175803601
28.972222222222225,-0.02693010848420786
28.975,-0.03452536686099576
28.977777777777778,0.021210960291497397
28.980555555555558,-0.05838940756281433
28.983333333333334,-0.0103005201252713
28.98611111111111,-0.07828239146709637
28.98888888888889,-0.05775789700894347
28.991666666666667,-0.08627844657602055
28.994444444444447,-0.045602451100128095
28.997222222222224,-0.03356235571296738
29.0,-0.039445936606013296
29.00277777777778,-0.09708138363963095
29.005555555555556,-0.0348219746623384
29.008333333333333,-0.08697079135679618
29.011111111111113,-0.0824418997941137
29.01388888888889,-0.020690427703043412
29.01666666666667,-0.024572297344382033
29.019444444444446,-0.047219641578617605
29.022222222222222,-0.04318396259153337
29.025000000000002,-0.01708841891711517
29.02777777777778,-0.011834175418507124
29.030555555555555,0.011423849756982702
29.033333333333335,0.011240767495680688
29.03611111111111,-0.005958507019936707
29.03888888888889,0.0295138328134211
29.041666666666668,0.04309261643401935
29.044444444444444,-0.0005214381470198884
29.047222222222224,0.1188595565317821
29.05,0.11999052632591753
29.052777777777777,0.03830758563800984
29.055555555555557,0.08227841501158159
29.058333333333334,0.06858462575687405
29.061111111111114,0.12146362790571809
29.06388888888889,0.10535741623085991
29.066666666666666,0.06502601815698106
29.069444444444446,0.11653709995460619
29.072222222222223,0.11386986482755042
29.075000000000003,0.09437202880766438
29.07777777777778,0.09302229670699623
29.080555555555556,0.0734085483999644
29.083333333333336,0.08473851239796501
29.086111111111112,0.04025879300118147
29.08888888888889,-0.03225965819920371
29.09166666666667,0.07189541480973918
29.094444444444445,-0.003478284174314155
29.097222222222225,-0.013918064312425898
29.1,-0.030440862577871035
29.102777777777778,-0.049379325182038546
29.105555555555558,-0.0840723772055584
29.108333333333334,-0.05550922856467744
29.11111111111111,-0.06469514959481065
29.11388888888889,-0.06488232542089134
29.116666666666667,-0.019549769194071094
29.119444444444447,-0.07014807536507932
29.122222222222224,-0.02260339796237227
29.125,-0.03486772262506715
29.12777777777778,-0.03358070341088475
29.130555555555556,-0.02396275943583384
29.133333333333333,-0.09308176443180045
29.136111111111113,-0.07432579289889593
29.13888888888889,0.0029044815962581266
29.14166666666667,-0.10494985363558099
29.144444444444446,-0.033918850638439316
29.147222222222222,-0.06093649550186422
29.150000000000002,-0.15409457906678706
29.15277777777778,-0.23870120772720346
29.155555555555555,-0.24632433223034397
29.158333333333335,-0.2517104984732727
29.16111111111111,-0.18803367700492674
29.16388888888889,-0.2070535709522251
29.166666666666668,-0.07812151015701141
29.169444444444444,-0.021087197321340456
29.172222222222224,0.5314746788094737
29.175,0.9589994562247238
29.177777777777777,1.2971838563021736
29.180555555555557,1.420732073465583
29.183333333333334,1.405162082639713
29.186111111111114,1.203286619477412
29.18888888888889,0.8976461157676716
29.191666666666666,0.4244347162294484
29.194444444444446,-0.048234068077776436
29.197222222222223,-0.08923687570822514
29.200000000000003,-0.22419947407634663
29.20277777777778,-0.2865276741140743
29.205555555555556,-0.35755754429292036
29.208333333333336,-0.4130945764788
29.211111111111112,-0.3540785229717296
29.21388888888889,-0.29361608926142924
29.21666666666667,-0.21259930986783643
29.219444444444445,-0.1623794025739286
29.222222222222225,-0.06309461099575135
29.225,-0.026961329124255324
29.227777777777778,-0.012494428505087675
29.230555555555558,-0.06392154173435625
29.233333333333334,-0.0025447489312140706
29.23611111111111,-0.06531713906999283
29.23888888888889,-0.05845145244253156
29.241666666666667,-0.08240411729168946
29.244444444444447,-0.03231938023925866
29.247222222222224,-0.0722825726616206
29.25,-0.09215068525228695
29.25277777777778,-0.04823700861402078
29.255555555555556,-0.02299982243238941
29.258333333333333,-0.024223011391005616
29.261111111111113,-0.007501812286243262
29.26388888888889,-0.05967982829646352
29.26666666666667,-0.00804977229141191
29.269444444444446,-0.038372274007765356
29.272222222222222,0.025931353076979392
29.275000000000002,0.03857712417407249
29.27777777777778,0.005699447444283419
29.280555555555555,0.06829593595360464
29.283333333333335,0.0892118060191865
29.28611111111111,0.07954992005345041
29.28888888888889,0.053369943382221695
29.291666666666668,0.14627928667505066
29.294444444444444,0.12461785348805351
29.297222222222224,0.18206610305707882
29.3,0.11899660756137335
29.302777777777777,0.12742642492185757
29.305555555555557,0.1945586012882195
29.308333333333334,0.15341680835051216
29.311111111111114,0.22280886936020539
29.31388888888889,0.2761329069601562
29.316666666666666,0.24172840031691414
29.319444444444446,0.24728999044515493
29.322222222222223,0.22852448862910624
29.325000000000003,0.207645200965865
29.32777777777778,0.2288281424706104
29.330555555555556,0.22286881760008553
29.333333333333336,0.2835214862781756
29.336111111111112,0.23038025712109245
29.33888888888889,0.3113569612058046
29.34166666666667,0.2903541679090754
29.344444444444445,0.2282044807060671
29.347222222222225,0.27843624127407757
29.35,0.3401734481482036
29.352777777777778,0.24881642912260346
29.355555555555558,0.22475199914085625
29.358333333333334,0.20156418083143626
29.36111111111111,0.18269513042795538
29.36388888888889,0.19553010595316694
29.366666666666667,0.232089452711114
29.369444444444447,0.2308497691706473
29.372222222222224,0.20897020218739884
29.375,0.19996235033281487
29.37777777777778,0.18706903391368304
29.380555555555556,0.16571650915309913
29.383333333333333,0.14043189327083716
29.386111111111113,0.16251337640264898
29.38888888888889,0.11532071264243113
29.39166666666667,0.11734772023531877
29.394444444444446,0.12748788733496547
29.397222222222222,0.08157789699099291
29.400000000000002,0.0873168586777039
29.40277777777778,0.032511371851857304
29.405555555555555,0.04431581256279464
29.408333333333335,0.06403794011434966
29.41111111111111,-0.021886346875445002
29.41388888888889,0.01815378960052965
29.416666666666668,0.002976038794697624
29.419444444444444,-0.0188939932416845
29.422222222222224,-0.035199928086017095
29.425,-0.046770441270896135
29.427777777777777,-0.07041781957168358
29.430555555555557,-0.031186520217899562
29.433333333333334,-0.047573807336867766
29.436111111111114,-0.030142042737390497
29.43888888888889,-0.05396549215104968
29.441666666666666,-0.05845019289074654
29.444444444444446,-0.058709927588563304
29.447222222222223,-0.032376702233713216
29.450000000000003,-0.042583704310826025
29.45277777777778,-0.04802402683417001
29.455555555555556,-0.0668900154816011
29.458333333333336,-0.10202463142738685
29.461111111111112,-0.04267692764283459
29.46388888888889,-0.049942886708872654
29.46666666666667,0.006050147728541212
29.469444444444445,-0.05913160174331256
29.472222222222225,-0.007879175067852934
29.475,-0.021717648336980356
29.477777777777778,-0.04200950851471347
29.480555555555558,-0.046245618200699876
29.483333333333334,-0.05527566250837284
29.48611111111111,-0.009437672610639929
29.48888888888889,-0.09398552000106347
29.491666666666667,-0.08015496870330116
29.494444444444447,0.005395704720673286
29.497222222222224,-0.050949097083060224
29.5,-0.07391962998119869
29.50277777777778,-0.06386992572298272
29.505555555555556,-0.07702486211908927
29.508333333333333,-0.03299259079843722
29.511111111111113,-0.07851798911443217
29.51388888888889,-0.02955962150744825
29.51666666666667,-0.06431022734131184
29.519444444444446,-0.01095138977976122
29.522222222222222,-0.06486898735669229
29.525000000000002,0.0011293911757725497
29.52777777777778,-0.029494428825860376
29.530555555555555,-0.0007562575233466748
29.533333333333335,-0.04833184111567581
29.53611111111111,-0.04419969422023808
29.53888888888889,-0.018903853969765273
29.541666666666668,-0.045323786067873024
29.544444444444444,-0.047565527714415336
29.547222222222224,-0.017342179573790556
29.55,-0.023550723956922856
29.552777777777777,-0.02469046856355233
29.555555555555557,-0.024988723887010407
29.558333333333334,-0.03771812235652206
29.561111111111114,-0.04138076665635985
29.56388888888889,-0.04605806615764332
29.566666666666666,-0.00933596136628502
29.569444444444446,-0.05180608171580221
29.572222222222223,-0.0659739229268514
29.575000000000003,-0.07507798353008029
29.57777777777778,-0.05236061135305699
29.580555555555556,-0.049393512179606414
29.583333333333336,-0.0244468430013809
29.586111111111112,-0.05843532732552903
29.58888888888889,-0.07951438786293596
29.59166666666667,-0.03693118063685093
29.594444444444445,-0.02195943126825243
29.597222222222225,-0.08377318527885357
29.6,-0.06390473566707086
29.602777777777778,-0.08316141461324014
29.605555555555558,-0.0116732660984394
29.608333333333334,-0.019943838259839097
29.61111111111111,0.014421692769558778
29.61388888888889,0.007567302131234022
29.616666666666667,-0.002992048125417493
29.619444444444447,-0.012083189063228274
29.622222222222224,-0.058290794952064476
29.625,-0.03273288453758534
29.62777777777778,-0.02265634246503248
29.630555555555556,-0.07763168666632446
29.633333333333333,-0.07114104199515747
29.636111111111113,-0.04561328691067176
29.63888888888889,-0.07474949066907471
29.64166666666667,-0.006092533746103069
29.644444444444446,0.016710704753612214
29.647222222222222,-0.030960061738925976
29.650000000000002,0.02717232277804407
29.65277777777778,-0.06355465488549036
29.655555555555555,-0.04392480648306357
29.658333333333335,-0.008109869656408433
29.66111111111111,-0.017157306755231173
29.66388888888889,-0.04922088761805474
29.666666666666668,-0.0030817609496967165
29.669444444444444,-0.05642395135903332
29.672222222222224,-0.027910420055693143
29.675,0.009425645874543743
29.677777777777777,0.009401179304486688
29.680555555555557,-0.04878032678743624
29.683333333333334,-0.025575825061306273
29.686111111111114,-0.02294912611371036
29.68888888888889,-0.04722753796519262
29.691666666666666,-0.08681713226325691
29.694444444444446,-0.03173968060125814
29.697222222222223,-0.03608514967400251
29.700000000000003,-0.029455726815097494
29.70277777777778,-0.061371893418143836
29.705555555555556,-0.018460637045525266
29.708333333333336,-0.06437571242442933
29.711111111111112,-0.05504749631287717
29.71388888888889,-0.0250653124207375
29.71666666666667,-0.03331641504660258
29.719444444444445,0.05728237665149209
29.722222222222225,-0.02493539197016302
29.725,-0.0036315301688546117
29.727777777777778,-0.03290752090909877
29.730555555555558,-0.02106028983197691
29.733333333333334,0.03201318567692818
29.73611111111111,-0.03809050004085335
29.73888888888889,0.009198211345360956
29.741666666666667,0.01717188787502148
29.744444444444447,-0.03834371206873352
29.747222222222224,-0.01130774622943072
29.75,-0.047520338871607046
29.75277777777778,0.005017599510219253
29.755555555555556,0.0028151721680003614
29.758333333333333,-0.06788200003191995
29.761111111111113,-0.01477492053224589
29.76388888888889,-0.02729551724900793
29.76666666666667,0.02649607674572913
29.769444444444446,-0.07017040856712818
29.772222222222222,-0.060321014266315795
29.775000000000002,-0.0022495467218521595
29.77777777777778,-0.04567540031376684
29.780555555555555,-0.038901198748113576
29.783333333333335,-0.04354097468594917
29.78611111111111,-0.0016922448585710397
29.78888888888889,-0.002325710068551635
29.791666666666668,-0.03301760837111366
29.794444444444444,-0.011417227603351527
29.797222222222224,-0.020948918976376095
29.8,-0.05761815218290953
29.802777777777777,-0.040779598675896984
29.805555555555557,-0.04405845991176194
29.808333333333334,-0.08932461882057775
29.811111111111114,-0.006724689009706306
29.81388888888889,-0.002149854843612407
29.816666666666666,-0.06843061254383045
29.819444444444446,0.02731603048437614
29.822222222222223,0.035204963046685106
29.825000000000003,-0.04820033361011321
29.82777777777778,0.04630815388199086
29.830555555555556,-0.045802683198507194
29.833333333333336,-0.04076695293076722
29.836111111111112,-0.02565904614121033
29.83888888888889,-0.024571900029079257
29.84166666666667,-0.008789617235568776
29.844444444444445,0.012257665051985122
29.847222222222225,-0.05803584298753611
29.85,-0.004560379582598688
29.852777777777778,-0.02064406990976247
29.855555555555558,0.0017651384167021913
29.858333333333334,-0.05818091641037858
29.86111111111111,-0.026359294646691574
29.86388888888889,-0.017354160392796743
29.866666666666667,-0.003963248145258908
29.869444444444447,0.007158248632998063
29.872222222222224,-0.01767158491602815
29.875,-0.0409180321794789
29.87777777777778,0.053199038403408165
29.880555555555556,-0.04822743423246287
29.883333333333333,0.009311594079413395
29.886111111111113,-0.004581001064803161
29.88888888888889,0.02866198929546431
29.89166666666667,-0.016312761301646102
29.894444444444446,0.006429791907622075
29.897222222222222,0.03824710322106926
29.900000000000002,0.050643312616937365
29.90277777777778,-0.01666012605275066
29.905555555555555,-0.005525443303082988
29.908333333333335,-0.02745694533992441
29.91111111111111,0.04497309332103626
29.91388888888889,-0.05788476724234155
29.916666666666668,-0.022548675508922693
29.919444444444444,-0.0013565620370757803
29.922222222222224,-0.010257897722936104
29.925,-0.02506848854429351
29.927777777777777,-0.03509332195471376
29.930555555555557,0.014335727670915286
29.933333333333334,0.018140397529512842
29.936111111111114,-0.016474731132776275
29.93888888888889,-0.05345798008995907
29.941666666666666,0.031790074672719236
29.944444444444446,-0.005432976937630336
29.947222222222223,0.020984653635221538
29.950000000000003,0.007858461362129499
29.95277777777778,0.01723373211416907
29.955555555555556,0.005879323215125771
29.958333333333336,0.02060956816302699
29.961111111111112,0.003668187687187463
29.96388888888889,0.015845504530745486
29.96666666666667,-0.0283940947497136
29.969444444444445,-0.004621881774334175
29.972222222222225,0.01960530892733741
29.975,0.045256817167047776
29.977777777777778,-0.001133849041840575
29.980555555555558,-0.008955564818335055
29.983333333333334,0.009110902363610117
29.98611111111111,-0.003190510025154393
29.98888888888889,0.011332875657696136
29.991666666666667,0.010126490153496674
29.994444444444447,-0.024690095487265733
29.997222222222224,-0.04601718533057313
